,cluster_id,curvature,x,y,z,average_potential
0,1,-14.09,14.575641104294478,-0.6277423312883437,-13.71194171779141,-14.63598128834356
1,2,14.09,8.761525641025642,2.4730470085470087,-16.78696866096866,-19.799365527065525
2,3,4.54,7.822799031476997,5.00502421307506,-7.721089588377723,-22.801185714285715
3,4,11.88,-0.749257053291536,4.9528432601880885,-9.517047021943572,-22.405391222570533
4,5,12.84,-4.424418867924528,-2.2106037735849053,-8.23145283018868,-33.65263283018868
5,6,16.86,10.920573795180722,-1.9549804216867472,1.4837605421686746,-28.123947138554218
6,7,15.0,10.90513076923077,-9.017551282051283,-2.9990743589743594,-21.90092230769231
7,8,-17.61,2.9754280575539567,-3.837744604316547,-9.439244604316547,-40.72143345323742
8,9,16.52,7.653017467248909,-7.958772925764193,-9.37655676855895,-21.074444323144103
9,10,17.37,3.320076056338028,4.858819718309859,21.322194366197184,-8.999658591549297
10,11,17.46,8.131706319702603,-0.20563197026022303,8.77007434944238,-28.50008959107807
11,12,16.82,5.302507751937984,6.832197674418604,11.444786821705426,-16.010058139534884
12,13,16.52,4.4338409703504045,0.3038382749326146,14.864283018867923,-19.97574177897574
13,14,16.32,-5.506398773006135,8.351494887525561,7.0096380368098155,-22.612178118609407
14,15,13.59,-2.1718521594684383,0.9250498338870432,11.965475083056479,-33.947211295681065
15,16,16.59,-9.240390763765541,-8.42854351687389,9.551436944937834,-21.036358969804617
16,17,20.45,-12.11655601659751,-3.6255850622406642,13.464136929460581,-19.0885244813278
17,18,19.21,-10.76064880952381,1.702,9.271529761904763,-26.17216130952381
18,19,17.67,-14.011107221006563,2.3564923413566743,-4.813013129102844,-25.99400021881838
19,20,-14.07,-13.60259922928709,-3.63388246628131,2.4976184971098263,-29.406260308285162
20,21,16.3,-18.16435,-5.804542857142857,-4.662635714285714,-14.96747392857143
21,22,19.67,-10.733509661835749,-5.929065217391304,-6.055432367149758,-25.342801932367156
22,23,13.76,-1.3262619469026549,-9.221226548672567,-4.647023008849557,-28.363461592920356
23,24,22.01,-6.2910270270270265,-10.646194594594595,1.2993567567567565,-26.0323227027027
24,25,-2.47,0.8664264705882354,-8.140144117647058,4.599182352941177,-32.15775970588235
25,26,-3.38,-7.604095890410959,5.891152968036529,-1.552849315068493,-34.853422146118724
26,27,11.23,4.030501362397821,10.213128065395095,-2.7983869209809265,-21.46251498637602
27,28,-1.49,2.482445147679325,9.615400843881856,4.2480928270042195,-21.576726793248945
