,cluster_id,curvature,x,y,z,average_potential
0,1,-10.48,28.651076623376632,11.84871038961039,-16.152020779220777,-7.171309220779221
1,2,14.44,28.502340050377835,5.378783375314861,-19.434360201511335,-8.344007304785894
2,3,-15.49,25.55645161290322,5.756930521091812,-13.45920347394541,-9.360855334987592
3,4,11.86,9.662599001663892,3.6765391014975046,-18.014377703826955,-12.478315806988354
4,5,18.7,13.01780350877193,-2.103831578947368,-21.113417543859647,-7.92825894736842
5,6,16.21,8.508402352941177,-4.124724705882352,-16.210741176470588,-13.010773176470588
6,7,15.53,18.44142389525368,3.3846661211129296,-15.530078559738135,-14.536726841243862
7,8,-11.48,15.66653021978022,0.7885274725274724,-9.217758241758242,-11.208888736263736
8,9,12.71,7.169328715365239,-1.3053299748110834,-8.07395717884131,-12.411274181360202
9,10,16.56,6.404842105263158,-3.3416905901116425,-0.7143572567783095,-12.180840350877194
10,11,11.1,-0.5140631163708088,-1.960895463510848,-0.4789566074950691,-11.565077712031558
11,12,12.97,1.882044921875,-4.043818359375,6.349283203124999,-10.536322265625
12,13,11.52,-6.378090128755365,-1.521390557939914,5.935729613733905,-11.872236051502146
13,14,15.86,-0.5441007751937985,-0.36150129198966413,12.140364341085272,-9.900847028423772
14,15,16.39,-6.982488888888889,-8.401793333333336,8.90152,-9.834921777777778
15,16,13.0,-9.522167213114754,1.4529540983606555,13.753144262295084,-14.40428360655738
16,17,16.81,-7.226992248062016,-4.178062015503875,16.143067183462534,-12.431770542635658
17,18,13.82,-15.961923913043478,-3.0178333333333334,9.399634057971014,-9.854016666666666
18,19,10.75,-14.862470414201182,3.72725,11.788171597633134,-12.598197041420118
19,20,-11.42,-17.62311160714286,11.33975744047619,3.991953869047619,-13.015800744047619
20,21,16.07,-23.032347438752787,6.372178173719377,7.173574610244989,-12.450550334075723
21,22,10.55,-20.185216599190284,12.011153846153846,11.095504048582995,-10.417972672064776
