,cluster_id,curvature,x,y,z,average_potential
0,1,12.16,-11.418409467455621,-1.0412343195266274,9.687291124260355,-14.395385325443787
1,2,-10.93,-11.252372693726937,1.5447453874538746,16.994564575645757,-16.506157933579335
2,3,16.28,-14.681102702702704,-5.915277477477478,15.313772972972973,-14.97835171171171
3,4,19.39,-3.5549541984732826,-2.934564885496183,25.236763358778624,-6.233855343511451
4,5,11.33,-8.157145238095238,-0.6216142857142857,21.172690476190475,-16.633293095238095
5,6,15.41,-12.449827830188681,-6.3637971698113205,24.529367924528305,-15.932762028301887
6,7,10.96,-18.228636363636365,-2.2117662337662334,26.000853896103898,-8.53533198051948
7,8,15.69,8.560154046997388,2.715159268929504,-15.662360313315926,-9.134194255874675
8,9,12.66,10.848387784090908,2.457708806818182,-8.484539772727272,-12.529379971590908
9,10,-17.81,20.687438016528922,2.7926391184573003,-9.45539393939394,-14.348537190082645
10,11,11.03,20.109326153846155,-1.8427184615384613,-13.544053846153847,-8.804455384615384
11,12,19.91,14.671857142857144,0.6669540816326531,-18.77583163265306,-9.397537244897958
12,13,14.03,19.058319424460432,8.108322302158273,-14.92117985611511,-8.823064316546763
13,14,14.85,-7.357448717948718,-5.171630769230769,3.689141025641026,-16.550939743589744
14,15,20.33,-2.154897196261682,-0.6682679127725858,6.705953271028037,-13.10653862928349
15,16,19.99,-8.79202005730659,1.826816618911175,0.8938911174785101,-14.371184813753581
16,17,18.56,0.6512526315789473,0.6622030075187971,0.2847308270676691,-11.431307518796991
17,18,19.13,4.113331932773109,5.646571428571429,-3.1372436974789917,-10.453551260504202
18,19,19.42,4.161119266055047,0.08847094801223242,-9.44356880733945,-11.768019266055045
19,20,13.46,-1.1335740318906606,1.159608200455581,-6.977792710706151,-9.313857175398633
