,cluster_id,curvature,x,y,z,average_potential
0,1,18.61,-14.320715302491102,-8.425209964412812,23.701594306049824,-6.550129537366548
1,2,13.44,-23.187799325463747,-5.607273187183811,24.03049072512648,-7.3669006745362555
2,3,14.08,-6.262883858267717,-1.7398700787401575,22.10561811023622,-10.037589960629921
3,4,16.37,-6.577713286713286,1.285920745920746,10.11629836829837,-13.743199533799535
4,5,10.68,-12.908265848670757,-2.3330184049079756,7.691300613496933,-13.551486503067485
5,6,10.65,-14.448667022411955,-0.05655496264674489,18.97559551760939,-17.71898100320171
6,7,21.68,-14.00436,-7.219432727272728,14.577218181818184,-15.256394181818184
7,8,8.87,-17.27124666666667,-1.5807900000000004,10.927223333333332,-16.800970666666668
8,9,-11.81,20.037348178137652,-8.0358987854251,-9.356653846153845,-12.827615789473684
9,10,11.07,25.291325916230367,-2.0880562827225133,-8.986727748691099,-8.531557329842933
10,11,15.72,21.61924105011933,0.6830930787589499,-15.635143198090692,-10.665338186157518
11,12,9.68,14.928397239263802,-3.545645705521473,-13.584661042944786,-9.725187576687116
12,13,20.69,-1.3307650727650726,-2.440261954261954,3.8945862785862784,-13.216245738045737
13,14,21.22,4.111308333333333,-4.3238166666666675,1.1907916666666667,-9.7151925
14,15,12.77,-2.7374837209302325,-1.2531162790697674,-3.8343534883720927,-11.58221534883721
15,16,23.13,-7.1963006329113925,2.2494683544303795,-0.1017436708860758,-12.860470569620253
16,17,18.56,-8.123309477756287,-4.712379110251451,4.362181818181817,-18.59745473887814
17,18,-0.85,8.427065573770491,-5.922422131147541,-9.619512295081968,-9.074858606557378
18,19,13.6,11.38783191850594,-0.8928081494057726,-7.905385398981326,-11.219755517826824
19,20,19.12,7.6850598290598295,0.4679772079772079,-2.557740740740741,-12.179049287749288
20,21,13.63,1.8879630350194552,-1.4651108949416343,-6.206536964980544,-9.559099027237355
