,cluster_id,curvature,x,y,z,average_potential
0,1,15.54,19.618680297397766,5.129078066914498,-16.584765799256505,-8.134550185873605
1,2,14.2,21.69216430020284,-6.262565922920892,-8.17934279918864,-7.348539959432049
2,3,11.17,16.580688679245284,-6.210191823899372,-13.345827044025157,-11.650763207547168
3,4,18.2,20.773592405063294,-1.1251291139240507,-14.463235443037975,-11.492525316455698
4,5,15.94,0.8202134453781513,0.15169075630252105,-8.603670588235293,-10.226833613445379
5,6,9.78,6.741522435897436,-0.7992083333333334,-6.3853333333333335,-12.875964102564103
6,7,-7.46,13.463855932203389,1.3930197740112993,-8.709477401129943,-12.127909322033899
7,8,12.92,11.61270202020202,-0.9805227272727274,-17.77741414141414,-9.396927525252524
8,9,-12.74,7.890679060665362,-1.085637964774951,-12.726675146771038,-11.142830332681019
9,10,17.2,-5.09852463768116,-5.718220289855073,23.31445797101449,-8.58119072463768
10,11,-9.25,-10.47673076923077,-1.4840892307692308,19.195984615384614,-14.11687523076923
11,12,20.42,-14.535223826714802,-9.264685920577616,13.881628158844766,-14.527767870036103
12,13,-18.21,-17.96767701863354,-3.0850031055900624,14.056692546583848,-16.154185403726707
13,14,15.46,-13.96656216216216,-8.19684054054054,22.149894594594592,-15.218004324324326
14,15,16.5,-20.092980198019806,-3.202465346534653,24.290340594059405,-8.240784554455445
15,16,17.31,-8.71205024311183,-6.12619773095624,4.372760129659644,-17.307785899513778
16,17,15.29,-6.831217090069284,0.0992378752886836,9.724745958429562,-14.067987528868361
17,18,14.37,-13.979892787524365,-2.5654307992202727,8.105961013645224,-14.25474522417154
18,19,19.51,-7.221887850467289,1.7431682242990654,0.3233808411214954,-14.242014719626168
19,20,12.13,2.985672371638142,-0.28448166259168706,-0.6442347188264058,-10.401771149144256
20,21,22.24,-0.8050702479338843,-3.067045454545454,4.971111570247934,-11.257528512396695
21,22,19.24,-3.7715379939209726,-2.372243161094225,-3.49880547112462,-13.404804863221885
