,cluster_id,curvature,x,y,z,average_potential
0,1,13.56,21.88452619047619,-6.672085714285714,-6.558311904761904,-6.231046428571428
1,2,16.9,15.959575757575758,3.4178484848484842,-2.6074965034965034,-7.264877855477855
2,3,16.66,8.878704845814978,-0.06028193832599118,-2.4951277533039646,-12.572548898678413
3,4,14.68,14.853848896434638,-3.782889643463498,-4.659266553480475,-11.608334465195245
4,5,20.99,-8.904198275862068,12.571254310344827,2.6836293103448274,-7.103393534482759
5,6,15.2,-5.380671875,15.577453125000002,8.3633515625,-8.762481640625
6,7,13.82,-7.476661733615223,12.120949260042282,14.321133192389006,-13.477658139534885
7,8,16.06,-10.15418947368421,3.0682368421052626,16.846776315789473,-11.450858684210525
8,9,14.98,-12.637749999999999,8.739852272727273,23.36473011363636,-5.248077556818181
9,10,-12.45,-6.747997481108312,9.324944584382871,20.80578589420655,-10.004019143576825
10,11,16.81,4.3706352583586625,1.1841246200607902,4.025881458966565,-11.454870516717325
11,12,15.87,10.147589403973509,-3.6636185430463577,4.700298013245034,-15.254594569536424
12,13,13.31,-4.609632432432432,2.923997297297298,9.687313513513514,-11.940118378378378
13,14,14.5,-4.228789373814042,2.817650853889943,16.147745730550287,-14.021747058823527
14,15,19.56,8.435917293233084,-6.81516917293233,14.137187969924813,-10.939128947368422
15,16,15.82,5.315472906403941,-0.8819852216748769,11.910583743842365,-16.23516477832512
16,17,20.25,-1.2195543710021322,-5.309805970149253,15.532980810234541,-17.085714925373136
17,18,15.73,-0.38001648351648354,-7.42565934065934,7.509012820512821,-16.688571245421247
