,cluster_id,curvature,x,y,z,average_potential
0,1,14.34,4.870256345177664,-3.3379213197969544,-10.489591370558376,-24.2214576142132
1,2,13.47,11.4345,3.6788984962406013,-5.2591127819548875,-18.0955984962406
2,3,14.7,8.024830484330483,4.763079772079772,-13.279742165242164,-17.19712435897436
3,4,-0.77,1.6565384615384615,-6.950453846153846,4.477099999999999,-25.671096923076924
4,5,-15.03,-2.7896190476190474,-11.492636591478696,4.155298245614035,-19.56554887218045
5,6,9.25,-4.962623595505618,-4.023769662921349,8.857146067415732,-17.48097808988764
6,7,9.75,-5.563026229508196,1.7908459016393445,4.608406557377049,-18.184760655737705
7,8,-3.16,-9.218959514170043,-8.302676113360324,0.07851821862348181,-22.579483400809718
8,9,16.98,-12.335320683111954,-3.3273472485768494,-0.2934022770398483,-13.897070588235295
9,10,16.52,8.264056947608202,-11.020972665148065,-5.164457858769931,-18.890592482915714
10,11,13.96,12.01507490636704,-4.530374531835206,-1.838368913857678,-18.571652059925096
11,12,17.19,3.087870370370371,-1.5229444444444444,0.2319867724867725,-34.54606904761905
12,13,-2.35,-5.748830508474574,2.8171355932203395,-2.6529491525423725,-22.761502542372877
13,14,9.36,0.9003863636363636,4.62005,-6.300515909090909,-20.529261363636362
14,15,16.4,-1.4774925373134327,-12.611063018242122,-5.445643449419569,-15.996631509121062
15,16,6.72,-5.559386934673365,-3.3529773869346737,-8.919236180904523,-15.629586180904523
16,17,12.69,-20.385077044025156,14.978022012578618,6.782344339622641,-6.072238050314465
17,18,15.21,-10.388314946619218,13.350802491103202,7.01714768683274,-8.930255516014233
18,19,-12.88,6.7436520681265195,-5.7531119221411195,17.69396107055961,-7.42813406326034
19,20,17.25,4.707096837944665,-3.094442687747036,11.440005928853754,-13.905651383399208
20,21,20.71,2.855067988668555,9.374407932011332,11.835634560906513,-13.747679320113315
21,22,15.49,-3.83366866267465,10.359714570858285,8.15442115768463,-16.558115768463075
22,23,16.89,1.1957629629629636,3.743049382716049,17.456385185185187,-11.768174814814817
23,24,13.19,-0.3732419006479483,4.32754211663067,11.06410151187905,-19.724590712742977
