,cluster_id,curvature,x,y,z,average_potential
0,1,14.7,15.746474926253686,-5.800238938053097,1.9602094395280234,-22.730111209439528
1,2,-9.39,11.627152482269503,-1.5210248226950354,5.596060283687943,-30.017657801418444
2,3,17.18,1.2299350282485875,-13.987347457627118,4.290435028248587,-21.18475847457627
3,4,19.64,8.750531722054381,-10.590909365558913,3.5401117824773416,-25.515941087613292
4,5,13.92,4.95715306122449,-10.577657142857142,-5.166473469387755,-29.44752244897959
5,6,17.42,5.8313079096045195,-3.047556497175141,9.090403954802259,-28.267314689265536
6,7,-3.82,-0.8958102564102564,-2.6360102564102568,11.267184615384613,-24.800321538461542
7,8,17.31,-3.802328488372093,3.355299418604651,11.779293604651162,-19.950823255813955
8,9,13.45,-0.8357238095238095,8.617061904761904,-6.710414285714285,-21.09021
9,10,18.33,-8.201477321814254,4.821930885529158,0.28328293736501087,-25.454634989200866
10,11,27.43,-4.761829896907217,11.102242268041238,-1.5070824742268039,-15.310290721649485
11,12,-14.31,-2.8857262357414446,8.179752851711028,5.240372623574144,-24.281506463878326
12,13,-13.2,8.490321942446045,-3.105251798561151,-5.868978417266187,-61.402751978417264
13,14,15.34,1.6865439330543937,1.1717008368200839,-11.417225941422595,-17.98360962343096
14,15,14.42,-3.734737569060773,-3.1508259668508294,-10.11463812154696,-18.194617127071822
15,16,12.88,-5.493870786516854,-9.581373595505617,7.800477528089887,-21.32029775280899
16,17,11.84,-9.904833819241981,-2.4078338192419824,6.1370145772594755,-20.857492711370266
17,18,14.09,-8.267330409356727,-4.915921052631578,-4.545204678362573,-23.947690935672515
18,19,22.23,-3.6708005390835576,-13.664687331536388,-2.5530727762803234,-19.619514555256064
19,20,13.79,-8.65135531135531,-9.60830402930403,2.0375824175824175,-29.268531868131866
20,21,10.92,22.15278023850085,1.540526405451448,-9.618117546848381,-9.08291737649063
21,22,16.05,15.39836018957346,-3.8686279620853083,-6.705303317535545,-21.564709004739335
22,23,14.63,19.114416195856872,-0.4627909604519774,-0.719225988700565,-18.296479849340866
23,24,-17.73,14.508248251748252,4.865349650349651,-2.7897132867132868,-20.273229370629377
24,25,-2.36,8.315658192090396,8.094536723163841,-4.7660988700564975,-28.17807853107345
25,26,19.4,4.725597110754413,15.084057784911716,0.12843659711075445,-17.342931139646872
26,27,15.56,14.633279869067104,9.163854337152209,5.084716857610475,-21.25840016366612
27,28,17.64,4.867897360703812,8.226549853372433,7.963554252199414,-28.734807917888567
