,cluster_id,curvature,x,y,z,average_potential
0,1,13.98,-18.540576237623764,-1.0974970297029703,8.055075247524753,-7.75917603960396
1,2,-14.5,-14.602657777777777,6.205908888888889,7.019839999999999,-11.329105777777778
2,3,12.89,-8.974871848739497,4.985134453781512,2.0463781512605044,-20.492271218487396
3,4,19.75,-1.0907208333333334,-10.793820833333333,-1.5169458333333334,-14.330027083333334
4,5,12.94,-4.776289634146342,-7.036359756097561,3.1793216463414637,-23.777259146341464
5,6,16.01,1.0601959247648902,4.1347366771159875,4.804365203761756,-15.304573354231977
6,7,29.98,-6.9373006993007,-1.4024265734265735,7.367293706293705,-13.488458741258741
7,8,18.08,-4.442519658119658,6.703682051282051,9.833294017094019,-8.97965982905983
8,9,13.33,6.8921749539594845,-0.37436095764272564,-0.8625322283609577,-16.990476611418046
9,10,-14.15,6.155887892376681,-7.742780269058296,-5.094112107623319,-20.16883901345291
10,11,10.85,2.1223126338329763,-7.959019271948608,-11.077531049250537,-14.559741970021411
11,12,13.78,3.606295499021527,0.9553581213307238,-11.183207436399217,-19.312245596868884
12,13,16.69,11.107133079847909,-3.079532319391635,-8.13268060836502,-13.515137452471484
13,14,-12.29,-12.43504746835443,-0.575246835443038,-0.4045696202531645,-22.684945569620254
14,15,24.6,-2.7965089686098654,2.2818004484304932,-3.466921524663677,-34.71794730941704
15,16,18.34,-11.283217391304348,6.3491947069943295,-6.679814744801512,-19.270399810964083
16,17,17.89,-13.397557471264367,-9.777083333333334,-6.47476724137931,-14.295393390804598
17,18,15.84,-7.469163021868788,-9.97740954274354,-10.155504970178926,-17.193209145129224
18,19,-10.3,-5.958363184079602,-0.8395945273631841,-10.486186567164179,-31.439787313432834
19,20,15.45,-13.92266489361702,-1.680632978723404,-12.2305625,-12.60513444148936
