,cluster_id,curvature,x,y,z,average_potential
0,1,-3.89,4.252276595744681,-6.164744680851065,9.824920212765958,-24.87691223404255
1,2,18.05,2.2666827133479215,-1.5844660831509847,13.499827133479213,-16.098040262582057
2,3,9.01,3.7914377682403444,-10.048437768240344,5.059944206008584,-18.40186094420601
3,4,4.15,-3.2050105263157893,-7.476626315789473,9.267263157894737,-19.118791578947366
4,5,23.25,-7.976263005780347,-9.077208092485549,3.5690317919075145,-22.117321098265897
5,6,-15.92,1.8837320261437909,4.4441862745098035,9.380356209150328,-31.022028758169935
6,7,16.58,-4.348681640624999,7.81766015625,10.6626953125,-20.589613281250003
7,8,15.32,-8.194287878787879,1.6891022727272726,13.181378787878788,-14.57932159090909
8,9,14.26,-10.116708737864078,-2.8808317152103555,7.865961165048545,-22.83683656957929
9,10,-20.56,-0.9908724489795917,8.575698979591838,3.865408163265306,-24.264523469387754
10,11,15.99,-9.89002485659656,5.31034034416826,3.1475162523900573,-24.18537571701721
11,12,21.73,10.376572881355932,-4.307410169491525,3.8649694915254234,-20.523710169491526
12,13,18.46,6.437361058601134,3.583196597353497,3.817812854442344,-39.081716068052934
13,14,17.86,13.956521628498729,1.943933842239186,-0.6904223918575062,-16.991779389312978
14,15,18.62,12.181540069686411,-3.9902195121951225,-5.367560975609756,-20.698118118466898
15,16,-3.58,7.565714285714285,-3.6700606060606056,-11.5285670995671,-19.265096103896102
16,17,14.83,8.716060728744939,3.876919028340081,-10.223111336032387,-17.263344939271253
17,18,16.53,5.259493827160494,-8.952748971193415,-5.57327366255144,-28.286100823045267
18,19,7.88,-1.951531335149864,-10.707032697547685,-2.307534059945504,-17.259153678474114
19,20,12.67,-9.06976124567474,4.4304307958477525,-6.926449826989619,-18.81956678200692
20,21,11.24,-10.027023936170213,-3.5439547872340427,-3.389587765957447,-18.468001063829785
21,22,24.66,-6.062248226950353,-2.4481914893617023,-9.271531914893618,-19.70368368794326
22,23,15.05,-0.791573566084788,-3.625703241895262,-10.737763092269326,-23.447762842892764
23,24,18.49,0.7524170616113743,7.553592417061611,-11.610327014218008,-19.045341943127962
24,25,7.62,0.035239130434782606,8.361615942028985,-4.460119565217391,-24.0246597826087
