,cluster_id,curvature,x,y,z,average_potential
0,1,14.47,3.600755263157894,-0.08970131578947368,-18.97981052631579,-13.102566052631579
1,2,13.75,-2.5751250000000003,-1.4174573170731708,-13.69973475609756,-13.046180487804877
2,3,15.57,0.7793711340206184,7.566879725085911,-13.920072164948454,-16.45006116838488
3,4,10.26,4.904486187845303,-2.052068139963168,-8.789797421731123,-12.720045488029466
4,5,25.28,0.45669531250000006,12.887253906249999,-7.1614101562500005,-12.839012499999999
5,6,16.77,7.488407407407407,7.705648148148149,-8.723962962962963,-14.189641435185186
6,7,15.93,-4.397713936430318,-1.0368141809290954,-5.304977995110024,-19.058209535452324
7,8,22.25,4.312652542372882,5.197618644067796,-1.2769322033898303,-13.16947966101695
8,9,6.81,-4.234271794871795,5.637579487179487,-7.348907692307693,-20.53473692307692
9,10,-13.14,-17.374576419213973,-7.274109170305676,2.2131375545851526,-8.48361615720524
10,11,13.27,-19.58665853658537,-5.125995565410198,7.8799623059866954,-11.189196230598668
11,12,12.93,-13.241963039014374,-1.320328542094456,5.6897125256673515,-14.581325872689938
12,13,17.95,-12.770266910420476,-4.2572760511883,13.530266910420476,-9.790645155393054
13,14,14.36,-7.3668648111332,-1.3423041749502984,9.646512922465208,-19.33394850894632
14,15,13.54,-9.312830213903744,16.1996243315508,8.333239304812833,-11.069048262032085
15,16,18.36,-0.8749979166666667,1.6237916666666667,1.9529104166666664,-19.996937499999998
16,17,22.84,-7.685388185654009,1.2915569620253164,2.157970464135021,-21.036053164556957
17,18,20.12,-7.183737003058104,5.586042813455658,9.5181498470948,-14.998894189602446
18,19,-0.63,-0.016441964285714254,6.580584821428571,8.157120535714286,-14.305265625
19,20,13.85,-3.5232217741935483,12.203991935483872,8.211120967741936,-19.546693951612905
20,21,-0.5,-8.547118942731277,11.51357268722467,1.3183303964757709,-15.694709251101322
21,22,16.73,-2.3556795302013422,11.842942953020135,-0.9726275167785235,-21.517324832214765
