,cluster_id,curvature,x,y,z,average_potential
0,1,15.0,5.799494094488189,4.525909448818898,-23.134031496062992,-6.338817519685038
1,2,-11.99,5.069578947368421,2.7878602540834843,-13.01458439201452,-11.445419056261343
2,3,17.28,9.8478125,6.7283625,-14.299685416666668,-12.526016250000001
3,4,14.97,9.836948198198197,-1.5927905405405407,-18.80175225225225,-12.317580855855857
4,5,17.19,12.612832080200503,-7.7805388471177945,-19.527561403508773,-11.960015789473685
5,6,22.18,18.356130801687765,-6.6860168776371305,-13.773540084388186,-13.60330970464135
6,7,15.95,14.296564327485378,-0.6985847953216374,-14.140529239766082,-11.632009649122807
7,8,13.93,24.579126,-9.142914000000001,-11.709095999999999,-6.73075
8,9,16.19,18.029582352941173,6.559611764705882,-9.493473529411764,-10.335602352941176
9,10,12.52,22.329481099656356,0.4772199312714776,-10.793261168384879,-12.764026975945015
10,11,16.86,-20.679199481865286,2.1825518134715027,17.15641450777202,-6.676459067357514
11,12,9.92,-15.54269014084507,8.813904225352111,14.110766197183098,-8.99973295774648
12,13,10.65,-12.753638743455499,2.7260431937172775,16.449795811518324,-10.714903403141362
13,14,18.32,-16.0836801242236,1.032201863354037,25.762083850931674,-4.577529813664596
14,15,17.05,-19.263587006960556,8.559187935034803,23.406375870069603,-5.967977262180975
15,16,19.6,-1.3164281045751633,3.4572091503267974,-1.6289771241830067,-10.852624836601306
16,17,22.33,3.8550815138282384,1.0908282387190684,-5.066995633187773,-9.398063027656478
17,18,10.14,-7.98395045045045,4.245565315315314,4.931515765765766,-11.48296509009009
18,19,-13.1,-4.124169590643274,1.9131189083820663,3.295812865497076,-11.548109161793374
19,20,15.84,-12.632353293413175,-1.976065868263473,8.219982035928144,-9.81204131736527
20,21,10.57,-10.442173535791758,6.669733188720174,8.48748590021692,-9.523849674620388
