,cluster_id,curvature,x,y,z,average_potential
0,1,-19.26,-4.023567656765676,-7.682128712871285,9.025122112211221,-23.020048514851485
1,2,13.45,-6.758466377440348,-0.47306941431670285,7.241945770065077,-25.020984381778742
2,3,19.97,-8.610069637883008,7.143922005571031,-1.8182005571030644,-23.843522284122564
3,4,16.78,-4.371764102564103,6.759405128205128,9.65103076923077,-20.802272820512822
4,5,-15.29,-5.581148614609572,7.421080604534005,4.273574307304786,-43.618280604534
5,6,-12.08,-0.4493043478260869,-10.737417391304346,0.25064927536231885,-42.0598704347826
6,7,21.37,-2.6198093023255815,-14.866767441860466,-5.993269767441861,-20.195668604651164
7,8,-4.99,4.27843352601156,-9.61763583815029,-10.19378034682081,-16.824545664739883
8,9,13.25,-2.2204321266968328,-5.272776018099547,-9.968590497737557,-31.109328959276016
9,10,-19.26,-11.632982300884956,-6.579610619469026,5.186044247787611,-22.024096017699115
10,11,15.19,-8.639273084479372,-13.072408644400785,3.4241139489194494,-20.71353398821218
11,12,-1.72,-10.005847014925374,-10.661246268656717,-5.316559701492537,-14.981923134328358
12,13,5.59,-9.689632478632477,-3.0556688034188033,-3.9227905982905984,-21.966223290598293
13,14,7.33,-0.05364450127877244,9.183508951406651,-4.4363682864450125,-25.92691483375959
14,15,32.25,2.7047106918238994,3.4239622641509424,-10.01574213836478,-33.47112075471698
15,16,17.62,-3.3843039443155454,5.135842227378191,-10.835937354988399,-23.82535777262181
16,17,19.51,8.604551984877126,-2.4922400756143666,-10.852706994328923,-24.77832684310019
17,18,23.04,9.563395683453237,7.413743405275779,-7.092959232613909,-19.220008153477217
18,19,13.7,14.093754385964914,0.8735302144249512,-6.712522417153997,-28.031198245614036
19,20,16.7,13.928193717277487,-7.4758167539267015,4.594078534031414,-14.501444328097731
20,21,15.86,11.425679399727148,-10.170156889495226,-3.984740791268758,-21.39658008185539
21,22,16.96,3.852130922693267,-4.772411471321696,1.4094912718204489,-99.14964027431421
22,23,18.48,8.760388429752066,-2.9485206611570245,10.570714876033058,-19.940987190082645
23,24,22.09,2.229507299270073,-4.711569343065694,7.556821167883213,-37.368541970802916
24,25,14.07,14.661046060606061,1.262249696969697,1.3854278787878789,-21.383701696969702
25,26,17.6,5.288598214285715,9.042651785714286,3.883042410714286,-22.021764508928573
26,27,14.91,6.743138888888889,3.284068181818182,7.982176767676767,-26.75486919191919
