,cluster_id,curvature,x,y,z,average_potential
0,1,20.01,-19.577732283464567,-25.755673228346456,32.608299212598425,-6.129686614173228
1,2,-17.32,-11.607305084745764,-25.389935593220343,38.248247457627116,-4.171674915254237
2,3,13.91,-13.001283154121865,-13.154211469534049,27.528116487455197,-6.171855376344086
3,4,13.44,-10.88596021220159,-23.967562334217508,30.680092838196288,-9.266732360742704
4,5,9.78,-13.731273291925465,-19.407298136645963,28.57201035196687,-10.898381159420289
5,6,15.35,-13.560617529880478,4.564533864541832,7.902709163346614,-8.045098007968127
6,7,12.84,-10.423982421875,-0.23192382812499995,11.497669921875001,-9.425286328124999
7,8,17.4,-16.17377868852459,-6.247952868852459,14.151676229508197,-10.202774795081966
8,9,15.66,-12.513736842105263,-11.167477443609023,20.520781954887216,-9.23232105263158
9,10,12.23,-10.688415094339621,-4.4024758909853245,19.80295178197065,-9.04393438155136
10,11,18.61,7.504454545454546,7.0252181818181825,-2.7614400000000003,-7.679388363636363
11,12,12.36,11.696574886535553,5.1304311649016645,-12.934865355521936,-10.412834190620272
12,13,12.1,5.836389984825493,6.688591805766311,-12.706637329286798,-11.024894840667677
13,14,-11.73,-0.8698498622589531,8.0109173553719,-5.722421487603306,-9.651532644628098
14,15,15.11,-11.84888144329897,9.001298969072165,-0.7626056701030929,-11.696695876288658
15,16,-13.71,-7.0427495590828935,4.705250440917108,1.2210846560846562,-10.367515696649031
16,17,12.39,21.63195088161209,-20.13365491183879,-10.049211586901764,-5.983296347607053
17,18,15.81,29.477554621848743,-19.05856022408964,-13.88870868347339,-7.671251260504203
18,19,15.07,29.383578772802657,-12.143311774461027,-16.155351575456052,-9.901635820895523
19,20,-13.76,33.01856263269639,-4.72076008492569,-15.835821656050955,-9.241173248407643
20,21,-15.87,29.34811458333333,-4.254047916666667,-22.211277083333336,-14.122615833333333
21,22,12.94,34.6911523929471,-4.189429471032746,-26.1708879093199,-13.413391309823679
22,23,11.44,23.904066326530614,0.02677295918367348,-23.493038265306126,-11.028416581632653
23,24,-14.96,20.585520628683692,0.3188781925343812,-19.03180746561886,-9.230500982318272
24,25,21.33,22.77580995475114,8.154411764705882,-14.23647963800905,-8.192102714932126
25,26,14.48,16.14338208955224,3.12110447761194,-15.244707462686566,-11.15857104477612
