,cluster_id,curvature,x,y,z,average_potential
0,1,17.03,9.926435736677114,-7.790771159874609,1.022219435736677,-7.247190282131662
1,2,20.42,3.6468418972332013,-9.128185770750989,-3.864201581027668,-7.025743083003953
2,3,-12.53,9.096593001841622,-4.1994419889502765,-5.040086556169428,-9.92844438305709
3,4,15.96,13.508803867403314,1.8738950276243092,-5.858193370165746,-6.706541988950276
4,5,19.76,10.880783171521037,-4.128954692556635,-13.221129449838187,-8.911028478964402
5,6,-12.38,17.2870637755102,1.0419158163265305,-12.346158163265304,-8.338714030612245
6,7,19.11,27.01415175097276,6.645836575875486,-29.100474708171202,-8.146649416342413
7,8,19.71,31.673146551724138,-2.231116379310345,-30.212672413793104,-6.361166379310345
8,9,14.71,31.72624439461883,5.034244394618835,-33.836152466367714,-6.2978233183856505
9,10,-11.55,19.115681753889675,3.2857383309759545,-19.088851485148517,-10.571755021216406
10,11,19.24,30.65025438596491,3.280131578947369,-18.06007894736842,-7.295675438596491
11,12,15.05,25.256182468694096,5.645237924865832,-22.325246869409657,-9.285731842576029
12,13,14.34,-43.98368421052631,-15.374753588516747,29.42018660287081,-8.956122488038277
13,14,-8.6,-40.22310114942528,-14.972508045977012,34.4969908045977,-5.1895036781609205
14,15,15.63,-37.940014285714284,-14.546632142857144,24.760530357142855,-5.718535714285714
15,16,-15.69,-28.33609497206704,-10.820114525139665,19.825648044692738,-10.200442737430167
16,17,16.31,-32.843803212851405,-13.480317269076306,21.928445783132535,-7.356198192771084
17,18,17.14,-1.7953308641975312,-8.19337037037037,7.65813086419753,-6.91668962962963
18,19,15.59,2.7511302982731554,-12.690072213500786,3.345629513343799,-7.802262323390895
19,20,13.35,-7.74357345971564,-5.894789099526067,9.423372037914692,-6.91229383886256
20,21,14.94,-14.290251785714286,-5.6281267857142865,9.278775,-7.693617857142856
21,22,14.05,-23.400042372881355,-9.311499999999999,13.87527966101695,-7.184338700564972
22,23,-13.22,-18.967769980506823,-7.739115009746589,18.795044834307994,-9.221361598440547
