,cluster_id,curvature,x,y,z,average_potential
0,1,18.35,6.473496688741722,13.264245033112585,-7.948056291390729,-5.915491721854304
1,2,16.57,-2.7103170731707316,12.176643292682927,0.47820121951219513,-15.424911585365853
2,3,20.14,-1.602199288256228,15.055039145907475,-6.038480427046264,-6.954612099644128
3,4,5.27,-2.793606299212599,-2.575027559055118,-7.128200787401576,-12.411688188976377
4,5,19.34,4.159719681908548,-1.1406640159045727,-8.42186282306163,-8.043690656063617
5,6,22.03,-0.08710977701543736,3.345543739279588,0.16626758147512866,-19.793336192109777
6,7,18.48,6.1673025477707,5.183691082802548,-5.433627388535031,-7.347213375796179
7,8,19.54,2.332125,10.076541666666666,-2.084264880952381,-12.22158125
8,9,13.35,-0.3281626984126984,6.195103174603175,-5.781003968253969,-14.27891626984127
9,10,18.26,-1.7723821782178217,-8.750403960396039,-3.068928712871287,-16.92829504950495
10,11,17.65,5.568160520607376,-8.82162906724512,0.2649522776572668,-12.603123644251626
11,12,9.97,4.414818421052632,-12.106934210526317,2.3626421052631583,-7.509439210526317
12,13,17.34,-7.788628571428571,-0.29758476190476196,0.8072323809523809,-15.475855619047618
13,14,16.86,-5.422962199312714,-9.277529209621994,7.699879725085911,-10.823919931271478
14,15,12.78,-3.0087777777777776,-3.5060188679245283,4.644576519916143,-19.247046121593293
15,16,19.6,-5.677627760252366,11.45749211356467,7.4567791798107255,-10.296500315457413
16,17,18.89,-4.439877192982457,5.717070175438596,5.06709022556391,-14.138282456140352
17,18,18.93,-19.037847457627123,-1.82021186440678,4.0844745762711865,-7.612190677966101
18,19,14.25,-8.85100422832981,3.735856236786469,8.56502114164905,-17.25083403805497
19,20,15.42,-14.225283203124999,3.84637109375,6.287509765625,-12.864531640625
