,cluster_id,curvature,x,y,z,average_potential
0,1,17.24,-10.559683969465649,-0.7775633587786259,6.621444274809161,-11.001176641221372
1,2,18.38,-5.003685975609756,2.2069542682926833,2.268129573170732,-14.315441768292683
2,3,17.76,-13.044607894736842,8.682492105263158,15.589563157894736,-6.926951052631579
3,4,14.06,-15.937283057851241,6.3637892561983485,9.72306611570248,-8.163275206611571
4,5,16.77,-11.69461756373938,14.362968838526914,4.20829178470255,-9.955474504249292
5,6,13.89,-9.218893333333334,8.937617142857142,7.988133333333334,-15.729699809523808
6,7,14.1,-8.760716455696203,-9.326977215189872,8.896972151898733,-9.494846329113926
7,8,11.55,-13.297314838709678,-9.11889935483871,15.010673548387096,-7.285358838709677
8,9,16.47,-0.6198940520446096,-12.578591078066912,-2.383903345724907,-9.820866728624535
9,10,-16.57,-4.98720303030303,-6.242881818181818,-2.9111000000000002,-12.886485757575757
10,11,-18.94,-5.0464,-8.086833333333333,3.4890296296296297,-11.13676925925926
11,12,12.05,13.760186861313867,26.74822481751825,-16.142719708029194,-5.665322481751825
12,13,16.41,10.855210884353742,22.33122789115646,-22.37399319727891,-6.371481972789116
13,14,15.13,8.063567632850242,20.563099033816425,-13.339299516908213,-11.69175265700483
14,15,15.88,3.3700488656195464,-5.555251308900523,-12.5174537521815,-10.391295636998255
15,16,13.24,-1.2282598425196851,-4.985190551181103,-7.726527559055119,-11.22243842519685
16,17,13.56,9.046868580060423,5.137907854984895,-11.54563746223565,-7.895330815709969
17,18,18.64,9.32825925925926,-6.787514814814815,-17.737429629629627,-9.037671481481482
18,19,16.34,10.027822404371586,0.15638251366120212,-18.713907103825136,-14.398205737704918
19,20,-14.05,0.7141465116279069,11.087332558139535,-4.6819976744186045,-9.288912558139534
20,21,18.06,3.177825153374233,5.13988036809816,-8.12726073619632,-9.021287116564416
21,22,20.34,0.42399347471451904,4.817823817292006,-1.3908287112561177,-11.725917781402938
22,23,13.59,3.7021069277108434,17.01781777108434,-8.359016566265062,-8.924851355421687
23,24,12.06,-4.1259070048309185,14.19413647342995,0.16174033816425123,-12.113446618357486
