,cluster_id,curvature,x,y,z,average_potential
0,1,20.09,-3.5390413533834586,18.803093984962405,-7.512372180451127,-8.644648120300754
1,2,-13.6,-8.89929916897507,12.571864265927976,-3.505407202216067,-11.9919432132964
2,3,15.88,0.7693530997304581,9.984975741239893,-12.793172506738545,-9.106591374663072
3,4,15.94,-1.852298126064736,11.62088245315162,-7.7225468483816,-11.614837989778534
4,5,13.63,-8.81883585313175,-1.858794816414687,2.439490280777538,-12.389640820734343
5,6,19.88,-10.51441993957704,6.5357250755287,1.202712990936556,-15.283125377643504
6,7,11.25,-12.638833333333332,5.558209219858156,6.753507092198582,-11.791812765957447
7,8,20.59,-2.624274666666666,13.679933333333333,1.9050799999999999,-11.058839200000001
8,9,19.36,-1.2073692307692308,6.5758230769230765,-0.5269435897435898,-23.199914358974357
9,10,-16.55,-1.2804705882352938,0.3688416289592761,-2.8945203619909505,-28.716965610859727
10,11,13.78,-7.345245161290324,4.796435483870968,-4.410622580645161,-15.213658709677421
11,12,21.88,8.594782006920415,1.4077993079584776,-8.956228373702423,-16.067225605536333
12,13,18.42,2.569345211581292,3.338476614699332,-7.504864142538976,-17.638197550111357
13,14,14.92,13.831659305993693,-4.881140378548896,-8.799843848580442,-11.847936435331231
14,15,18.17,10.228626198083067,-9.391370607028755,-1.6869999999999998,-13.12352715654952
15,16,14.92,7.423406417112299,-3.8229661319073087,-4.210814616755793,-19.84544438502674
16,17,14.08,9.49682588597843,-12.93506317411402,5.5812434514637905,-12.217517873651772
17,18,15.96,-3.3698055555555553,-6.509188888888889,6.694169444444444,-10.947546666666666
18,19,15.88,2.865173112338858,-6.301233885819522,2.5604180478821363,-20.51469281767956
19,20,19.37,4.9644026402640264,4.258115511551155,3.1673696369636963,-15.925904290429045
20,21,17.97,-1.5654958506224066,1.4091991701244815,9.242775933609959,-14.640393775933608
