,cluster_id,curvature,x,y,z,average_potential
0,1,11.86,-12.962,-0.5046178160919539,7.4091709770114935,-9.589581034482757
1,2,17.65,-10.102395652173914,-5.576408695652172,4.647430434782609,-14.579037391304349
2,3,17.34,-7.8257901639344265,3.398524590163935,4.181816393442623,-10.53868918032787
3,4,17.76,-18.374327751196173,7.410002392344497,14.190416267942584,-5.911669377990431
4,5,17.36,-18.76389513108614,-1.0189288389513107,18.463464419475656,-6.060125842696629
5,6,16.35,-15.822119444444443,1.6864555555555556,11.531419444444444,-8.78575111111111
6,7,15.39,20.641432835820893,-6.223152238805971,-23.312274626865676,-3.026898507462687
7,8,15.47,7.837308411214953,-5.092644859813084,-14.48857710280374,-9.875012383177571
8,9,17.24,15.191979238754325,-5.1331868512110725,-9.716878892733563,-9.272864705882354
9,10,14.49,15.025576923076922,0.5221880341880341,-15.090386752136752,-12.186691025641025
10,11,12.86,15.05925919117647,-6.254316176470589,-17.63314154411765,-9.161073345588235
11,12,20.28,0.07256511056511056,1.43565601965602,-9.978164619164618,-12.37259312039312
12,13,13.65,8.94575,2.1828333333333334,-8.817432539682539,-10.072672089947089
13,14,22.39,-0.8232118055555555,3.0052604166666668,1.63725,-10.107769097222222
14,15,19.51,2.6921511936339524,2.821745358090186,-3.5804854111405837,-10.635305039787799
15,16,14.87,-8.914572549019608,-0.30240522875816983,-2.945881045751634,-12.671135032679738
16,17,17.94,-2.2577214076246337,-4.321548387096774,4.839824046920821,-8.504609970674485
17,18,27.47,-0.7475197568389058,-4.90304255319149,-3.563386018237082,-11.702729179331307
