,cluster_id,curvature,x,y,z,average_potential
0,1,14.79,-19.02260640732265,-23.479773455377575,19.191402745995422,-7.408989931350114
1,2,-11.03,-25.295392857142858,-23.964319805194805,15.3829512987013,-6.713567857142858
2,3,13.38,-21.138556358381503,-14.488585260115608,21.566156069364162,-12.157740462427746
3,4,12.67,-24.17842528735632,-15.195302681992338,12.907141762452108,-12.181370498084291
4,5,-10.76,-16.879217213114757,-18.074028688524592,12.563545081967213,-8.804857377049181
5,6,18.37,-10.984156249999998,7.46115625,-1.31882421875,-10.182315429687499
6,7,18.14,-12.571786016949153,11.814262711864407,3.3341525423728813,-10.543034745762712
7,8,21.57,-19.970296442687747,5.5652332015810275,4.057521739130435,-9.038111857707511
8,9,15.39,-12.049261589403972,7.354130794701987,8.797246688741723,-11.725874337748344
9,10,12.24,-12.90938832997988,-2.357826961770624,9.4456338028169,-10.970057142857142
10,11,14.9,-13.271757281553398,2.281390776699029,16.07584708737864,-12.52868495145631
11,12,11.93,-17.95016901408451,-9.696408450704224,14.962485915492959,-13.820215669014084
12,13,15.48,-21.876886503067485,-3.738944785276074,14.650407975460125,-10.950736503067485
13,14,18.99,-14.593659655831742,-5.353133843212237,20.804822179732316,-15.733005927342257
14,15,-12.42,4.1161046831955925,10.456347107438015,-12.500234159779616,-9.354868044077135
15,16,12.35,7.236895348837209,12.717392441860463,-6.144767441860465,-9.915701744186046
16,17,11.43,2.301949101796407,9.112547904191619,-5.07572754491018,-12.404243413173655
17,18,12.34,-3.3732848484848486,9.983869696969697,-8.372263636363636,-8.876153030303032
18,19,12.43,-2.0320974658869395,8.751557504873292,-0.10075048732943469,-10.650028654970761
19,20,13.24,-6.554951923076922,14.530348557692308,-3.4779302884615384,-9.066060336538461
20,21,10.65,12.2154734375,10.526656249999998,-10.023293749999999,-10.55294875
21,22,12.01,13.843428797468356,10.119783227848101,-15.840658227848099,-13.645752531645568
22,23,12.47,21.023810416666667,10.817852083333332,-16.3638,-9.470465625000001
23,24,-14.07,24.032498507462684,4.794725373134328,-18.81397014925373,-10.332379104477612
24,25,-9.2,17.809591397849463,6.035435483870967,-22.184838709677418,-9.992313709677418
25,26,12.81,26.455170553935865,9.253256559766765,-25.092163265306127,-9.824307142857144
26,27,-12.22,29.679589820359283,2.2049595808383233,-24.48147604790419,-7.156688173652695
