,cluster_id,curvature,x,y,z,average_potential
0,1,14.22,-1.3469116541353383,-2.8817199248120295,12.22327255639098,-10.601365413533836
1,2,19.04,-9.501831460674158,6.152172284644195,5.212790262172285,-18.30985468164794
2,3,18.19,-4.231456790123456,7.033695473251029,11.32848559670782,-10.133706790123457
3,4,10.26,4.385924637681159,3.7128115942028987,10.227078260869565,-13.038337681159422
4,5,12.89,-6.1134876404494385,-0.9450674157303371,3.229211235955056,-15.585878651685395
5,6,13.4,-3.154373927958834,-3.6829554030874787,-4.428101200686106,-17.64415780445969
6,7,20.77,1.1531702127659575,-7.988387234042552,3.9329999999999994,-12.438321276595746
7,8,13.09,7.692618081180813,-2.4250276752767523,5.1516199261992615,-17.86498708487085
8,9,19.14,4.38780205655527,-7.560251928020566,-4.797874035989717,-13.370651670951155
9,10,6.38,11.139340476190476,-2.182330952380952,-4.102416666666667,-13.220094047619048
10,11,11.98,-1.5365255102040816,6.201234693877551,-3.9479489795918368,-14.836438265306121
11,12,14.48,-0.9822156488549619,10.414914122137402,2.9708759541984735,-14.032946564885494
12,13,25.19,6.592934426229508,7.626643442622951,-9.76611475409836,-8.63027786885246
13,14,23.58,4.062162629757786,1.9549307958477506,-8.5749446366782,-14.58896712802768
14,15,20.41,12.991763888888887,8.266909722222222,-4.739898148148148,-8.909924074074073
15,16,13.49,7.720195369030391,6.970140376266281,1.30182489146165,-24.341648914616496
