,cluster_id,curvature,x,y,z,average_potential
0,1,-12.49,-9.872950160771705,-3.3562347266881036,21.264850482315115,-8.06195996784566
1,2,13.42,-17.266796852646635,-1.915323319027182,22.036630901287552,-12.715271530758226
2,3,14.18,-22.872809034907597,-5.593560574948664,17.9990636550308,-9.640012320328541
3,4,16.73,-4.914360808709176,-0.40873094867807164,9.37368740279938,-17.01069828926905
4,5,10.55,-12.682531428571425,-2.309022857142857,3.154788571428571,-11.689538857142857
5,6,15.34,-8.549823779193206,1.9078704883227176,1.2511464968152866,-18.42611231422505
6,7,14.14,-18.348466135458168,1.4844183266932272,4.059284860557769,-9.03087768924303
7,8,-11.66,-17.380248472505095,1.9312637474541754,13.869636456211813,-13.700270061099795
8,9,20.41,-13.720945544554457,5.873445544554455,9.299970297029704,-9.946836138613861
9,10,13.44,-10.196510869565216,-0.35887771739130436,13.451741847826087,-12.254528804347828
10,11,22.26,-4.973791540785498,7.21858006042296,0.5219214501510575,-15.09388761329305
11,12,19.03,1.0209022556390976,0.04635150375939859,5.464174812030075,-14.440617481203008
12,13,-8.92,-1.8297926267281106,0.31878801843317955,-2.5723963133640555,-20.84065437788018
13,14,18.52,0.31243902439024385,-5.508954268292682,-1.4939176829268292,-15.735151829268291
14,15,19.72,0.3825879396984926,8.087432160804019,-1.6845577889447234,-13.02872864321608
15,16,-4.07,5.982044444444445,3.1495555555555557,-1.0557296296296297,-17.90572333333333
16,17,19.69,12.090578048780484,3.671443902439024,-15.82308536585366,-9.784127317073171
17,18,17.43,2.8402249134948097,4.26781660899654,-15.627934256055363,-13.289755017301038
18,19,14.56,6.730062378167641,-1.9116315789473686,-17.438559454191033,-12.34003118908382
19,20,13.47,9.322411924119242,8.08471002710027,-4.2208644986449855,-12.211538482384825
20,21,14.7,11.449912751677852,4.548328859060402,-8.875008948545862,-13.972977628635347
21,22,11.46,8.60082876712329,-3.9953812785388125,-6.955618721461186,-10.88438904109589
22,23,-9.56,2.158160621761658,1.8415259067357512,-8.561238341968911,-21.33222461139896
