,cluster_id,curvature,x,y,z,average_potential
0,1,12.42,17.718352733686068,-37.4030582010582,14.497987654320989,-6.2880190476190485
1,2,-12.75,26.24768771331058,-38.55513139931741,16.555781569965866,-3.9496829351535836
2,3,-12.69,16.75734863945578,-28.995879251700682,11.135523809523809,-7.461352891156462
3,4,17.41,9.170289230769232,-21.776999999999997,2.6142092307692306,-10.637381846153847
4,5,-14.59,11.894903571428571,-25.320978571428572,8.507341071428572,-11.223362499999999
5,6,20.05,5.5084075067024125,-11.79460053619303,9.926332439678283,-13.911945844504023
6,7,13.7,8.575578199052133,-17.23468720379147,10.426407582938387,-10.813090047393365
7,8,16.49,4.758743781094527,-5.230699004975125,12.759216417910448,-15.445960696517414
8,9,-16.16,-0.5522665094339622,-5.751941037735849,6.309672169811321,-25.957577358490568
9,10,-14.8,-3.9748300395256915,-7.583225296442688,11.734954545454546,-16.663472924901185
10,11,17.69,14.408545454545454,2.311861111111111,-11.94502272727273,-8.68840505050505
11,12,16.58,10.068596302003082,0.3992172573189522,-9.286485362095531,-13.487595223420648
12,13,8.58,-0.4073567251461989,1.7698947368421054,-2.8790935672514624,-21.467520467836255
13,14,11.6,-0.0634707520891366,-5.18540947075209,-1.4784317548746517,-19.564547910863514
14,15,21.94,7.459863468634686,-2.8424317343173433,2.9839483394833946,-22.17541180811808
15,16,11.0,7.921416974169742,-3.0305369003690035,-4.504819188191882,-14.074280627306273
16,17,17.58,1.3130897435897437,8.418192307692307,13.20193076923077,-18.09371717948718
17,18,-13.19,6.353972627737226,2.9703010948905106,12.69215510948905,-19.386608759124087
18,19,17.95,10.112498599439776,4.627509803921568,6.848605042016806,-16.61980224089636
19,20,13.94,9.191991017964073,6.423901197604791,-0.540374251497006,-15.502527844311379
20,21,8.29,3.305608024691358,8.022595679012346,3.575256172839506,-24.406692283950616
21,22,17.56,-9.605450000000001,4.44945,2.7998461538461537,-15.182097307692308
22,23,-9.42,-7.475014059753954,2.115681898066784,-1.4153848857644993,-14.947847627416522
23,24,23.97,-4.400304721030042,9.119703862660947,5.579000000000001,-17.835494849785405
24,25,17.96,-11.445655052264808,1.5668850174216027,9.216850174216027,-10.492490592334494
25,26,13.24,-5.023262365591398,4.010152688172043,13.377559139784946,-17.005839784946236
