,cluster_id,curvature,x,y,z,average_potential
0,1,16.42,-12.328745412844036,-7.187571100917431,-33.72566055045871,-4.476604587155963
1,2,16.82,-9.333985,-3.4032600000000004,-26.794825,-6.553066
2,3,13.84,-7.795114503816794,0.5975470737913487,-20.791351145038167,-6.200662849872773
3,4,17.39,4.656736497545008,-3.2751767594108014,-4.518509001636661,-16.24528265139116
4,5,19.71,6.673069948186529,5.491621761658032,-1.7319715025906735,-12.036176683937825
5,6,-15.41,3.43340157480315,2.312633858267716,-8.670830708661418,-15.551659448818898
6,7,16.9,11.291308851224105,2.4260790960451977,-7.837992467043315,-11.68803032015066
7,8,13.79,9.826408415841584,2.6509232673267324,-15.758928217821783,-11.301730198019802
8,9,-13.36,-1.0424935897435896,-0.5649978632478632,-19.960882478632477,-12.07960641025641
9,10,13.02,3.9012195121951216,0.6322638580931265,-18.182235033259424,-10.587506651884702
10,11,24.5,-13.482733031674208,17.047497737556558,3.3977737556561087,-6.759710859728506
11,12,14.4,-4.7097870967741935,14.997070967741935,2.4112516129032255,-9.617808387096774
12,13,13.09,-7.73418201754386,10.458388157894737,5.321342105263159,-11.547512280701755
13,14,20.35,-2.1011416666666665,-1.9895999999999998,1.6803000000000001,-12.774843333333335
14,15,22.36,2.9786905370843995,1.0389769820971868,5.1529923273657285,-12.195166751918158
15,16,24.41,-1.7091821305841925,3.571573883161512,-3.889831615120275,-13.712815463917526
16,17,17.66,-0.6981830357142857,8.105256696428572,1.3007008928571426,-14.702625892857142
17,18,17.19,-10.350209844559586,6.13790932642487,8.596743523316063,-11.266316580310878
18,19,12.66,-7.5413164108618655,-0.7075643447461629,6.809514757969303,-14.534336009445102
