,cluster_id,curvature,x,y,z,average_potential
0,1,15.67,-7.294526086956521,11.681771739130435,28.862028260869565,-6.402130869565218
1,2,19.48,-5.177719402985074,6.810791044776119,32.52912835820895,-5.4966904477611935
2,3,17.37,-13.047432065217391,4.182076086956522,26.857994565217385,-7.963858152173914
3,4,-14.09,-8.57352995391705,5.078327188940092,21.046714285714284,-13.041476497695852
4,5,13.8,-12.714710743801653,-2.5966092089728448,18.61721015348288,-9.581368358913814
5,6,21.57,-0.8290324324324325,-5.023262162162162,10.948232432432434,-13.536793243243242
6,7,23.23,-7.730890756302521,-8.101669467787115,13.08879831932773,-15.076007563025211
7,8,-18.12,-3.149645614035088,-1.3090456140350877,16.28919298245614,-16.633662807017544
8,9,11.24,-7.670101923076923,0.11506346153846153,10.51545,-10.802246346153847
9,10,14.65,10.612782352941176,3.3863705882352932,-8.660523529411766,-7.925011176470588
10,11,11.7,8.396180769230769,0.7669923076923075,-14.816557692307693,-11.24257987179487
11,12,18.81,4.963666666666667,6.420011363636363,-23.05887878787879,-7.221960227272728
12,13,12.62,12.1096870342772,1.89453651266766,-22.49412816691505,-8.782216691505216
13,14,19.63,1.8232315035799525,1.9058687350835322,6.651121718377087,-11.240429594272076
14,15,17.86,-3.936727626459143,-1.5132568093385212,2.9192898832684824,-11.227523540856032
15,16,11.81,0.22470416024653309,-1.9368366718027736,-2.7342126348228044,-10.006573189522342
16,17,-6.64,1.5552228571428568,3.067722857142857,-11.055359999999999,-8.927396285714286
17,18,10.51,5.154337461300309,-0.22460061919504645,-6.5820170278637775,-11.216728482972135
