,cluster_id,curvature,x,y,z,average_potential
0,1,18.48,1.9596085918854416,9.386360381861575,7.828381861575179,-11.247814558472552
1,2,-2.84,2.573371134020618,1.3173092783505154,6.0564742268041245,-13.63188917525773
2,3,-10.77,-1.5419411764705884,6.177570934256055,2.3342456747404845,-13.128020761245674
3,4,15.09,-10.86632159624413,4.04968779342723,12.328741784037557,-9.851908920187793
4,5,18.43,-2.4806289926289926,-1.3038476658476659,9.020181818181818,-14.538351842751842
5,6,14.72,-6.979540785498489,5.4709486404833845,7.454102719033233,-15.057738972809668
6,7,11.58,-12.391343457943925,9.400689252336448,7.018677570093457,-13.37397476635514
7,8,-13.09,-15.873132203389833,2.875559322033898,3.1029593220338985,-12.637114576271186
8,9,13.69,-2.76395503875969,-5.228813953488372,1.4844666666666666,-11.473914883720932
9,10,13.22,-11.20071818181818,-3.2785945454545455,-0.2729836363636364,-14.109579636363636
10,11,22.27,-7.4760487804878055,-9.83030352303523,-2.150089430894309,-8.003586720867208
11,12,12.05,-7.114789473684212,-3.9691029748283753,-5.872141876430206,-11.382919679633867
12,13,14.16,11.876229702970296,-1.5595445544554454,-24.163154455445543,-5.918891485148515
13,14,12.08,12.487355704697986,2.6466228187919465,-16.132422818791945,-7.388486979865772
14,15,15.47,14.093212631578947,10.034646315789475,-9.870738947368423,-10.528742947368421
15,16,16.89,12.836400523560211,4.015133507853403,-5.867162303664922,-12.57513717277487
16,17,-5.06,5.448837209302325,10.910255813953487,1.09125,-14.023559883720932
17,18,20.69,11.034231759656652,12.338051502145925,-1.8551137339055792,-14.680526394849787
18,19,11.86,9.869603854389721,4.848880085653105,1.407304068522484,-14.287885653104924
19,20,12.55,11.932092000000003,9.984498,6.4500779999999995,-10.087065
