,cluster_id,curvature,x,y,z,average_potential
0,1,-10.85,-18.076736842105262,3.054252268602541,6.905041742286751,-12.366993284936479
1,2,17.78,-21.160453074433658,9.497161812297733,11.781171521035597,-7.379509385113268
2,3,16.25,-23.371011820330974,5.7716784869976365,3.7226170212765957,-6.363773995271868
3,4,13.64,-8.086773060029282,3.2309487554904837,13.845398243045388,-10.739633235724744
4,5,13.95,-13.02414498141264,-0.6426914498141263,8.829260223048326,-12.397210780669147
5,6,17.25,-11.725158208955223,8.46885671641791,9.184382089552239,-12.264705373134328
6,7,-12.58,-6.9342035398230095,3.10958185840708,3.1744004424778764,-14.86307278761062
7,8,19.1,0.8149251336898397,2.729342245989305,8.045604278074867,-21.613711764705883
8,9,18.68,-4.654818930041152,-3.9659938271604935,7.502732510288066,-13.997136008230454
9,10,14.57,10.817346232179228,11.997631364562118,-5.806262729124236,-14.684366395112017
10,11,-11.16,8.933577281191807,8.080944134078212,0.7888845437616385,-11.981470018621973
11,12,-11.62,16.184927884615384,9.445115384615384,-13.71073798076923,-8.76024278846154
12,13,18.61,10.567881818181819,6.724393181818182,-8.699990909090909,-23.713832500000002
13,14,16.74,7.264013840830451,11.469622837370242,-13.443989619377163,-13.953689273356401
14,15,18.34,9.21288178913738,5.807961661341852,-16.648482428115017,-7.813362619808307
15,16,17.62,0.4033615702479339,3.1863698347107436,-6.89222520661157,-15.525755578512394
16,17,13.37,3.558003571428572,3.9384214285714285,-12.923417857142857,-10.2373875
17,18,16.98,6.440441102756892,-2.1183984962406015,-10.877894736842105,-9.572771929824562
18,19,16.7,9.5304,-0.19028965517241375,-2.3935356321839083,-13.232129885057473
19,20,24.5,-0.3677944250871081,5.213268292682927,0.9217247386759583,-14.465978048780489
20,21,18.83,4.044716019417476,-1.9103349514563106,3.8766116504854367,-12.084087864077672
21,22,-7.22,0.1691677631578948,-2.646391447368421,-1.4178223684210527,-12.162698684210525
