,cluster_id,curvature,x,y,z,average_potential
0,1,17.67,-5.291432506887052,-9.550870523415979,-1.9225702479338844,-11.945352066115703
1,2,14.69,-0.7164188790560472,-6.968256637168141,1.7808672566371684,-15.179625958702067
2,3,-15.35,2.154376623376624,0.13490043290043294,-3.790064935064935,-18.75117878787879
3,4,14.55,-1.6946310975609755,1.5930670731707315,2.7986432926829266,-20.844743902439024
4,5,-5.85,-7.157651724137931,0.21339655172413796,-5.512968965517241,-16.992880689655173
5,6,-18.42,-3.321683385579937,-6.023115987460815,-6.733062695924764,-17.87226394984326
6,7,14.66,-3.609887096774193,-5.698264976958525,9.621877880184332,-10.688384562211981
7,8,13.4,-8.344160056657223,-0.36157507082152995,12.861273371104817,-17.034072379603398
8,9,-15.56,-10.617869281045751,-0.015655773420479333,1.9788823529411765,-19.995572766884532
9,10,16.09,-13.031923076923077,5.749928571428572,7.278152014652015,-15.766651465201466
10,11,-3.66,-13.620332603938731,-1.3663041575492343,8.71607658643326,-13.135106783369803
11,12,17.37,-9.185571644042232,6.462081447963802,0.023078431372549085,-19.85983438914027
12,13,17.02,-1.1943100189035916,14.468986767485822,-4.045429111531191,-10.20954763705104
13,14,17.11,-1.2577850877192984,7.936026315789475,3.5043245614035086,-11.798419298245614
14,15,14.74,0.90536,8.406569411764705,-2.598950588235294,-17.42620988235294
15,16,13.48,5.328678300455236,-5.593646433990895,-9.303704097116844,-12.657259028831563
16,17,20.01,-0.3687729357798165,6.001408256880734,-18.198176605504585,-10.501490825688075
17,18,17.82,-2.8745745614035085,1.3644429824561402,-13.656460526315792,-13.468263157894738
18,19,16.1,4.702611650485437,8.183114077669904,-13.246,-12.56634417475728
19,20,-13.04,3.2033574007220222,1.4354548736462094,-12.41982310469314,-22.911791696750903
20,21,16.6,0.09610772833723642,4.876946135831382,-8.826997658079625,-19.573562060889927
