,cluster_id,curvature,x,y,z,average_potential
0,1,13.72,7.061848664688426,10.116703264094955,-19.27980118694362,-14.480120326409496
1,2,20.66,19.832139830508474,7.804783898305085,-17.22253813559322,-6.968913135593221
2,3,14.13,12.710810880829014,8.127873056994819,-13.772911917098446,-11.934787823834196
3,4,12.27,15.033856148491877,7.3028445475638035,-7.8532273781902555,-9.813950580046404
4,5,18.99,2.230185344827586,13.482469827586208,-6.320987068965517,-13.668647629310346
5,6,15.15,5.047357480314961,13.389061417322834,-13.075546456692914,-13.79938157480315
6,7,15.28,-4.839236503856042,4.7087570694087395,-14.199286632390749,-11.844458997429307
7,8,23.35,1.8263971962616825,5.985191588785048,-11.261836448598128,-20.480494859813085
8,9,-11.03,-2.297836501901141,4.107821292775665,-5.631209125475285,-15.236644106463878
9,10,12.71,15.798830935251798,1.2541241007194244,-4.583902877697841,-7.5032145683453235
10,11,11.12,19.409914945321994,-0.3628019441069259,3.23988092345079,-4.65356609963548
11,12,15.39,-4.528245148110317,1.2316986721144025,2.7348069458631254,-10.957834014300305
12,13,19.65,6.183979899497487,9.848268844221105,0.3377537688442211,-10.150709045226131
13,14,16.68,-3.5639348370927313,9.840877192982457,-1.5175764411027568,-14.284992731829574
14,15,21.4,-9.036225409836065,-4.408315573770492,14.01684426229508,-7.108737704918033
15,16,-15.55,-10.027869451697129,0.5657885117493473,9.195788511749347,-10.359484334203657
16,17,16.13,-22.669908433734935,-0.1172626506024096,10.95021686746988,-7.028860722891567
17,18,11.99,-16.76136234817814,-0.6613299595141701,9.068825910931174,-6.732046153846154
18,19,11.98,-38.14525865580448,-7.741297352342158,30.51011201629328,-5.6726737270875764
19,20,18.74,-25.000938697318006,-7.685394636015325,21.59514559386973,-7.077261685823755
20,21,13.29,-33.06342508143322,-5.062278501628665,23.062182410423453,-9.571428990228013
21,22,19.55,-29.123137123745817,1.0835384615384616,18.206632107023413,-6.024708361204013
22,23,12.68,-28.75190610328638,-5.602305164319249,13.339159624413146,-8.612741549295775
