,cluster_id,curvature,x,y,z,average_potential
0,1,13.42,7.503954887218045,-9.358456766917293,10.606994360902256,-28.034554323308267
1,2,15.4,0.37134494195688217,-10.419063018242122,10.989734660033168,-29.46323482587065
2,3,19.92,10.469089238845145,-9.074296587926508,-4.609837270341207,-15.948353805774278
3,4,10.88,9.526912052117263,-10.2812671009772,2.287100977198697,-17.589003257328994
4,5,-3.07,1.5967448979591836,-7.731139455782313,-4.082078231292518,-26.304237414965986
5,6,5.18,-5.363751908396947,-10.764679389312978,-2.2389122137404582,-19.54295801526717
6,7,21.96,-0.32341805225653203,-13.307788598574824,2.5170047505938244,-20.32263919239905
7,8,11.6,-8.813441947565542,1.8564044943820226,1.7766591760299626,-21.774683146067414
8,9,20.01,-8.045613333333334,-9.185396666666668,4.4574966666666676,-21.654539666666665
9,10,19.5,-10.354823529411764,-3.1093103448275863,9.677350912778905,-18.606593711967548
10,11,16.46,-5.149363461538461,7.93885,10.840605769230768,-17.898173653846154
11,12,20.57,-0.6297770114942528,-3.7331563218390804,17.14793103448276,-21.75414551724138
12,13,20.75,-3.304973154362416,3.806393736017897,16.242248322147653,-15.545652125279641
13,14,17.38,12.559870402802101,-2.544497373029772,5.507711033274956,-26.59591978984238
14,15,-1.64,6.640622009569378,0.8132727272727274,11.664942583732056,-25.323632535885167
15,16,-14.34,4.429054054054054,6.548024948024949,7.1058108108108105,-40.71000831600832
16,17,15.85,8.323562977099236,13.588349236641221,-1.2857729007633587,-17.501485496183204
17,18,-2.03,0.8228846153846153,10.07241826923077,-3.027548076923077,-24.190922115384616
18,19,17.47,-2.162462,10.771441999999999,2.7870999999999997,-18.6789282
19,20,-5.07,10.405844660194173,4.218422330097087,0.22985922330097083,-23.39771699029127
20,21,17.85,11.469655405405405,2.1874493243243243,-8.660499999999999,-19.568630743243247
21,22,-12.51,13.222878651685392,-2.940788764044944,-3.6943393258426966,-19.830107640449437
22,23,-16.06,-4.009386167146974,-2.065409221902017,-5.250541786743516,-26.115720172910667
23,24,19.07,-5.772341085271317,-5.921744186046511,-9.48486046511628,-10.95396531007752
24,25,19.46,6.796596296296297,7.136857407407407,-9.20477962962963,-18.736404629629632
25,26,15.06,-0.2621083650190114,3.0167509505703425,-15.178330798479086,-10.991024904942964
26,27,-11.2,3.0244051282051276,-2.021589743589743,-9.15306153846154,-21.641446666666663
27,28,-20.62,-1.3240841121495326,4.57903738317757,-6.752752336448598,-23.586793457943926
