,cluster_id,curvature,x,y,z,average_potential
0,1,14.05,10.5532995951417,26.098696356275305,-35.713716599190285,-9.559485829959515
1,2,13.34,14.43312230215827,19.328699040767386,-38.708226618705034,-8.838152997601918
2,3,21.76,9.928619402985074,0.8866567164179106,-32.22150373134328,-8.648687313432836
3,4,11.58,7.314652830188678,7.741334591194969,-28.086138364779874,-12.237895220125788
4,5,10.44,15.937317679558012,10.151806629834253,-31.235215469613262,-9.704738259668508
5,6,21.02,10.267942307692307,10.171669871794872,-37.93399358974359,-9.452296794871796
6,7,13.02,9.765416349809884,16.668779467680608,-32.009326996197714,-12.34016844106464
7,8,12.94,-23.45096319796954,-2.7694581218274106,15.854350253807107,-8.430694416243655
8,9,13.98,-22.52183399209486,-8.439426877470357,13.473326086956522,-6.222635375494072
9,10,-15.27,-17.346197492163007,0.5277742946708465,16.909915360501568,-9.807524451410659
10,11,-11.73,-11.853869963369963,-3.0555787545787547,9.382501831501832,-10.821461355311355
11,12,10.62,-14.059326086956522,-1.8904209486166008,13.436262845849802,-9.50969723320158
12,13,23.23,7.677987421383648,0.19211006289308177,-12.038487421383648,-16.46996006289308
13,14,19.03,1.928005847953216,2.2996998050682262,-9.509658869395711,-12.974485185185184
14,15,16.7,1.1677147435897435,8.050455128205128,-22.84346474358974,-8.212227564102564
15,16,17.68,4.459479131886478,0.3348380634390649,-22.571188647746244,-12.78866611018364
16,17,18.5,-3.2043257575757575,-2.410579545454546,-19.82321212121212,-8.157559090909091
17,18,-12.63,2.645065476190476,-1.0185396825396826,-17.052349206349206,-13.536127976190478
18,19,13.24,1.2776239193083574,1.2259798270893372,6.597367435158502,-13.236567291066283
19,20,11.57,-5.357572446555819,-0.2918230403800474,7.3395213776722095,-9.519342042755344
20,21,12.98,6.93477002967359,6.479023738872404,6.676845697329376,-11.3274265578635
21,22,16.13,8.856042606516292,7.495667919799498,-7.214897243107771,-11.007221553884712
22,23,18.73,14.211795604395602,3.329971428571428,-1.003479120879121,-9.586461758241757
23,24,17.48,6.760950980392156,1.3538774509803921,-1.9804803921568628,-13.79682026143791
