,cluster_id,curvature,x,y,z,average_potential
0,1,-16.66,26.24624092409241,10.224663366336635,10.017933993399339,-4.120291749174918
1,2,15.54,14.774365853658537,4.53060753880266,7.182614190687362,-9.91120598669623
2,3,14.86,18.3413143812709,9.203877926421404,6.057548494983278,-9.571620568561874
3,4,14.15,0.9844613821138212,-6.2639857723577235,-6.357676829268293,-13.558661991869918
4,5,-15.42,-4.181437352245863,0.7869574468085105,-4.229295508274231,-30.213749172576833
5,6,19.33,0.5982589928057553,3.043052757793765,-7.4769040767386095,-14.828226378896883
6,7,20.23,-10.294727586206896,1.968944827586207,2.249231034482759,-12.975571034482758
7,8,-15.43,-9.094641196013288,-4.800740863787375,-4.991272425249169,-12.568758139534882
8,9,19.72,-4.1708257575757575,-12.729435606060605,-0.41166287878787877,-5.738848863636364
9,10,-3.47,4.349092948717949,-3.7360320512820513,-0.5194423076923077,-14.247091987179488
10,11,14.3,-2.158898858075041,-4.80921044045677,2.9013686786296904,-20.655938336052202
11,12,-14.53,2.0860107066381155,8.756944325481799,11.45330835117773,-10.6045852248394
12,13,11.47,-3.659676923076923,14.458276923076925,5.483447863247863,-13.81374547008547
13,14,16.89,3.188785567010309,12.252032989690722,2.5183690721649485,-14.812197319587629
14,15,-7.19,5.82361741424802,3.160889182058047,-3.014870712401055,-18.420994986807386
15,16,16.49,7.958619122257054,1.8548918495297806,5.938971786833855,-13.864872100313482
16,17,-5.53,-1.5387712418300654,-1.4106797385620917,6.758849673202615,-11.875111764705883
17,18,-2.86,-3.254679144385027,3.719072192513369,4.3519358288770045,-27.308573262032084
18,19,13.2,-6.219933158584535,7.1227313237221495,-2.3592110091743117,-19.4925633027523
19,20,11.34,-2.5239252336448597,8.62545171339564,-8.32269781931464,-9.386744548286604
