,cluster_id,curvature,x,y,z,average_potential
0,1,22.58,-12.391168269230768,-5.191490384615384,26.908548076923076,-7.544573076923077
1,2,15.15,-12.171799591002046,0.10635173824130882,17.19570347648262,-9.156434560327197
2,3,20.63,-15.395655251141553,-0.1983082191780821,21.955253424657535,-8.791709589041096
3,4,14.55,-9.38534328358209,-8.803942786069653,17.12139552238806,-6.8777402985074625
4,5,14.0,-7.632534420289856,-6.054298913043478,9.887688405797102,-9.096442210144927
5,6,13.96,-21.570110091743118,3.1318463302752297,23.18119724770642,-8.864230275229358
6,7,-11.14,-22.84476089385475,1.3583877094972066,31.252035754189944,-10.246151173184357
7,8,12.99,-24.311665137614682,2.357093272171254,37.70032874617737,-7.898266513761468
8,9,20.95,-22.222505376344085,11.471553763440859,45.184532258064515,-3.159275268817204
9,10,16.5,-25.932612658227853,5.13506582278481,44.36941772151899,-9.647647088607595
10,11,11.19,14.76148343373494,15.739983433734936,-13.762447289156626,-11.97431641566265
11,12,-17.48,10.819586319218242,9.789921824104235,-20.100986970684037,-10.01845993485342
12,13,13.47,16.029012618296527,14.59169400630915,-19.461662460567823,-13.73266593059937
13,14,13.21,25.039849529780565,13.303047021943575,-28.408039184952976,-8.523156896551724
14,15,10.66,19.455362391033624,12.257056039850559,-23.194642590286424,-12.357761145703611
15,16,18.63,5.486881381381381,1.085524024024024,-0.5505000000000001,-8.561392342342343
16,17,21.4,0.9331043771043771,-4.559942760942761,-1.8500202020202021,-6.5482404040404045
17,18,11.84,-4.036298126064736,-5.1612163543441225,2.0082197614991477,-8.286638500851788
18,19,16.35,5.408642166344294,14.765779497098645,-17.26841586073501,-11.600249903288201
19,20,11.03,4.356326194398682,16.09512026359143,-9.622288303130148,-11.168533772652388
20,21,18.44,4.0103677042801555,11.269896887159534,-1.2937315175097275,-10.428393385214008
21,22,20.16,4.547059602649006,5.61735761589404,-7.426192052980133,-15.801712582781459
22,23,-15.61,7.326683544303798,11.038756329113923,-9.527389240506329,-11.667249367088608
