,cluster_id,curvature,x,y,z,average_potential
0,1,14.63,9.3324375,4.073526515151515,-14.93432765151515,-8.327161553030303
1,2,16.78,17.512494623655915,2.239121863799283,-8.980089605734767,-6.703364157706094
2,3,13.1,16.52992941176471,6.551480672268908,-15.870912605042015,-8.287572268907562
3,4,17.33,3.937724637681159,-2.6372898550724635,-2.857381642512077,-9.312748309178744
4,5,20.39,12.341818532818532,-1.5473088803088804,-5.442857142857142,-9.917832046332046
5,6,13.53,10.60047032967033,3.2420175824175823,-0.9230351648351648,-13.574043736263734
6,7,21.05,6.715545994065282,7.364008902077152,-5.173142433234421,-12.077584569732938
7,8,-11.52,9.986324324324325,4.71768918918919,-8.894969594594595,-13.575125675675675
8,9,19.8,-0.9207484076433119,-2.4549649681528662,2.3110477707006374,-11.846345541401273
9,10,17.95,2.8595456919060043,-3.238691906005222,8.031838120104437,-9.69048955613577
10,11,18.47,0.1451653944020356,5.582816793893128,7.236679389312978,-10.001288295165395
11,12,22.91,5.989653846153846,2.705329326923077,3.788625,-18.461781009615382
12,13,18.17,-8.692496163682865,-2.836578005115089,21.691485933503838,-5.929093861892584
13,14,-14.64,-10.4224,-2.61283595505618,15.823878651685394,-8.511200449438203
14,15,12.77,-1.8433511904761903,-2.9101051587301585,14.910886904761906,-9.346575793650793
15,16,15.76,-5.086182274247492,0.9564615384615384,10.481306020066889,-9.045913712374581
