,cluster_id,curvature,x,y,z,average_potential
0,1,18.86,3.268317934782609,-4.540790760869565,-0.1158070652173913,-23.487891576086955
1,2,23.17,0.14605432595573445,-9.385915492957745,2.3915513078470827,-22.048854728370223
2,3,17.83,8.02747022587269,-5.589985626283367,7.3002956878850105,-11.345419301848048
3,4,13.4,7.795406735751294,-0.7641943005181346,2.351124352331606,-11.757222797927461
4,5,13.47,7.172224570673712,0.9036750330250991,-4.482828269484808,-12.174396697490092
5,6,20.42,0.8858297101449274,-7.74980072463768,-10.318394927536232,-10.0927615942029
6,7,14.76,-0.6401922455573507,-10.765235864297255,-5.319130856219709,-14.858580936995155
7,8,16.11,9.470467479674795,-7.27210975609756,-3.952589430894309,-8.67725487804878
8,9,19.32,7.344553879310345,-6.919183189655173,-11.36608620689655,-6.924001939655172
9,10,13.47,-20.263354782608697,-8.605843478260871,21.392071304347823,-7.0977754782608695
10,11,-11.3,-19.64930204778157,-14.999491467576794,20.68682081911263,-6.238819624573379
11,12,20.84,-21.624041666666667,-8.331333333333333,11.982231481481481,-9.301298148148149
12,13,14.16,-14.71993120805369,-7.409045302013423,17.296560402684563,-11.23622466442953
13,14,12.59,-7.861479381443298,-5.570539948453607,14.248475515463916,-13.265644587628866
14,15,22.26,-7.41468149882904,-7.678004683840749,5.203887587822014,-23.365620374707262
15,16,19.96,0.7588348348348348,-7.969936936936937,11.093144144144144,-18.39377057057057
16,17,-13.84,-1.3342933070866143,-1.5376417322834648,9.153017716535434,-14.96890590551181
17,18,16.42,-7.774178060413355,-14.56848171701113,-2.6670635930047695,-12.687445627980923
18,19,13.76,-12.37913052631579,-13.771589473684209,10.467326315789473,-15.516128
19,20,17.14,-12.59870855148342,-17.831661431064575,4.7062198952879575,-11.936955148342058
20,21,16.29,-7.8829120234604115,-12.816894428152493,4.171472140762463,-20.98036129032258
