,cluster_id,curvature,x,y,z,average_potential
0,1,11.3,-8.417317241379312,-3.280165517241379,-3.677114942528736,-18.447074942528737
1,2,14.41,-8.346793436293435,-0.4194169884169884,-8.89638223938224,-12.942215250965253
2,3,-15.31,-6.272891472868217,6.011266149870801,-10.939387596899227,-8.910419121447028
3,4,19.56,-0.07469970845481035,2.2665102040816327,-6.41961807580175,-17.49511836734694
4,5,11.17,-10.277352441613587,-10.951804670912951,-4.174375796178344,-16.938838641188962
5,6,21.18,-9.733047794117647,-9.405591911764706,-13.23491544117647,-12.878678676470587
6,7,15.79,-4.568033707865169,-13.244870786516854,-9.926455056179774,-16.26413174157303
7,8,23.46,2.250845132743363,-5.137707964601769,-0.816858407079646,-19.44146637168142
8,9,20.46,5.641720547945206,-3.9972273972602737,-7.944671232876713,-14.73761095890411
9,10,16.37,-2.5755877437325907,-6.3803398328690815,-3.9603593314763232,-21.661166295264625
10,11,11.34,0.504007042253521,-8.908305164319248,-8.934096244131457,-11.193249530516432
11,12,16.63,11.790646634615383,15.928564903846155,4.406189903846154,-8.478214903846155
12,13,13.88,15.718202108963093,12.660239015817222,9.732189806678383,-7.589217223198594
13,14,14.65,6.2708378378378375,1.1652368839427663,-2.440860095389507,-14.542129729729728
14,15,8.77,11.28028878281623,7.793622911694511,4.797863961813842,-9.590232219570407
15,16,12.6,11.093612139917697,0.9563323045267489,4.293739711934156,-11.362485699588477
