,cluster_id,curvature,x,y,z,average_potential
0,1,22.91,-10.224056140350879,9.092659649122808,5.834414035087719,-11.283759298245613
1,2,15.96,-8.625086383601756,3.735672035139092,10.109471449487556,-11.589278184480234
2,3,14.33,-6.718005253940456,8.788194395796848,16.917406304728548,-9.584223292469353
3,4,13.48,-14.18624342105263,8.123101973684209,18.53485855263158,-9.48763322368421
4,5,14.98,-12.767599156118145,12.485232067510548,26.384280590717303,-10.586739451476793
5,6,18.75,-6.417572383073496,11.527276169265033,24.754089086859686,-9.98780022271715
6,7,13.57,-10.035286597938143,11.417907216494845,33.44271546391752,-10.003872164948454
7,8,12.14,-13.113248939179634,17.1652828854314,39.88148514851485,-6.219720792079208
8,9,-13.44,26.955396678966792,5.750405904059041,-22.012721402214023,-10.03840996309963
9,10,-14.62,30.459179629629634,-0.26250370370370374,-23.884500000000003,-4.724264074074074
10,11,12.62,21.210039189189185,4.848075675675676,-17.573024324324326,-13.428547837837838
11,12,15.23,17.24150350631136,2.119636746143058,-10.21785553997195,-10.770191164095372
12,13,10.92,13.573822107081176,6.375134715025907,-14.006701208981001,-15.35369671848014
13,14,-0.46,2.61170202020202,6.481601010101008,-4.966358585858586,-13.23838484848485
14,15,12.01,-0.6843293413173652,2.2727754491017964,-8.219383233532934,-11.819959880239521
15,16,17.26,9.3371875,1.0694791666666668,-13.342193452380952,-15.390350000000002
16,17,15.73,6.729976157082749,3.5698920056100985,-8.069798036465638,-13.423788779803647
17,18,24.4,3.4694313725490202,6.047666666666666,3.2909640522875816,-11.884239869281046
18,19,17.09,3.189586698337292,-1.9537600950118768,1.3890665083135392,-8.151993824228027
19,20,22.21,-4.000868421052632,7.631225877192982,-0.7506644736842106,-11.690190131578948
20,21,-13.52,-5.346504655493481,-1.8688659217877097,-0.8315344506517691,-13.61249459962756
21,22,15.96,-6.722654958677687,1.79799173553719,3.8261136363636363,-11.055527272727272
