,cluster_id,curvature,x,y,z,average_potential
0,1,-11.8,11.64380442804428,8.568562730627306,-14.796523985239853,-8.057028228782288
1,2,14.69,15.077607142857143,-1.6372117346938777,-8.065375,-11.36787193877551
2,3,14.27,14.016413120567375,-0.005218085106382975,-14.30116489361702,-6.778392907801419
3,4,9.72,5.741942339373971,0.9990313014827017,-7.21379406919275,-13.24289093904448
4,5,23.59,15.987387434554975,7.524879581151832,-6.07790052356021,-8.940631413612566
5,6,19.79,6.75727966101695,9.687268361581923,-3.155361581920904,-10.66341779661017
6,7,13.13,8.782812612612613,5.971846846846847,-8.227778378378378,-12.28036666666667
7,8,12.19,-8.347412598425198,-2.935075590551181,13.544203149606298,-12.651652283464566
8,9,15.63,-14.727086567164175,-9.279805970149253,13.081205970149252,-8.49556328358209
9,10,16.99,-12.570809523809524,1.2626458333333332,15.995193452380953,-8.717228273809523
10,11,13.72,-14.561459584295612,-3.932242494226328,20.390944572748268,-6.657203926096998
11,12,23.49,5.917903225806452,2.0484121863799287,-0.06287455197132623,-11.804193189964156
12,13,19.13,1.4598526841448192,-4.995468164794008,-2.2157977528089887,-10.8654595505618
13,14,10.88,-0.6763173996175909,-5.45063862332696,9.643655831739961,-13.10574378585086
14,15,15.23,-7.376024742268041,-3.8671690721649483,3.6128226804123713,-15.954898144329896
15,16,-2.34,-1.0275116959064328,1.161625730994152,4.974377192982455,-15.146056140350876
