,cluster_id,curvature,x,y,z,average_potential
0,1,9.3,-15.500934489402697,7.261202312138729,15.707551059730251,-9.206177842003854
1,2,13.47,-9.100198863636365,5.881905303030303,15.434553030303029,-12.531767803030304
2,3,21.93,-4.0423382352941175,2.6934411764705883,2.4824529411764704,-12.325309705882354
3,4,20.78,-6.153524675324675,8.808483116883115,4.521955844155845,-10.56932155844156
4,5,17.85,-7.053424096385543,1.4638506024096387,10.920113253012047,-13.242705542168675
5,6,12.1,-12.22049053030303,3.492034090909091,5.72204356060606,-9.964540909090909
6,7,17.01,-16.0497275,4.54395,35.76681249999999,-7.799774
7,8,-11.71,-21.91441575091575,10.853668498168497,37.83171428571429,-7.874834981684981
8,9,15.52,-11.197090038314176,2.36894061302682,23.938256704980844,-11.304787356321839
9,10,16.72,-18.38253170731707,0.36356341463414643,23.839282926829267,-9.847523170731707
10,11,-13.08,-21.938018484288357,7.706022181146027,29.073768946395564,-9.808072273567468
11,12,-11.34,-17.597917857142857,7.727071428571429,24.549714285714288,-10.171763214285713
12,13,-12.23,15.820565279770447,3.731783357245337,-38.995058823529405,-4.289488378766141
13,14,-11.77,13.653761904761904,3.1866936507936505,-29.19721746031746,-9.291995873015873
14,15,11.78,13.981856866537717,3.491096711798839,-20.074394584139263,-9.819164216634428
15,16,15.28,3.8518447837150123,7.02655979643766,-17.59505852417303,-12.064217302798982
16,17,18.18,11.377592057761733,6.394660649819494,-13.104880866425994,-9.706253429602889
17,18,15.54,7.858608374384237,2.2749655172413794,-18.29354187192118,-13.680866009852217
18,19,13.5,7.28778947368421,5.728134502923976,-9.62111111111111,-11.635764619883041
19,20,-16.87,-1.004981072555205,3.539630914826499,-9.265410094637225,-14.10026876971609
20,21,9.5,1.2387724550898203,-0.05519560878243511,-14.269704590818362,-11.656821956087827
21,22,-12.11,-1.2776973500697348,-2.25307949790795,-3.1905857740585777,-13.378281450488146
22,23,12.82,1.984222720478326,5.283439461883408,-2.6057817638266068,-12.746824514200298
