,cluster_id,curvature,x,y,z,average_potential
0,1,8.94,-3.848177993527508,3.8632750809061487,10.028375404530744,-11.967288996763752
1,2,12.75,-3.592432971014493,-0.6861376811594203,4.626565217391304,-10.981239311594203
2,3,17.15,-5.945989293361884,9.386319057815847,4.031248394004283,-11.460313062098498
3,4,21.71,-5.203619909502263,4.371280542986425,-1.139366515837104,-14.237084162895927
4,5,15.65,1.77739010989011,6.837975274725275,2.583126373626374,-11.929981318681318
5,6,-13.6,-13.851142201834863,-2.7430940366972476,20.693316513761467,-5.434204587155963
6,7,13.25,-17.894371653543306,2.945220472440945,21.339891338582678,-6.667437795275591
7,8,16.48,-11.857252155172414,-0.05834482758620689,16.328191810344826,-9.385318965517243
8,9,15.47,-7.153958100558659,-0.5864441340782123,13.633857541899442,-11.419709776536312
9,10,14.82,-9.950463465553236,5.96789770354906,11.775555323590813,-10.368079331941544
10,11,12.72,15.387507067137811,2.145010600706714,-25.436192579505303,-8.889335159010601
11,12,-11.29,11.660370816599732,6.737989290495315,-21.8694484605087,-12.02294297188755
12,13,13.38,6.146532388663968,-0.5553947368421053,-14.780852226720647,-10.745604453441295
13,14,11.35,6.955155462184875,7.368890756302521,-8.189915966386554,-10.933916386554621
14,15,11.06,8.440333853354135,6.262672386895477,-13.97653822152886,-14.07398034321373
15,16,-7.34,2.237352201257861,2.008059748427673,-1.994462264150943,-11.927377358490565
16,17,13.23,1.3031357702349868,8.933373368146214,-6.184391644908616,-12.138812010443862
17,18,15.98,0.46938229376257556,1.861949698189135,-9.292643863179073,-11.209686116700201
