,cluster_id,curvature,x,y,z,average_potential
0,1,-12.17,25.68247855227882,11.956583109919572,-32.822353887399466,-8.139677479892761
1,2,-13.6,13.913394557823128,8.914297052154195,-28.46837641723356,-8.195786621315193
2,3,-14.75,19.308385474860334,9.710035381750467,-32.16698882681565,-8.935521973929236
3,4,11.67,39.1570052173913,12.938744347826088,-38.14889913043478,-8.991225913043479
4,5,-11.53,32.68927532097005,13.25903566333809,-33.73499286733238,-10.041210128388018
5,6,-14.57,45.127473821989526,13.115560209424084,-51.77342408376964,-3.709119371727749
6,7,11.73,42.51935231788079,9.358268874172184,-44.55889536423841,-6.520507947019866
7,8,20.99,-28.577398009950247,-0.467223880597015,54.22125870646766,-2.8527810945273626
8,9,15.38,-29.4261635883905,-1.2489973614775727,45.1879709762533,-8.506141160949868
9,10,-14.92,-34.51475743707094,1.4781121281464529,48.02164988558353,-4.696969107551487
10,11,16.32,-15.24972697368421,-6.820976973684211,19.389292763157894,-7.250422039473685
11,12,24.65,-26.698354497354494,-5.465037037037039,19.8425873015873,-3.281827513227513
12,13,13.82,-19.95572310405644,-0.9717389770723104,20.009015873015873,-7.774929629629629
13,14,-10.95,-21.95845634920635,-0.8768373015873014,29.304284391534388,-7.7787945767195765
14,15,15.33,-28.381362637362642,3.073551282051282,36.750948717948724,-8.93352032967033
15,16,14.9,-27.894967145790556,-4.652755646817248,36.05152566735113,-8.153818480492813
16,17,16.77,-11.003386430678466,4.446545722713864,0.379362831858407,-8.250182595870205
17,18,-12.64,-12.680769080234834,4.836156555772994,7.035001956947164,-7.2493544031311155
18,19,13.07,-18.815644951140065,-0.5007182410423453,9.607361563517916,-9.025978013029317
19,20,14.47,-11.051178571428572,-3.9286597744360905,6.672039473684211,-9.390457518796994
20,21,18.79,-1.3721777301927196,4.325832976445397,-10.307031049250535,-7.897184689507494
21,22,12.75,-6.66095340501792,5.478096774193549,-4.836885304659497,-8.30328028673835
22,23,17.25,9.227730952380952,4.289538095238095,-26.155773809523808,-11.805944285714286
23,24,12.32,9.26736531986532,2.538387205387205,-19.408402356902357,-11.507238383838384
24,25,16.0,-0.059997267759562926,8.08316393442623,-17.75998087431694,-5.694485792349727
25,26,14.02,1.449448669201521,-0.02526996197718637,-19.331912547528514,-5.224772243346008
