,cluster_id,curvature,x,y,z,average_potential
0,1,9.4,-4.309052060737527,-2.413668112798264,8.411993492407808,-12.580469848156184
1,2,15.74,1.4071702127659576,2.158255319148936,3.559790273556231,-14.238497568389059
2,3,21.41,-3.4253720430107526,-1.1620451612903229,-1.024331182795699,-14.475979784946237
3,4,18.98,-9.034448071216618,-0.7760949554896144,1.9268753709198811,-12.926159050445104
4,5,15.89,-2.636253968253968,7.323136507936508,-0.21694285714285716,-10.405612063492065
5,6,11.94,-5.575944134078212,6.1282150837988825,5.0298519553072625,-11.13478407821229
6,7,-10.83,-12.76766722972973,2.605065878378378,8.079736486486485,-12.81502972972973
7,8,13.47,-8.372847184986595,4.276077747989276,14.474319034852547,-13.433607774798928
8,9,13.73,-14.95311330049261,3.468215106732348,14.644362889983581,-14.47696157635468
9,10,13.96,-18.266490783410138,8.376970046082949,15.921071428571429,-12.398312211981567
10,11,18.62,-22.535478813559322,3.676802966101695,23.191059322033897,-8.117465042372881
11,12,13.01,-17.211114173228346,3.237966535433071,21.573578740157483,-8.983147047244096
12,13,16.14,11.431105982905983,6.403124786324787,-20.213752136752138,-10.308053162393163
13,14,20.21,12.816584905660378,1.4183144654088051,-10.085654088050315,-11.507920754716983
14,15,-9.78,7.836383507853403,3.1136164921465967,-14.871014397905757,-16.346216361256545
15,16,19.47,2.4698812949640288,-4.8502374100719425,-13.781715827338129,-9.490307913669064
16,17,15.76,1.985439024390244,2.279188153310104,-11.822522648083625,-22.409547735191637
17,18,18.23,7.925142201834863,0.4243922018348624,-6.0072339449541285,-11.36964518348624
18,19,18.2,2.565991304347826,3.9472713043478262,-4.3835304347826085,-13.936376695652175
19,20,17.53,36.08821492537313,12.546901492537312,-16.2782447761194,-4.9593871641791045
20,21,-15.53,15.620835051546393,6.660580756013746,-13.620890034364262,-11.137476975945019
21,22,12.43,20.788232044198896,7.249929558011049,-18.558893646408837,-9.257349861878453
22,23,16.14,30.30363979416809,8.849526586620925,-20.64746140651801,-9.208912521440823
23,24,17.28,23.06913389121339,12.510575313807532,-21.68118619246862,-6.808327615062763
