,cluster_id,curvature,x,y,z,average_potential
0,1,-4.22,-7.4776171875,6.1431953125000005,10.89475390625,-19.376059765625
1,2,14.59,-15.00587440381558,5.20039586645469,9.379189189189187,-16.276298728139906
2,3,18.8,-15.492358543417367,-1.4794061624649857,16.716226890756303,-25.304157422969187
3,4,13.6,-11.715574938574937,8.732565110565112,18.67744226044226,-15.747744717444716
4,5,20.3,0.8231846153846154,1.971753846153846,9.845965384615385,-15.240237307692308
5,6,14.12,-5.709150837988827,-0.9004953445065178,13.297054003724394,-29.398108752327747
6,7,19.02,-3.2889135399673735,4.232404567699837,0.8426199021207179,-11.36910603588907
7,8,12.45,-11.467148148148148,1.4339583333333334,5.278444444444444,-14.247772685185184
8,9,-12.95,-5.163152380952381,-1.4865587301587302,5.67908253968254,-16.62325015873016
9,10,17.67,-5.47310447761194,3.9835503731343285,28.643548507462686,-16.341054477611937
10,11,16.31,0.32338916256157635,8.53253448275862,25.97951724137931,-12.317345812807881
11,12,-16.44,-3.0882629870129867,4.793123376623377,20.523412337662336,-16.09003766233766
12,13,5.5,-4.262429054054055,-5.508405405405405,20.000915540540543,-13.91521081081081
13,14,5.11,-13.00686818181818,0.7687999999999999,22.758959090909087,-20.404645454545456
14,15,11.26,-9.28961607142857,-3.7469166666666665,24.93467857142857,-17.68106666666667
15,16,14.03,-10.81060103626943,-10.728463730569947,20.16483937823834,-11.740358549222798
16,17,-12.45,-6.47933865248227,-8.228347517730498,11.067758865248228,-17.6083109929078
17,18,12.17,30.28225502008032,-2.3721064257028113,-18.887081325301207,-7.078625502008032
18,19,-14.73,28.304375576036872,3.949774193548387,-25.031451612903226,-8.580702764976959
19,20,-15.58,26.16022443181818,8.254017045454544,-18.144045454545452,-14.235215340909091
20,21,20.1,18.516874213836477,5.678003144654088,-21.326748427672953,-11.33308427672956
21,22,13.62,2.850215300546448,7.348701639344262,-5.117029508196722,-12.459770601092895
22,23,16.26,18.240454113924052,7.970890822784809,-12.773322784810127,-14.919364715189875
23,24,12.82,12.710496202531646,7.815118987341773,-6.881222784810126,-11.483339746835444
24,25,14.07,9.947653608247423,6.973723711340206,-12.250292783505154,-11.535011546391752
25,26,14.39,11.981959107806691,11.676,-19.222330855018587,-10.312049256505576
26,27,11.96,19.678884444444442,15.352146666666668,-16.81598962962963,-10.011651703703704
