,cluster_id,curvature,x,y,z,average_potential
0,1,20.98,-5.422976923076924,12.7017,-9.274757692307691,-7.530776538461539
1,2,18.09,-3.393151821862348,6.73231983805668,-7.130115384615385,-11.830714170040485
2,3,13.98,5.2224031117397445,4.611451202263084,-12.929827439886845,-16.852579066478075
3,4,20.05,-2.753982142857143,2.552046875,-14.811814732142858,-13.613102678571428
4,5,15.93,0.47191607142857145,10.375148214285716,-13.602569642857143,-13.745977321428573
5,6,16.25,1.1599442231075696,-0.4036733067729083,-8.393509960159363,-17.336945816733067
6,7,13.57,7.263525059665872,-3.526861575178998,-6.5193508353221965,-14.233497613365156
7,8,14.91,9.361554726368158,-0.9667985074626866,-13.637594527363184,-11.332127860696518
8,9,17.39,11.649537500000001,-8.226983333333333,-10.885970833333333,-7.243177291666666
9,10,-12.9,5.546232,7.475361999999999,-4.606952000000001,-18.5088284
10,11,23.24,13.666239999999998,4.311052307692308,-0.8877784615384614,-11.416615384615385
11,12,21.3,12.894299035369777,4.787556270096463,-8.155823151125404,-11.96504694533762
12,13,20.62,6.306568376068375,-1.7968717948717952,0.712698717948718,-18.27212777777778
13,14,21.88,2.0051748878923763,0.9687847533632287,4.299255605381165,-15.822809865470854
14,15,12.47,6.785288425047438,6.21431688804554,4.0432068311195435,-11.388214421252371
15,16,14.53,-20.540215139442232,9.743384462151395,16.35989043824701,-7.43122171314741
16,17,15.66,-11.046479524438576,5.993402906208719,17.38838177014531,-11.191767635402908
17,18,-14.82,-12.683790229885057,2.3697327586206898,8.834566091954024,-13.227568678160921
18,19,12.81,-15.234210820895523,7.709999999999999,11.086576492537315,-12.423017910447761
19,20,19.53,0.8516088709677418,8.569556451612904,7.911282258064516,-9.707121774193547
20,21,18.63,-0.9221125654450261,6.44717277486911,-0.670803664921466,-17.851006544502617
21,22,9.69,-5.965897177419355,0.9904354838709679,5.021828629032258,-13.35524677419355
22,23,19.02,-3.160575498575499,4.96114245014245,11.395299145299145,-15.817030769230769
23,24,16.24,-8.332002645502646,9.068915343915345,7.3912116402116395,-16.010548941798945
