,cluster_id,curvature,x,y,z,average_potential
0,1,12.47,-25.23897435897436,-2.4267808857808855,15.851995337995339,-10.464819696969696
1,2,17.53,-21.69047963800905,-7.307343891402716,10.47789140271493,-14.33163665158371
2,3,-17.42,-17.28081194029851,-7.576874626865671,17.19633432835821,-9.938630447761193
3,4,12.99,-11.498152804642167,-0.5630135396518375,-1.1948858800773694,-8.845553771760153
4,5,-10.26,-7.153908675799087,4.325286149162861,2.2968599695585996,-13.09381415525114
5,6,14.77,-14.16185131195335,-6.408002915451895,8.853883381924199,-10.493373760932945
6,7,16.24,-9.320647355163729,-4.656702770780857,4.5529219143576825,-11.512179345088162
7,8,14.65,-10.25542105263158,-0.09905263157894735,12.183418282548477,-11.379866759002772
8,9,12.55,-18.37977379095164,0.5943432137285491,9.354533541341652,-11.994492355694229
9,10,12.88,1.5822363636363637,-5.732959090909092,-5.038343181818182,-12.064732045454546
10,11,15.39,4.89715112540193,-0.30770418006430866,-8.392559485530548,-13.672993247588424
11,12,22.18,-2.9800451467268623,-3.502135440180587,0.5498306997742664,-15.301363656884876
12,13,17.51,-0.07882041587901696,3.252459357277883,-3.069325141776938,-15.504793194706993
13,14,10.25,14.090918819188193,3.8179446494464946,-11.440095940959408,-12.042984317343173
14,15,17.81,12.706724279835392,-4.397995884773662,-14.86365843621399,-13.544676543209878
15,16,15.86,9.016450592885375,0.04911067193675888,-12.43803557312253,-14.982427272727271
16,17,12.1,21.280138709677423,-1.3949903225806453,-17.72753064516129,-9.155365161290323
17,18,-14.4,17.664644144144145,1.4158716216216214,-24.42164189189189,-7.8014648648648635
18,19,11.39,14.330069158878503,3.2871177570093457,-18.710136448598128,-12.324067476635513
