,cluster_id,curvature,x,y,z,average_potential
0,1,16.45,-12.88491680532446,-4.841071547420966,-1.4803993344425956,-10.145868718801996
1,2,-11.13,-11.74106045751634,-0.26612908496732024,7.562769607843139,-15.90685637254902
2,3,16.72,-13.651564383561643,-6.271164383561644,5.257424657534247,-12.238794246575344
3,4,21.21,-6.355352941176471,-4.3226737967914435,4.69003743315508,-14.746679144385027
4,5,12.18,2.323194719471947,0.2698745874587459,7.44219801980198,-14.477660396039603
5,6,-9.49,-5.520187817258884,4.620888324873096,5.958093908629442,-18.373562944162437
6,7,18.65,-2.6473204747774477,10.206640949554895,11.719810089020772,-17.63533175074184
7,8,21.95,3.9833849206349203,7.545686507936508,9.959551587301586,-16.169549603174605
8,9,17.56,1.2482919708029196,10.477793187347931,3.963917274939173,-17.49960291970803
9,10,20.8,-6.499270642201837,10.039155963302752,22.48707798165138,-8.693909633027523
10,11,14.88,-10.126830820770518,7.835517587939699,16.34605360134003,-12.494634840871022
11,12,19.86,-7.049823151125402,1.2604565916398713,17.812398713826365,-12.643042765273313
12,13,12.0,-0.46704553734061904,1.4210346083788707,14.7335956284153,-12.42676247723133
13,14,16.81,0.8999143968871596,7.073696498054475,-19.063116731517507,-10.544682879377431
14,15,14.84,8.333588972431077,6.090439849624061,-18.277328320802006,-10.494548746867169
15,16,13.09,19.100773181169757,6.837152639087018,-16.276493580599144,-8.476007988587732
16,17,18.9,9.268183606557377,6.889586885245902,-10.383232786885248,-12.420036393442624
17,18,-14.73,15.250973958333333,11.163299479166668,-8.0995078125,-7.771272135416666
18,19,20.18,7.178834951456311,1.3695663430420713,4.138854368932039,-12.965103883495145
19,20,11.8,4.496298045602606,6.126983713355049,0.6556449511400652,-18.723433061889253
20,21,21.06,15.244596296296297,8.295466666666666,2.6257296296296295,-8.678262222222221
21,22,14.15,9.807142857142857,5.058520110957004,-3.3697156726768376,-12.259379889042995
22,23,11.3,-2.223014705882353,3.694745098039216,-7.421816176470588,-19.036095833333334
23,24,14.9,1.2055685975609758,3.836655487804878,-11.015004573170732,-17.55695106707317
24,25,14.75,1.0714679487179488,-3.736628205128205,-4.361227564102564,-13.775705448717948
25,26,15.18,-4.915230769230769,-1.0314045092838195,-1.9333793103448276,-19.211672148541115
