,cluster_id,curvature,x,y,z,average_potential
0,1,20.92,-9.367168674698796,-2.7254819277108435,0.7603132530120481,-16.295622088353415
1,2,17.31,-7.134578544061303,6.971022988505747,0.27387356321839085,-29.860477777777774
2,3,18.58,-9.106968292682927,2.3135195121951218,-4.567868292682927,-19.991918048780487
3,4,17.59,0.38536443661971825,2.4775862676056337,11.01775704225352,-24.423093485915494
4,5,16.3,-9.028071721311477,1.6704303278688526,7.643299180327869,-16.4287012295082
5,6,19.88,-3.4305286195286193,10.28512457912458,10.455474747474748,-17.67684343434344
6,7,9.12,-8.636594339622642,10.928918238993711,6.161597484276729,-15.499486477987421
7,8,4.66,4.1102037037037045,-4.971777777777778,-5.2998472222222235,-24.352310185185186
8,9,-22.82,-2.977872222222222,-0.7979777777777778,-4.64365,-34.27934055555556
9,10,17.54,-0.9789542483660132,-7.146461873638344,-0.2755119825708061,-18.124516993464052
10,11,8.57,0.4387859424920127,-6.686319488817892,6.26085303514377,-19.24049041533546
11,12,18.29,7.489473233404711,-1.8470042826552462,2.9544710920770876,-22.26577730192719
12,13,-17.18,-0.3251655172413792,11.796844827586208,1.6839862068965517,-22.462411034482756
13,14,16.35,3.5988630705394193,9.939850622406638,10.960572614107885,-14.348318257261411
14,15,19.33,6.445693121693121,11.454169312169311,5.897920634920634,-13.829280158730159
15,16,-4.72,11.187071770334928,5.5525789473684215,0.8517416267942585,-22.13115837320574
16,17,-1.67,6.673996441281139,11.996241992882561,-1.403103202846975,-13.553064412811388
17,18,16.14,9.187884940778341,3.6256598984771573,-6.5711539763113365,-18.853721489001693
18,19,-4.17,0.7442311557788943,9.286160804020101,-6.5198592964824105,-19.32793969849246
19,20,12.18,-0.1289515151515152,3.326763636363636,-9.79110909090909,-16.477927272727275
