,cluster_id,curvature,x,y,z,average_potential
0,1,11.47,-15.076322485207102,4.413902366863905,9.127945266272189,-11.621567159763314
1,2,14.01,-12.477766570605187,9.43970317002882,0.8607435158501441,-22.35797665706052
2,3,13.91,-11.552965376782076,-1.7162830957230144,2.7601120162932795,-17.09098044806517
3,4,16.35,-17.654272138228944,-0.6468552915766738,-4.897982721382289,-13.689199568034557
4,5,12.4,-15.241174698795179,4.381383534136546,-4.330855421686747,-18.18832751004016
5,6,18.79,-5.4680382293762575,7.399501006036217,-7.507016096579477,-19.970069014084505
6,7,8.09,-2.4928971428571427,-4.175508571428571,-1.7095885714285715,-19.395931428571426
7,8,6.85,-7.391876288659795,-0.8635180412371134,-6.7448865979381445,-15.710490206185566
8,9,18.97,5.196763698630137,-7.419986301369863,-13.307948630136988,-10.658713698630137
9,10,14.06,9.748187028657616,-1.886307692307692,-11.91850527903469,-11.385485520361991
10,11,14.46,4.196666666666666,-3.881812652068126,-5.744333333333333,-16.368299270072992
11,12,11.64,1.1583131672597866,3.626181494661922,-9.237647686832743,-21.604083985765122
12,13,17.94,-7.139273504273505,-0.5016866096866096,11.976735042735045,-16.854503133903133
13,14,12.3,-1.2026931297709924,-4.700874809160305,11.486189312977098,-15.587884427480915
14,15,15.43,5.265727848101267,5.139558544303798,3.5794224683544305,-34.18045189873418
15,16,16.02,5.936583081570997,-2.0688655589123868,5.853361027190332,-21.50461555891239
16,17,17.28,7.783180758017492,3.26234110787172,11.981533527696794,-16.738414577259476
17,18,-13.33,14.24416629213483,1.7819595505617976,5.999773033707865,-11.986993033707865
18,19,25.32,7.537963265306123,5.622665306122449,-3.197036734693877,-18.766339591836736
19,20,-13.88,2.4477342799188646,11.07831845841785,-3.015002028397566,-23.98612920892495
20,21,19.57,6.844914999999999,13.355127499999998,3.2088900000000002,-16.23435975
21,22,18.1,0.3443864118895966,17.3696050955414,2.8269384288747346,-12.022250530785561
22,23,16.67,-1.9455770392749248,6.886151057401812,12.024225075528701,-21.353832779456194
23,24,21.76,-3.2314353562005276,1.894366754617414,3.274163588390501,-36.09276569920844
24,25,-15.63,-3.9495100401606424,9.850698795180723,3.2207670682730924,-31.246787148594372
25,26,15.39,0.45852014652014655,11.752948717948719,7.807040293040293,-20.371427838827834
