,cluster_id,curvature,x,y,z,average_potential
0,1,16.21,-34.48973285198556,-10.797880866425993,37.542758122743685,-3.7057115523465702
1,2,15.74,-29.162001937984492,-5.241563953488372,38.3159457364341,-7.216360852713178
2,3,-11.66,-27.967720739219715,-6.884850102669405,31.603751540041067,-7.203627104722793
3,4,21.88,-5.855182648401826,-3.808525114155251,26.96170776255708,-7.33934200913242
4,5,15.09,-6.358379411764706,-1.9457058823529412,18.70289117647059,-9.522909117647059
5,6,16.02,-11.051546086956522,-5.824584347826087,21.204219130434783,-8.579149043478262
6,7,-12.53,-20.784950980392157,-8.842799019607842,29.87911111111111,-8.694985784313726
7,8,17.49,-16.50249812734082,-2.4843333333333333,23.890026217228463,-12.622496629213485
8,9,-13.82,-21.820687979539645,0.3220920716112531,27.87920971867008,-6.88252378516624
9,10,19.87,3.4035171339563863,1.1737040498442368,-0.8597414330218067,-11.949753271028037
10,11,17.46,0.09437537091988137,0.0566320474777447,-7.435089020771512,-11.13329599406528
11,12,11.2,7.113402922755741,-3.919780793319415,-2.838899791231733,-8.62529561586639
12,13,14.48,12.239189338235295,-5.421639705882353,-8.03794117647059,-10.530108272058825
13,14,19.74,22.951401486988846,-6.192081784386617,-13.037141263940521,-6.1436115241635685
14,15,-16.84,16.197767567567567,-4.414151351351352,-14.654794594594595,-12.301024594594596
15,16,-12.2,5.916054145516075,2.2546125211505923,-13.500450084602369,-10.647189001692047
16,17,19.16,15.331129151291515,5.752874538745387,-18.515601476014762,-6.657359409594096
17,18,16.1,11.678223076923075,-0.7387102564102563,-16.286251282051282,-13.55035282051282
18,19,15.43,-0.9127230769230769,-2.7334430769230766,4.21408,-11.03392076923077
19,20,13.58,-7.994891428571427,0.3834028571428572,10.935177142857142,-7.873715999999999
20,21,16.35,-2.620366598778004,-4.774700610997963,12.371875763747456,-6.612965784114054
21,22,18.92,-5.683621468926554,2.4003135593220337,-7.29088418079096,-9.083383615819209
22,23,15.53,-10.761570588235294,3.359654411764706,-3.2330264705882352,-8.6190575
23,24,16.26,-6.362361111111111,12.690430555555555,-11.080766203703703,-6.847042824074073
24,25,15.8,-10.219146126760563,10.790320422535212,-6.090552816901408,-11.084992429577465
