,cluster_id,curvature,x,y,z,average_potential
0,1,14.39,8.943417061611376,5.143640995260664,0.6569739336492889,-11.139218127962087
1,2,17.21,6.527254237288135,12.116537530266346,-11.706980629539952,-5.466003147699759
2,3,-11.56,3.562484684684685,8.300405405405407,-6.588672072072072,-9.664809369369369
3,4,18.99,-23.07650922509225,-0.2285682656826568,6.628383763837639,-3.794284870848709
4,5,16.74,-15.583141903171953,-0.2717579298831385,11.213921535893155,-13.398795158597663
5,6,19.8,-11.033138983050847,2.6292237288135594,16.688505084745763,-8.164236271186441
6,7,15.15,-6.19931061806656,0.4936925515055469,12.27370681458003,-9.288495087163232
7,8,16.1,-5.285904761904763,5.3311190476190475,4.843538095238095,-13.147410793650794
8,9,17.7,0.29794047619047614,2.844797619047619,8.804214285714286,-8.929059999999998
9,10,13.59,2.0110507042253523,6.9190591549295775,4.849030985915493,-13.70981267605634
10,11,20.68,-7.554982456140351,0.6353552631578947,-7.745451754385965,-8.862337719298244
11,12,13.76,-4.1760323741007195,6.535116906474821,-4.636991007194244,-13.207134352517985
12,13,-11.98,-13.028342608695652,5.85427652173913,-3.0251930434782612,-10.663940347826086
13,14,16.65,-17.340722222222222,2.5300877192982454,1.085046783625731,-11.013858187134502
14,15,13.12,-12.794023980815346,2.0062278177458035,4.530930455635492,-10.862251558752998
