,cluster_id,curvature,x,y,z,average_potential
0,1,-14.64,0.6935828877005347,-5.986272727272727,-0.39701604278074876,-28.031167379679147
1,2,18.03,5.5947487179487165,-1.3406102564102562,-2.1436615384615387,-29.23630153846154
2,3,15.62,3.0660724233983294,-0.27031197771587745,6.346233983286909,-26.296572144846795
3,4,20.54,5.092205128205128,5.946602564102564,3.4532589743589743,-25.80270128205128
4,5,15.18,-5.162270707070706,2.808735353535354,11.452672727272727,-21.620985454545455
5,6,12.71,2.2046289517470883,-6.253610648918469,9.966625623960068,-15.02933078202995
6,7,17.78,-4.078589147286822,-8.677451550387596,5.243116279069767,-19.419906395348836
7,8,19.39,-16.952859099804307,2.31713698630137,0.5856986301369861,-20.37498884540117
8,9,24.55,-12.700396825396826,-1.1479404761904763,8.225948412698411,-19.528367857142857
9,10,18.24,-15.200876993166286,-6.87610250569476,4.595594533029613,-18.581466514806376
10,11,14.21,-10.269538239538239,-8.054409812409812,-1.8541284271284273,-30.793466522366522
11,12,9.54,-3.6891611842105267,-9.184325657894737,-6.363144736842105,-16.774396381578946
12,13,17.55,-6.898135849056604,-6.712058490566037,-12.792652830188679,-16.34963924528302
13,14,15.25,3.7592824742268034,-2.6973649484536084,-10.013564948453608,-17.671254639175256
14,15,24.5,3.851064705882353,6.6869000000000005,-12.630629411764705,-25.194174705882357
15,16,20.44,8.59071836734694,2.4206857142857143,-7.401771428571427,-18.81845591836735
16,17,17.2,-4.217415750915752,7.272043956043956,-14.141587912087912,-23.446782234432234
17,18,10.94,-12.035134361233482,-2.96981718061674,-10.718720264317183,-25.195309691629955
18,19,-0.56,-10.985985964912281,3.731501754385965,-10.117898245614034,-22.21963403508772
19,20,10.82,4.38283885209713,11.52334437086093,-6.747611479028698,-20.430980794701988
20,21,16.51,-4.999819407008086,15.574536388140162,-5.67733962264151,-18.70505498652291
21,22,22.84,-1.0451423611111115,17.127423611111112,0.0521006944444444,-12.737917013888888
22,23,5.58,1.556489177489178,11.370064935064933,0.4568051948051948,-31.569669696969694
23,24,20.07,-11.30230991735537,12.279702479338845,-7.973896694214876,-24.899141735537192
24,25,15.62,-15.99204268292683,9.724387195121952,-1.610057926829268,-19.449255487804876
25,26,18.2,-10.246601830663614,14.331684210526316,1.9068718535469105,-19.135699313501142
26,27,7.76,-5.575845679012345,8.692799382716048,6.663216049382716,-26.49832993827161
