,cluster_id,curvature,x,y,z,average_potential
0,1,11.16,-10.587465960665659,10.294287443267775,-1.0852889561270802,-14.318422541603631
1,2,21.21,-7.535365546218489,15.271613445378152,13.677155462184874,-6.804829411764706
2,3,17.81,-8.643830827067669,12.888958646616542,5.710988721804512,-16.36972255639098
3,4,17.16,-12.000099195710456,6.423758713136729,13.294171581769438,-15.89087506702413
4,5,17.7,-14.843008565310493,7.9630449678800845,5.976858672376874,-14.000439614561026
5,6,-13.93,-1.8216825396825396,4.616829365079365,5.541809523809524,-21.92991031746032
6,7,15.85,-1.9305632911392405,1.1051930379746835,-0.10574683544303796,-19.401166772151896
7,8,15.72,-7.9237521008403355,1.9446386554621848,0.6696176470588234,-23.156208403361344
8,9,22.44,-16.60606756756757,2.245466216216216,8.999094594594595,-7.508604054054055
9,10,-10.09,-10.513211240310078,-1.3036337209302324,10.535759689922479,-17.34717926356589
10,11,14.71,-4.2090131926121375,-0.6279788918205804,13.724145118733512,-18.483036147757257
11,12,16.05,-3.818062608695652,6.871208695652175,13.416149565217392,-18.83542956521739
12,13,18.46,-0.3326804878048782,0.09984878048780478,-6.117239024390244,-18.781872195121952
13,14,16.66,7.518100196463654,-4.925068762278978,-6.501204322200393,-15.416849901768172
14,15,19.49,10.684778425655976,-0.24209912536443146,-12.971309037900873,-15.04313090379009
15,16,18.0,6.065768691588785,3.5910887850467286,-10.04841355140187,-25.745218224299066
16,17,18.7,14.965747126436781,2.9173534482758625,-9.414281609195402,-13.537952586206897
17,18,13.66,14.429293286219083,2.304226148409894,0.11908127208480566,-20.311631802120143
18,19,15.78,16.89282894736842,6.398941729323308,-5.318671052631578,-19.792639849624056
19,20,19.45,12.425256505576208,-2.252327137546468,6.810929368029741,-7.773290334572489
20,21,11.72,6.778109243697479,-3.1540672268907564,1.7410840336134454,-17.471914285714288
21,22,-18.51,5.1877759562841534,5.8204043715847,2.313158469945355,-24.535877595628413
22,23,-16.52,8.52527536231884,7.275771739130435,7.816641304347826,-11.024490217391303
23,24,14.14,13.447684210526317,10.248269736842104,1.3241359649122808,-15.771404166666667
24,25,12.53,7.799097514340344,10.875206500956024,-2.9417055449330785,-19.164939579349905
