,cluster_id,curvature,x,y,z,average_potential
0,1,11.73,14.27871784776903,-0.9553280839895013,15.413393700787402,-11.160879790026248
1,2,13.37,11.169772839506173,2.7654666666666663,7.77047037037037,-11.818812469135802
2,3,18.45,10.019337499999999,3.983901785714286,-0.9251517857142858,-16.853098928571427
3,4,16.85,13.243773291925466,11.49232298136646,2.2554006211180124,-13.764990993788821
4,5,6.42,5.174404255319149,10.550796905222436,3.66221083172147,-12.498117408123791
5,6,22.15,-21.377287553648067,6.501952789699571,4.040150214592275,-16.02721416309013
6,7,11.33,-15.917023076923074,9.364642307692307,7.388676923076924,-13.117214807692307
7,8,-12.18,-15.571271889400919,6.919018433179723,-0.5847557603686636,-17.229303686635944
8,9,15.59,-20.26600483870968,1.020566129032258,-3.0137725806451607,-13.779343548387097
9,10,12.31,-14.118214862681743,-0.2974006462035541,6.855554119547657,-15.307528271405493
10,11,-11.72,-6.546878220140513,-0.6172599531615925,2.15384074941452,-16.592999765807964
11,12,18.21,-12.697496323529412,-1.9723676470588232,-1.3600992647058823,-24.351354779411764
12,13,-10.95,-7.957067073170732,4.771048780487805,-3.544030487804878,-24.08449451219512
13,14,20.5,-8.651528528528528,-0.8229489489489489,-8.89906906906907,-15.295263363363365
14,15,23.56,-9.080032142857142,8.290007142857144,-12.626682142857144,-10.993671785714287
15,16,20.06,-13.894959706959707,5.808333333333333,-8.575036630036628,-17.685374725274723
16,17,15.39,-2.2559495967741934,-2.5967399193548384,-8.898681451612903,-13.749900806451612
17,18,8.47,-0.5479473684210527,5.429251879699248,-3.589872180451128,-26.87598834586466
18,19,18.21,2.456972911963882,-0.25109706546275384,-4.55405869074492,-15.091540632054176
19,20,19.12,7.262158415841585,11.273372937293729,-6.671290429042903,-10.600541914191421
20,21,19.28,1.8562443181818182,7.406221590909091,-12.813964015151516,-17.18361306818182
21,22,22.75,1.5198611111111109,13.832560185185184,-6.440226851851851,-10.229090740740741
22,23,19.43,-4.35259420289855,11.94364927536232,-9.042173913043477,-11.602261159420289
