,cluster_id,curvature,x,y,z,average_potential
0,1,13.16,-1.5164367816091953,10.948375478927202,2.9508122605363987,-15.806271647509577
1,2,11.46,-6.508566091954022,12.568936781609194,-3.4311034482758616,-16.96053735632184
2,3,14.66,-0.679241469816273,2.4776089238845143,-1.1767664041994752,-16.762356167979004
3,4,14.73,-10.389794690265488,4.717899115044248,-2.581546902654867,-19.347788318584072
4,5,16.24,-15.771788235294117,0.36546078431372536,3.358607843137255,-8.804737058823529
5,6,20.18,-9.323710997442456,-1.0254373401534527,9.341803069053709,-12.65475242966752
6,7,-1.77,-6.468487437185929,-1.1481206030150755,3.429577889447236,-15.848526633165829
7,8,15.06,-11.221419047619046,8.670038095238095,6.780403174603175,-15.611160317460316
8,9,12.23,-8.087852564102564,8.86411217948718,11.929772435897435,-8.87953685897436
9,10,12.25,-2.4300717703349286,2.7875454545454543,9.50909090909091,-13.433688038277513
10,11,19.09,-5.6144010152284265,3.560852791878173,15.393020304568529,-12.81743654822335
11,12,18.21,-1.732143369175627,5.636121863799284,-26.59384229390681,-7.5577566308243735
12,13,15.34,5.064003448275862,0.3898603448275861,-27.675674137931033,-7.877724827586206
13,14,16.41,4.259823033707866,-0.3213792134831461,-16.75966573033708,-11.992268539325844
14,15,12.84,7.349479784366578,8.665696765498652,-20.26880458221024,-11.710038140161727
15,16,-13.51,7.0178563829787235,10.01454255319149,-10.164574468085107,-27.480963829787232
16,17,19.03,13.209282878411912,7.460754342431763,-11.745937965260547,-12.646488585607939
17,18,11.36,11.965899721448467,1.4210194986072426,-11.26541225626741,-15.650827019498607
18,19,15.77,8.079987261146496,4.289292993630573,-4.817348195329087,-17.81107600849257
19,20,17.49,2.441445109780439,12.501229540918164,-5.027520958083833,-14.070438922155688
20,21,-11.48,2.684155115511551,6.3703399339933995,-13.671491749174915,-21.746722112211224
21,22,15.23,-0.8732329020332715,3.425059149722736,-8.845419593345657,-23.296350277264327
