,cluster_id,curvature,x,y,z,average_potential
0,1,-4.13,3.394687074829932,-5.386030612244897,3.206309523809524,-28.4440112244898
1,2,-10.61,1.8662857142857139,3.946047619047619,2.82261038961039,-21.91791818181818
2,3,19.92,8.162389273356402,-0.24883910034602078,6.363384083044982,-19.286832179930798
3,4,-5.01,1.4487521613832857,-4.017804034582133,-6.293161383285303,-22.7462325648415
4,5,-18.82,-4.217869402985075,-4.783895522388059,-0.3563432835820895,-23.791538805970152
5,6,20.19,-5.276213114754099,3.242351548269581,-3.039582877959927,-19.743136612021857
6,7,15.67,-0.8275450450450452,1.6663603603603605,-12.104427927927928,-13.704559909909909
7,8,13.96,5.698171253822631,4.750840978593272,-13.892373088685018,-14.934448012232417
8,9,-3.35,5.777796296296295,-1.8835555555555556,-12.913537037037038,-17.103800370370372
9,10,16.27,12.450184000000002,-1.240866,-3.4311839999999996,-24.3112506
10,11,12.82,4.630742616033756,5.6057383966244725,-4.392409282700423,-19.32725316455696
11,12,-4.94,10.504122994652409,6.9082192513369,-3.188681818181818,-13.375760427807489
12,13,20.94,16.238850364963504,5.925237226277372,-6.16778102189781,-15.805330291970803
13,14,19.3,12.97702189781022,1.4937591240875912,-12.670698296836981,-21.94111386861314
14,15,20.11,-17.143245333333333,1.3464026666666666,17.48753333333333,-16.620848533333334
15,16,12.82,-17.65215251572327,6.5536540880503145,12.69484748427673,-11.401021226415095
16,17,16.49,-10.625922131147542,5.97125,10.245717213114755,-14.870345901639343
17,18,14.63,-3.9025255972696247,3.96960409556314,7.677887372013652,-23.737167918088737
18,19,11.22,-9.217920962199313,1.7632371134020617,3.4060893470790377,-21.923158419243986
19,20,-15.83,-11.460291666666668,-6.931133333333333,4.893195833333333,-30.143747500000003
20,21,17.44,-16.57223429541596,-11.454268251273346,2.855521222410866,-13.208431918505942
21,22,-4.31,-15.144391836734695,-1.12814693877551,5.665828571428572,-34.74576857142857
22,23,18.82,-19.976961432506886,-4.746834710743802,9.07873829201102,-17.560101652892563
23,24,11.08,-14.471987951807229,-7.7251897590361445,12.962265060240963,-23.167771084337346
24,25,15.86,-8.289991379310345,-6.0102607758620685,17.23564224137931,-18.374116810344823
25,26,-8.64,-5.560607645875252,0.2952313883299798,17.83659356136821,-17.185294567404426
26,27,21.34,2.8672869080779946,-2.688841225626741,11.538518105849581,-22.441111420612813
27,28,16.57,-2.697967741935484,-9.331563440860217,9.071077419354838,-20.837075483870965
