,cluster_id,curvature,x,y,z,average_potential
0,1,23.79,2.368181451612903,1.654576612903226,7.546012096774194,-19.32499112903226
1,2,12.53,-2.8292953488372095,4.589641860465116,9.543706976744186,-12.524773953488372
2,3,18.19,3.476853164556962,-5.818116455696202,7.1852708860759495,-12.027635189873418
3,4,-10.83,-2.7111977401129947,-4.687186440677966,3.5250621468926555,-20.389810169491525
4,5,13.37,-9.144961538461537,2.8054440559440557,5.922433566433566,-16.790845804195804
5,6,13.96,-9.710305907172994,4.520662447257385,-2.1766772151898732,-20.226649789029537
6,7,22.54,-9.086061983471076,10.36178099173554,6.638900826446281,-9.855100826446282
7,8,20.04,-5.177831275720164,11.765895061728395,0.25362345679012344,-17.754943004115226
8,9,15.95,7.076192452830189,7.974984905660378,-5.502971698113207,-7.979890188679246
9,10,16.2,4.384494505494506,7.938877551020409,3.3083218210361065,-17.316052276295135
10,11,20.75,-4.671199468085106,4.674957446808511,-9.132678191489362,-13.542561170212766
11,12,25.05,1.4064052287581699,2.316934640522876,-7.989235294117646,-15.264630065359478
12,13,-12.66,-0.8962786885245901,8.877290983606558,-4.680594262295082,-19.063976229508196
13,14,25.06,-4.623260416666667,-1.7281006944444444,-3.598121527777778,-26.50381666666667
14,15,16.53,3.255875207986689,-2.937863560732113,-2.550514143094842,-16.111737936772048
