,cluster_id,curvature,x,y,z,average_potential
0,1,-14.41,-6.866044362292051,4.649449168207024,-13.597255083179297,-13.442012199630316
1,2,-13.31,-5.29657105263158,-6.204723684210527,-9.18744736842105,-11.717696842105264
2,3,-12.02,-3.548471698113208,0.3199568733153639,-7.87877628032345,-26.662435849056603
3,4,14.65,3.273109515260323,-4.5241561938958705,-7.1588779174147215,-21.72244039497307
4,5,9.19,0.1899321357285429,-4.5065568862275445,-15.973800399201597,-14.223303992015968
5,6,19.48,5.7043655172413805,0.03330804597701144,-17.88887126436782,-11.667106436781609
6,7,21.44,9.463342975206611,7.253326446280992,-13.425285123966942,-12.413890082644627
7,8,13.36,7.64116633266533,1.1742705410821643,-11.613993987975952,-25.737439278557115
8,9,18.28,-1.6447731958762888,12.155391752577321,-6.447427835051546,-15.071049484536081
9,10,16.99,1.1296675531914895,9.107936170212765,-0.10552925531914897,-14.951740691489361
10,11,15.15,6.424793349168646,5.700513064133017,-4.989869358669833,-21.77858076009501
11,12,-0.35,0.6296089743589743,7.845884615384616,-12.977884615384617,-22.7175641025641
12,13,20.37,4.808672588832488,11.390928934010152,-10.750276649746192,-16.92730152284264
13,14,-17.7,-11.668540322580645,6.093528225806453,5.155193548387097,-20.626729435483874
14,15,17.18,-18.92185071574642,5.478574642126789,4.290938650306749,-9.689774846625767
15,16,-15.44,-3.9270469135802464,6.700424691358023,5.571486419753087,-27.476256790123458
16,17,12.65,-5.4964248554913295,5.048193641618497,-2.0052109826589595,-20.661048554913293
17,18,-9.12,-9.644902877697842,-0.023212230215827374,0.24054316546762594,-21.193975899280577
18,19,15.27,-3.5899191729323308,3.851575187969925,11.104755639097743,-15.481440789473686
19,20,16.87,2.3839125,-2.124609375,10.135456249999999,-13.621924375
20,21,14.91,-2.766265895953757,-3.5206907514450863,8.230023121387282,-18.82831676300578
21,22,-11.83,-15.419228658536584,-2.452033536585366,10.302359756097562,-15.985303048780487
22,23,15.74,-11.458007220216608,1.2425054151624548,13.301626353790615,-15.817733032490976
23,24,16.04,-10.046512643678161,-8.984749425287356,7.54512643678161,-12.747245287356321
24,25,16.99,-15.595310546874998,-3.5830019531249997,2.4676953125,-16.4269861328125
