,cluster_id,curvature,x,y,z,average_potential
0,1,12.03,12.611634482758623,2.2046068965517245,-13.196289655172416,-8.010130068965516
1,2,12.1,7.377667701863354,4.006282608695652,-6.331282608695652,-8.740267546583851
2,3,19.8,14.923135458167332,2.5458764940239047,-3.3859083665338647,-5.524676494023905
3,4,14.82,11.122060931899643,4.219611111111111,2.0712114695340498,-8.397859498207886
4,5,15.95,21.92093601462523,-0.2525137111517368,-27.38286106032907,-13.441741316270566
5,6,13.2,18.622326829268292,3.502960975609756,-17.62148780487805,-13.698348780487805
6,7,10.97,23.565131048387098,2.9426391129032257,-21.270695564516128,-12.493935483870969
7,8,15.55,14.808382352941177,3.7325441176470586,-35.07293014705882,-11.547511580882352
8,9,18.26,11.76821111111111,0.44516,-27.656111111111112,-13.265078222222224
9,10,9.36,19.83180361757106,11.944188630490956,-22.698392764857886,-9.291664082687339
10,11,14.51,22.01429285714286,8.87545357142857,-31.10115892857143,-14.043187499999998
11,12,-14.04,10.216687224669604,9.233568281938325,-30.76527753303965,-8.373543171806167
12,13,-14.33,13.895002331002331,8.102519813519812,-24.17957808857809,-14.75051048951049
13,14,-12.6,-22.055,-5.1328683333333345,31.516993333333332,-5.153575666666667
14,15,12.32,-12.653186390532545,-3.0711849112426037,30.96385059171598,-8.728562278106509
15,16,16.43,-15.619528368794327,-9.46123404255319,29.856088652482274,-9.475912056737588
16,17,11.85,-14.536485488126647,-6.304902374670185,24.768638522427437,-8.531632981530343
17,18,12.49,4.545525773195877,3.9867989690721646,7.099921391752578,-14.459496005154639
18,19,17.94,4.963338095238095,12.351926190476188,7.985159523809523,-8.900023095238094
19,20,15.6,0.2517157287157287,8.376386724386723,12.057131313131315,-12.296845021645021
20,21,13.43,-5.176287401574803,-0.5176181102362204,26.789377952755903,-8.060458661417323
21,22,-9.93,-9.686546362339515,-1.9055891583452214,22.403028530670472,-11.717045221112699
22,23,14.77,-5.67193321299639,1.6826425992779783,17.97551083032491,-10.285751805054153
23,24,-11.65,-0.29302575757575755,-0.06286969696969714,15.888495454545453,-14.85161015151515
