,cluster_id,curvature,x,y,z,average_potential
0,1,7.27,5.149629850746268,-4.921092537313433,7.121916417910446,-11.341427164179104
1,2,16.2,7.1858774617067835,0.4457286652078775,4.816678336980307,-11.73992975929978
2,3,15.87,-2.084251748251748,3.572522727272727,9.35140034965035,-12.862572552447553
3,4,17.87,-2.817214421252372,-4.248650853889942,6.078620493358634,-20.68446432637571
4,5,15.03,3.4736728280961184,-16.672125693160815,2.0315009242144177,-9.992882624768946
5,6,-17.77,6.019397905759162,-10.469356020942408,0.21549214659685867,-14.446132984293191
6,7,13.15,-2.877451400329489,-11.958594728171333,2.9281598023064253,-17.47755831960461
7,8,20.74,-4.399015060240964,-8.74582831325301,-4.828451807228916,-14.381996987951808
8,9,20.23,-0.5564512195121952,-4.61801524390244,-1.27259756097561,-28.86757256097561
9,10,18.23,1.7932844243792323,-7.060130925507901,-13.74631151241535,-10.329092776523702
10,11,15.65,2.804878839590444,-8.33073037542662,-7.336535836177473,-16.149775767918086
11,12,15.0,6.927634517766497,0.9062994923857867,-13.780351522842642,-11.113409517766495
12,13,15.4,5.224245217391304,6.497834782608696,-6.816866086956521,-13.267423304347828
13,14,14.5,5.993606676342526,-2.0230043541364298,-4.054095791001451,-23.311693904209
14,15,-14.72,-10.344002012072433,0.3677344064386318,-9.492024144869216,-11.76207907444668
15,16,13.57,-15.307509040333796,-0.5733866481223922,-2.72252016689847,-10.256342420027817
16,17,14.06,-9.807509065550907,7.70407949790795,2.933503486750349,-12.429847698744767
17,18,21.17,-1.0110471698113206,10.137660377358491,3.4028396226415105,-10.396322641509434
18,19,14.7,1.2593949447077408,4.657067930489731,0.11613902053712484,-20.26457377567141
19,20,17.24,-3.1671895424836602,12.238091503267974,-8.858650326797386,-7.494279084967319
20,21,16.23,-4.787677777777778,5.172696296296297,-7.791535185185185,-15.405064814814816
