,cluster_id,curvature,x,y,z,average_potential
0,1,14.0,11.235442052980133,14.056026490066225,-8.352028145695364,-8.69544917218543
1,2,15.37,5.182895927601811,10.709975113122173,-7.286187782805429,-11.457275565610859
2,3,19.92,-1.0497603960396042,11.782560396039603,-8.469861386138614,-9.063304554455447
3,4,18.13,3.1193692579505297,4.805487632508834,-1.8670989399293283,-12.61296996466431
4,5,26.49,-1.7782957746478876,3.1752253521126765,1.5026854460093897,-15.419250704225352
5,6,13.59,-4.474703406813627,4.761472945891784,-5.527256513026051,-14.409330260521042
6,7,11.75,-12.716125845737484,-0.452679296346414,13.034376184032476,-9.517076589986468
7,8,20.76,-9.228463258785943,-0.2442364217252396,21.232405750798723,-4.822952076677316
8,9,18.2,-16.206682451253478,-3.484523676880223,20.659626740947076,-6.430114484679667
9,10,14.89,-12.790602310231023,-0.9431369636963697,4.77153300330033,-11.261534158415841
10,11,24.78,-6.255908333333333,-0.10906666666666667,2.4941958333333334,-13.651441250000001
11,12,20.94,-6.900957575757576,-1.2938909090909088,-4.7389232323232315,-11.691771515151514
