,cluster_id,curvature,x,y,z,average_potential
0,1,12.4,-1.9435269461077844,-2.1229421157684634,9.18798003992016,-8.405248502994013
1,2,11.78,-1.201476987447699,4.8544037656903765,12.338039748953975,-10.524008158995814
2,3,18.24,9.323595454545453,-0.9331386363636364,4.853309090909091,-11.250386136363636
3,4,13.94,3.7693474903474904,2.0697528957528957,6.936739382239382,-11.130655598455599
4,5,20.38,-15.050175675675678,-3.7970135135135137,29.36209009009009,-7.056150000000001
5,6,14.98,-13.795418397626115,0.382353115727003,20.332284866468843,-11.071126706231453
6,7,-14.35,-18.767639839034207,0.74658953722334,23.93929778672032,-7.202940643863179
7,8,12.1,-6.302742700729928,-1.0545967153284672,15.507304744525548,-7.69701587591241
8,9,11.8,-9.192093979441998,5.337227606461087,19.85659471365639,-10.036849926578562
9,10,12.77,13.662512616201859,21.69986454183267,-25.851778220451525,-10.898794687915004
10,11,-15.96,13.980317343173432,19.26410332103321,-18.355265682656828,-9.594142066420664
11,12,-19.76,7.506825095057034,22.163209125475284,-20.69851330798479,-11.969095817490494
12,13,13.31,5.46922962962963,26.0891012345679,-25.934313580246915,-8.16319209876543
13,14,17.73,-1.6739520202020204,26.183156565656564,-27.369333333333337,-5.1253580808080805
14,15,12.87,6.699337988826817,5.497237430167599,-1.8942262569832404,-11.888033519553073
15,16,17.04,14.520918965517241,6.866425862068965,1.5181810344827587,-11.348122068965516
16,17,20.83,14.501902621722843,4.345966292134832,-6.28163670411985,-12.785297752808988
17,18,17.72,14.252834244080146,-0.7852495446265939,-2.200346083788707,-7.910672131147539
18,19,12.88,11.673176276771006,13.380644151565075,-17.114749588138388,-8.855412685337726
19,20,14.43,10.865460451977402,9.111521186440678,-9.993165254237288,-8.903278813559321
