,cluster_id,curvature,x,y,z,average_potential
0,1,24.37,-12.994116402116402,4.782280423280424,0.6722804232804234,-22.528110052910055
1,2,16.11,-13.65330896551724,6.6691062068965525,7.764939310344828,-17.219097793103447
2,3,13.15,-3.7825342960288815,10.701851985559566,8.25414440433213,-27.326416245487362
3,4,-10.85,-1.8102513661202186,2.6278278688524592,11.032893442622951,-28.530021857923497
4,5,10.05,-5.71997358490566,-2.7901358490566035,6.994135849056604,-29.53768113207547
5,6,23.79,-2.5499938271604936,15.71949074074074,1.1310185185185184,-19.931536419753087
6,7,25.63,-6.7810231213872845,12.307184971098263,-5.552109826589596,-30.556161271676306
7,8,-5.5,-8.959263374485595,11.783831275720166,1.2777160493827162,-27.986722633744854
8,9,7.01,0.4337395498392283,11.565575562700966,-8.905337620578777,-27.746051125401927
9,10,8.88,4.795399463806971,10.5504745308311,-0.8656675603217157,-27.736254691689005
10,11,23.39,3.3905,11.05468085106383,10.513840425531916,-21.719535815602836
11,12,-15.88,6.1801270270270265,5.692862162162162,6.795343243243243,-30.19719243243243
12,13,-13.52,6.224311965811966,-0.43795299145299144,2.1836965811965814,-58.418431196581196
13,14,21.34,5.752699421965318,-2.676664739884393,10.108505780346821,-23.667340462427745
14,15,19.51,2.082671875,-7.7762,6.33429375,-20.6154975
15,16,16.88,14.376581521739132,3.475572010869565,-2.673125,-18.115901766304347
16,17,16.21,8.688578231292517,4.367789115646259,-9.774272108843537,-25.8655731292517
17,18,15.61,7.131995850622406,-6.320726141078839,-10.102315352697097,-22.779683402489624
18,19,13.15,10.763041062801934,-3.1825144927536235,-5.107367149758454,-26.584798550724635
19,20,14.2,-8.344704787234042,-3.1569042553191493,-0.08974734042553192,-29.506753723404255
20,21,18.91,-1.7015620915032679,-8.576166666666666,-5.859761437908497,-24.788133986928106
21,22,17.01,2.1707429467084642,-7.613200626959247,-0.8631598746081505,-25.067315047021943
22,23,16.9,1.523061705989111,5.342916515426498,-16.963399274047184,-17.173275862068962
23,24,21.11,0.5273932346723045,-3.995820295983087,-13.686101479915433,-27.037571247357292
24,25,11.22,-12.185837423312883,2.8063665644171776,-13.959851226993866,-15.315019171779142
25,26,17.25,-9.945549549549549,8.03181981981982,-8.936837837837837,-22.678846621621624
26,27,-14.62,-11.367183333333333,-0.08532499999999996,-4.882811111111111,-24.668864444444445
27,28,16.04,-6.528813953488373,-3.1847790697674423,-10.425156976744185,-30.023608720930234
