,cluster_id,curvature,x,y,z,average_potential
0,1,16.29,13.579674948240166,17.957254658385093,-43.31289648033126,-7.67724182194617
1,2,15.48,14.361450106157113,18.439532908704884,-36.86342038216561,-8.59297515923567
2,3,16.59,12.605969620253164,8.69393164556962,-22.08299493670886,-9.320393164556963
3,4,12.59,19.168339285714286,8.80298611111111,-21.74705753968254,-11.805911706349205
4,5,15.04,23.649589285714285,7.709264285714286,-26.999314285714284,-5.708039642857144
5,6,13.69,17.761399723374826,12.444207468879668,-32.13342738589212,-9.475883125864454
6,7,11.35,-4.309287190082644,-2.6289855371900823,11.283309917355373,-8.058288842975207
7,8,8.65,-9.47124,-6.846906666666667,11.747244444444444,-11.027946222222223
8,9,13.48,-11.37790909090909,-0.49426363636363635,12.16266590909091,-9.820888409090909
9,10,13.66,-10.588444022770398,-9.833157495256167,19.348240986717265,-9.511389753320682
10,11,-12.34,-18.822606112054327,-10.04265534804754,20.529023769100167,-5.954643972835314
11,12,-15.91,-14.892387387387384,-10.336174174174174,13.892297297297295,-11.394125525525526
12,13,-7.69,-16.456033994334277,-3.6909206798866854,14.587453257790369,-7.305747025495751
13,14,13.78,-7.671846341463414,0.9174658536585367,4.789585365853658,-8.27456243902439
14,15,11.43,-0.4960864197530865,0.09494074074074074,4.539933333333333,-9.558885925925926
15,16,17.92,2.6804076923076927,1.4344173076923077,-3.3045903846153846,-8.689782692307691
16,17,15.4,-2.8924490161001786,5.115379248658318,-0.2520483005366727,-9.329592307692307
17,18,20.66,18.61439053254438,6.715390532544378,-13.413411242603551,-8.588354733727812
18,19,14.22,12.273425302826379,8.95778465679677,-11.963314939434722,-12.930548452220728
19,20,18.62,5.41004774535809,11.091737400530507,-5.2519761273209555,-12.736616180371353
20,21,11.94,8.961010204081632,3.1703629737609327,-8.15888192419825,-11.07136865889213
