,cluster_id,curvature,x,y,z,average_potential
0,1,12.12,-23.16150213371266,0.24925177809388338,27.225011379800854,-8.420219772403982
1,2,11.3,-11.34583242506812,-0.1624073569482289,13.306791553133516,-16.816841689373295
2,3,13.06,-10.8809853372434,0.1885014662756599,20.183466275659825,-13.412831378299119
3,4,13.1,-16.95682116244411,-1.82951564828614,21.62401490312966,-14.022004172876306
4,5,16.8,-7.925172131147541,-8.868118032786885,-6.14956393442623,-13.170696721311476
5,6,-2.9,-13.382703389830507,-2.8614597457627116,-8.323459745762712,-17.71981906779661
6,7,18.11,-5.643555865921788,-2.7468687150837994,-12.73468156424581,-12.80401033519553
7,8,-17.33,-4.652726470588235,10.517217647058825,-8.48385,-21.663528529411767
8,9,-4.34,-2.4729513108614234,3.611265917602996,-11.798943820224718,-19.075868913857676
9,10,18.99,-13.337139534883722,3.152232558139535,-12.709274418604654,-17.386317209302327
10,11,-14.8,-10.474368821292778,7.259205323193916,-8.337342205323194,-18.062389733840302
11,12,18.71,-7.885755610972569,4.801009975062344,-17.932456359102247,-17.37871421446384
12,13,14.69,-7.802453446191052,11.943983071342199,-17.42678476420798,-12.184197944377267
13,14,18.76,7.453630733944955,10.742295871559632,-2.5049105504587157,-19.65263233944954
14,15,-11.64,2.5069573170731707,3.0504024390243902,-3.140310975609756,-20.888517682926828
15,16,15.43,0.5884048582995952,10.368309716599189,-3.679846153846154,-19.697722267206476
16,17,7.35,6.047468253968254,7.1248611111111115,3.7071111111111117,-13.689864285714284
17,18,18.72,6.795004291845493,-0.7771137339055794,3.956040772532189,-14.361057725321887
18,19,19.4,-5.050655063291139,-2.939401898734177,15.611142405063292,-12.850131962025317
19,20,16.43,-0.34005400696864096,-0.7007264808362369,11.069508710801394,-17.565642334494775
20,21,10.47,-2.024087786259542,-1.095513358778626,2.304414122137405,-28.227904198473283
21,22,12.27,-3.8216654929577465,5.18462852112676,6.456610915492957,-19.778882922535214
22,23,18.36,-9.064567073170732,9.211975609756097,-0.14389837398373978,-19.01370406504065
23,24,22.15,-11.342634844868735,-5.084355608591886,3.114219570405728,-21.197392362768493
24,25,-14.53,-5.238240143369175,-0.7112688172043011,-4.485824372759856,-35.6438440860215
25,26,20.8,-11.527694915254237,0.16869067796610165,-1.8506737288135593,-36.07881716101694
