,cluster_id,curvature,x,y,z,average_potential
0,1,13.02,7.1472420091324205,8.88197716894977,5.182237442922375,-14.168373972602739
1,2,16.64,3.98202004454343,2.2812650334075726,4.2236169265033405,-16.14607349665924
2,3,-12.55,8.93893058161351,5.0884258911819895,-2.7737091932457787,-12.112305253283301
3,4,13.95,4.164784732824428,11.917212213740457,-4.030235114503817,-18.281381068702288
4,5,16.21,-1.8676183574879228,12.790113526570048,-8.23742270531401,-22.0835538647343
5,6,8.93,-6.941673611111111,11.737482638888888,-3.1675416666666667,-21.110728124999998
6,7,12.28,-10.126774798927611,2.5802600536193028,5.119640750670241,-15.492283914209116
7,8,16.93,-14.391820592823711,5.411636505460219,-1.366170046801872,-14.979036973478939
8,9,16.08,-10.072143859649122,11.587701754385964,6.018815789473684,-16.133817368421052
9,10,15.9,-4.359574679943101,9.111459459459459,6.345716927453769,-23.8661640113798
10,11,20.47,-11.330051282051283,0.3511868131868132,-9.212322344322343,-8.31890293040293
11,12,14.77,-9.885397297297297,6.750732432432431,-10.261094594594594,-13.785954324324324
12,13,15.94,-3.5849096573208716,-3.893526479750779,3.9204953271028034,-11.152692523364486
13,14,-0.28,-1.586655948553055,1.1923569131832796,-0.46994533762057866,-30.007633762057882
14,15,-14.1,-1.1241304347826087,-0.006027459954233443,-8.941139588100686,-18.449901830663617
15,16,-4.79,-4.927232843137254,-4.1637377450980395,-4.845075980392156,-17.57809068627451
