,cluster_id,curvature,x,y,z,average_potential
0,1,18.49,6.949852307692308,6.213126153846154,-7.245796923076923,-11.793404923076924
1,2,21.48,17.968718849840258,3.307869009584665,-10.994392971246006,-9.726411501597443
2,3,11.75,12.788445682451252,5.546153203342619,-13.711974930362118,-10.414027437325904
3,4,13.69,-6.023536351165982,-0.09095884773662555,-15.919230452674897,-10.908512894375857
4,5,13.14,3.879618441971383,3.086597774244833,-15.951317965023845,-12.451368362480128
5,6,18.08,-3.527505928853755,1.7534743083003954,-8.591616600790514,-10.782125691699603
6,7,15.59,0.9482864583333334,5.316981770833333,-6.514609374999999,-12.522984375
7,8,17.36,-2.500644012944984,-17.01873786407767,-15.898766990291259,-11.503294822006474
8,9,12.26,1.6855635738831614,-15.990139175257733,-9.459010309278352,-9.725114776632301
9,10,18.03,-2.088518644067797,-15.5916,-3.830806779661017,-10.687048813559322
10,11,13.98,-1.965760147601476,-12.471719557195572,2.4894483394833946,-10.395268081180813
11,12,-12.33,-25.85050487012987,-1.440875,10.165790584415586,-9.966130519480519
12,13,17.27,-35.008043613707166,0.557632398753894,22.17666666666667,-7.9610227414330215
13,14,-13.32,-32.011028790786945,-0.5859558541266795,16.247675623800387,-9.93223877159309
14,15,17.01,-3.8210541082164324,-9.618450901803607,10.172501002004008,-10.268415430861724
15,16,16.74,-12.751794721407625,0.9334457478005865,15.38043988269795,-8.772063929618769
16,17,14.5,-6.52587037037037,3.0129953703703705,9.693467592592594,-13.11075787037037
17,18,10.66,-5.943889763779527,-2.3780616797900263,11.882813648293963,-11.386597506561678
18,19,14.78,-14.348375384615384,-1.650832307692308,-8.878047692307693,-12.378564461538462
19,20,14.16,-8.56016317016317,3.963682983682984,-4.471158508158508,-13.096350116550116
20,21,13.01,-9.544569196428572,11.053609374999999,-0.4008883928571429,-10.937620982142858
21,22,18.62,-17.564439672801633,8.80429038854806,8.198676891615541,-12.985893865030675
22,23,14.21,-10.385207906295754,7.09222401171303,7.0233045387994135,-12.097828111273792
23,24,13.99,-16.75917427385892,-0.8891390041493776,-1.794558091286307,-15.123380705394192
24,25,-14.59,-20.96325891181989,-1.2325234521575983,4.544741088180112,-13.66146941838649
