,cluster_id,curvature,x,y,z,average_potential
0,1,12.74,-20.546553240740742,-5.625810185185185,2.5229768518518516,-16.117761342592594
1,2,14.7,-26.107901464713713,-0.6366245006657788,1.7402210386151797,-10.72017083888149
2,3,14.69,-13.916024096385543,-5.305875502008032,1.2415863453815261,-24.02511686746988
3,4,11.57,-14.903677200902933,1.2107471783295713,-2.297882618510158,-24.721649435665913
4,5,21.44,-10.48537662337662,0.4297229437229436,9.250874458874458,-27.1686948051948
5,6,18.01,-16.165680459770115,3.071335632183908,5.381268965517241,-19.424779540229885
6,7,-12.95,-6.051064182194616,-5.962828157349897,6.842973084886128,-32.103767287784684
7,8,18.46,-6.097700854700855,-7.455492877492877,-2.2115811965811965,-26.55091823361823
8,9,14.71,11.866890710382515,-1.7447577413479054,-0.09358105646630238,-27.046109836065575
9,10,-3.43,9.877810752688172,0.6501440860215053,-5.875713978494624,-24.38958129032258
10,11,21.35,9.0279756097561,-7.359252032520325,-5.714845528455284,-23.656147154471544
11,12,16.0,7.979639473684211,-3.227368421052631,-12.205478947368421,-15.269947368421052
12,13,13.43,3.963356435643564,-10.6436798679868,0.4511089108910891,-27.201101320132018
13,14,-2.37,10.156731428571428,-3.632954285714286,6.197394285714285,-21.155774857142855
14,15,15.62,4.784772058823529,-9.492960784313725,7.01057843137255,-18.441242401960785
15,16,-13.04,1.4709999999999999,-9.918270334928229,-7.832456937799043,-19.843863397129184
16,17,12.39,12.012415954415955,-13.47266096866097,-0.834611111111111,-12.504618945868947
17,18,14.34,1.5974198473282444,-0.4308473282442749,-15.037244274809161,-17.706233842239186
18,19,15.15,2.3152198581560284,5.165725768321512,-13.269995271867614,-16.946933806146575
19,20,24.0,6.326614906832297,8.307900621118014,-0.9780714285714285,-24.268267701863355
20,21,15.08,-0.21461737089201874,9.895723004694835,-8.686091549295774,-18.0984117370892
21,22,6.51,-4.8488057324840765,1.854171974522293,-6.967656050955414,-32.69923280254777
22,23,16.56,2.9261407185628743,-0.26770359281437134,11.336464071856287,-18.861777544910183
23,24,14.77,5.807703187250995,5.51236454183267,7.094932270916335,-21.691954780876497
24,25,15.03,-6.435498771498772,5.597864864864864,6.961240786240786,-32.00323857493858
25,26,24.8,-1.4891302521008405,11.13526050420168,8.307134453781513,-15.867608403361347
26,27,15.89,-4.014795871559633,10.706582568807338,0.9827775229357798,-26.062850688073397
