,cluster_id,curvature,x,y,z,average_potential
0,1,-14.39,6.650416230366492,4.962013089005235,-9.848712041884816,-10.32757958115183
1,2,-16.29,5.936418181818182,-4.258090909090909,-5.710554545454546,-9.172340454545454
2,3,15.56,8.367172888015716,-2.1872062868369353,-11.44910412573674,-10.508329862475444
3,4,-12.93,8.87451652892562,4.6172851239669415,-16.083429752066117,-11.802669421487604
4,5,9.67,13.618511415525113,5.0370791476407915,-15.003875190258752,-10.593968949771691
5,6,25.31,19.540781818181813,8.21201212121212,-21.95192727272727,-3.6097133333333336
6,7,16.12,18.383118790496763,4.569228941684665,-16.576451403887692,-11.18921252699784
7,8,24.85,-10.831856410256409,6.872517948717949,2.928917948717949,-11.611754358974359
8,9,18.55,-9.46301052631579,1.4320195488721805,0.010600000000000139,-13.438882556390979
9,10,10.59,-1.5818951310861422,-3.5013932584269667,-0.7282921348314607,-8.486207303370788
10,11,18.34,5.00953982300885,3.9176519174041293,-2.9324454277286134,-11.508557227138644
11,12,12.29,-1.1139661921708184,1.7784110320284696,-5.085935943060498,-10.521366370106762
12,13,5.24,-21.023473684210526,-9.41302786377709,19.75216718266254,-11.978821981424147
13,14,12.43,-18.230496996996997,-11.940153153153153,13.768294294294297,-7.201161261261261
14,15,-11.1,-13.714982500000001,-6.2715575,16.8164325,-8.478276249999999
15,16,-18.22,-14.845125954198473,-2.754347328244275,12.117232824427482,-17.713920229007634
16,17,-9.96,-20.886363461538462,-2.952003846153846,13.942959615384614,-9.504470384615384
17,18,26.88,-23.488178343949045,7.252796178343951,13.073974522292996,-13.789954777070067
18,19,15.05,-17.604613013698632,3.035140410958904,9.882760273972602,-16.91318082191781
19,20,15.77,-14.818296089385475,8.435132216014896,12.16073184357542,-9.488843389199257
20,21,19.98,-16.677331914893617,10.56246595744681,4.750446808510638,-10.123736170212766
21,22,14.46,-15.66374661508704,1.7649516441005804,3.699845261121857,-19.214892649903287
