,cluster_id,curvature,x,y,z,average_potential
0,1,22.15,-30.621785714285714,-10.21722380952381,-5.37194761904762,-5.286849999999999
1,2,16.59,-24.392055102040818,-11.786442857142857,-6.939857142857142,-13.760813673469388
2,3,-13.33,-19.175744574290484,-10.453886477462436,-12.07235225375626,-11.430984974958264
3,4,-14.78,-19.03564157706093,-6.8169964157706096,-5.242315412186381,-12.11732652329749
4,5,15.81,-16.571785,-13.002744999999999,-3.1952750000000005,-10.11471675
5,6,-22.56,-25.504880165289254,-12.159297520661157,0.9157148760330579,-10.650720661157026
6,7,14.83,-32.13604310344827,-14.15446551724138,2.9445948275862066,-8.80975150862069
7,8,17.02,-33.449895117540684,-9.717560578661846,12.31645931283906,-9.055143580470164
8,9,-11.92,-28.13254804804805,-10.221692192192194,8.36404954954955,-9.640281081081081
9,10,12.01,38.58280071813285,8.315193895870737,1.085987432675045,-5.194042908438061
10,11,11.3,33.947169354838714,11.996610215053762,-3.713043010752688,-8.462570161290323
11,12,8.68,31.901313253012052,12.722882530120483,2.7590542168674697,-6.444155120481928
12,13,10.81,29.18773595505618,7.996777153558053,-7.392471910112359,-8.809794943820224
13,14,12.49,26.723957055214722,7.911952965235173,-0.1306482617586912,-9.827523312883436
14,15,16.27,-1.0875299026425593,-7.35976495132128,-10.35002364394993,-11.341283727399166
15,16,17.5,-10.414990259740259,-16.897233766233764,-4.212474025974027,-7.951192532467532
16,17,14.16,-9.91384007352941,-9.835485294117648,-9.319362132352941,-9.899269669117647
17,18,-9.82,22.22556,5.115790476190476,-3.7841714285714287,-9.664036761904763
18,19,10.56,15.538456310679612,6.636080097087379,-7.587674757281553,-9.673082766990293
19,20,13.98,18.773990498812353,0.9842042755344417,-3.724959619952493,-10.61974726840855
20,21,10.37,5.214833089311859,-1.5073821376281111,-7.333610541727672,-10.360875256222549
21,22,13.24,12.49451898734177,-0.33590998593530247,-6.8766385372714485,-13.219463009845287
