,cluster_id,curvature,x,y,z,average_potential
0,1,18.11,0.33261300813008127,-10.435775609756096,6.579912195121952,-20.413786341463414
1,2,12.87,-4.60795983935743,-7.153110441767068,0.1073815261044177,-34.4138016064257
2,3,11.81,0.28530888888888883,-7.669486666666666,-8.076142222222222,-20.989621111111116
3,4,21.77,3.6454830188679246,-0.7968377358490565,-14.926415094339623,-22.500728301886788
4,5,16.68,8.319506,-4.132384,-10.06682,-24.807097800000005
5,6,17.26,15.274764272559853,-3.1136887661141803,-1.888147329650092,-16.16282928176796
6,7,22.19,4.087964646464646,-10.4075101010101,1.6443535353535352,-20.274507575757575
7,8,-10.79,9.865807829181495,-7.06808896797153,-1.1325302491103202,-31.656133807829185
8,9,14.97,4.060878464818763,-1.3280554371002131,2.29380170575693,-94.60183837953092
9,10,16.87,12.24934331797235,-2.430032258064516,4.607633640552995,-24.427945852534563
10,11,18.51,10.910218225419664,4.3929808153477214,-10.289376498800959,-17.558980575539568
11,12,-8.4,10.723525974025973,4.934025974025974,-1.3197402597402599,-29.842845454545454
12,13,-1.36,9.257,10.867306620209057,-6.472090592334494,-20.593724390243903
13,14,10.8,-7.656596566523605,11.545128755364807,-3.4406866952789703,-23.046200429184548
14,15,20.2,3.764485549132947,14.975936416184968,-1.5703121387283236,-18.053726011560695
15,16,12.83,-1.4817048192771085,12.641819277108434,4.886291164658634,-23.549091164658634
16,17,-4.93,2.5225121951219514,7.881878048780487,-10.874034146341462,-20.06206048780488
17,18,18.48,-1.5482572992700732,13.886861313868613,-9.397985401459854,-17.56443102189781
18,19,7.46,-4.2233472584856395,3.629287206266319,-10.486070496083551,-25.798195822454304
19,20,17.41,-8.564619047619047,1.6952182539682539,-6.396355158730159,-22.794741071428568
20,21,19.88,9.421679999999999,4.595255,7.150335,-24.185995999999996
21,22,-4.95,6.845932011331445,9.904053824362606,3.002699716713881,-28.01113172804532
22,23,18.54,-4.934986254295533,4.822518900343643,10.731683848797251,-28.487274226804125
23,24,16.31,1.760884745762712,2.07614406779661,11.867989830508474,-27.42959898305085
24,25,16.7,-11.893898678414097,7.24662261380323,6.052835535976505,-16.860171512481646
25,26,15.2,-11.883412935323381,-2.8391791044776116,2.044626865671642,-21.354274378109455
26,27,-10.01,-5.48944,-2.9676436363636367,8.707247272727273,-30.574955636363633
