,cluster_id,curvature,x,y,z,average_potential
0,1,11.92,16.433986910994765,-6.636959424083771,-25.35535994764398,-8.632803534031414
1,2,18.79,21.69136705202312,-9.779780346820809,-29.606817919075148,-5.5904095375722545
2,3,18.49,16.865386178861783,-6.678727642276423,-36.60607317073171,-3.511315853658537
3,4,12.91,11.919630081300815,-7.830085365853659,-31.019756097560975,-7.475386178861789
4,5,18.08,2.894110119047619,5.718369047619047,-4.525511904761905,-9.507286011904762
5,6,11.84,6.283044596912522,1.047072041166381,-7.306355060034305,-12.747356089193826
6,7,11.77,7.373811387900356,-1.0748185053380783,-11.630231316725979,-10.365463701067615
7,8,15.73,12.875926952141057,1.3382947103274558,-14.38910831234257,-8.576793198992442
8,9,11.79,14.161777777777777,-1.350275925925926,-21.20952037037037,-9.791309074074073
9,10,-11.57,7.025977777777778,-1.8486592592592594,-19.32301111111111,-9.545770185185184
10,11,11.6,-6.226641921397381,-0.6255021834061136,4.225960698689956,-8.780852838427947
11,12,18.05,-10.432763250883392,1.413201413427562,9.578925795053003,-8.831556183745583
12,13,14.09,-3.1507279843444227,2.8059706457925637,9.461520547945206,-17.436327788649706
13,14,19.73,-3.5993899480069325,6.403175043327558,1.6018578856152514,-12.220594627383015
14,15,19.17,-0.41488235294117654,-1.5597289915966388,-1.617844537815126,-13.249671848739498
15,16,18.84,3.6099521640091123,2.472888382687927,3.4903234624145787,-14.398535990888382
16,17,15.19,-21.985834757834763,-4.821678062678061,38.23778632478633,-7.4480182336182335
17,18,12.8,-23.469671673819743,1.3019527896995708,36.955675965665236,-8.268140987124463
18,19,14.31,-26.267637393767703,-1.7912351274787537,30.404045325779038,-8.505056373937675
19,20,-13.38,-26.37923076923077,3.9682121212121215,26.340741258741257,-7.067222610722611
20,21,16.38,-19.112918495297805,5.578918495297806,32.35389028213166,-7.234738871473354
21,22,15.61,-18.659026315789475,-0.7215956937799043,26.100272727272728,-13.454965789473684
22,23,13.65,-21.106384810126585,6.919389873417721,21.587407594936707,-8.784398987341772
23,24,-12.05,-12.37506708595388,1.9432264150943397,23.59450314465409,-9.209160377358492
24,25,12.08,-7.488182719546741,4.859321529745042,16.08929178470255,-15.132873371104816
25,26,12.3,-14.758809073724008,4.2498487712665405,16.349888468809073,-11.174048393194708
