,cluster_id,curvature,x,y,z,average_potential
0,1,14.59,6.187865900383142,-4.845329501915709,-8.310367816091956,-11.751507279693486
1,2,16.7,1.7555239005736136,-1.1189330783938813,-13.11718929254302,-10.27491912045889
2,3,16.77,8.326638795986623,9.302117056856188,-7.651678929765886,-13.952009030100335
3,4,-9.35,10.209249999999999,6.063522222222222,-12.569880555555553,-14.46692472222222
4,5,-16.37,13.442864734299521,-3.1674154589371986,-7.202753623188407,-15.239274879227054
5,6,-0.23,12.334261194029851,2.851899253731343,-5.541757462686566,-17.63237462686567
6,7,15.28,18.477575757575757,9.469047619047618,-11.535103896103895,-9.440833766233768
7,8,16.84,23.61270410958904,2.0940246575342463,-10.547282191780823,-10.92547205479452
8,9,16.15,21.494054205607476,5.756493457943924,-16.476328971962616,-8.80404859813084
9,10,14.9,19.99997904761905,-5.550078095238096,-11.783017142857142,-9.862156952380953
10,11,14.05,12.441440476190476,-4.165617063492063,-15.616478174603175,-9.126126984126982
11,12,19.05,-21.779288235294118,-1.5993588235294118,5.663523529411765,-11.848602941176472
12,13,16.28,-20.875879679144383,-0.21914705882352942,12.705275401069517,-12.754341978609627
13,14,12.39,-20.9744817987152,4.803072805139186,7.466713062098501,-16.46763062098501
14,15,13.92,-18.120853211009177,10.48049847094801,7.824287461773701,-11.56483394495413
15,16,3.31,-13.635309210526316,5.767174342105263,12.976743421052632,-13.960154276315787
16,17,-9.0,-5.425349557522123,3.182252212389381,7.376398230088495,-13.929074336283186
17,18,14.17,-9.364389955686853,9.436719350073854,4.676542097488922,-16.41257740029542
18,19,-12.65,-10.748447154471547,1.6597682926829271,0.3247642276422764,-27.899415040650407
19,20,-11.25,-13.394816860465117,-4.370930232558139,-1.9254098837209304,-12.190033720930234
20,21,16.09,-12.0959875,-2.343635416666667,11.124360416666667,-18.820530833333336
21,22,17.24,-8.623698550724637,-6.260234782608696,5.8622173913043465,-13.997155652173914
22,23,14.64,-16.966826704545454,-5.6107272727272735,3.1341136363636366,-12.004182954545454
23,24,16.76,-6.1749656862745095,-3.3752385620915035,-6.660988562091503,-13.31389656862745
24,25,-3.86,-1.5094193548387096,-3.2243129032258064,-1.3675612903225807,-15.639583225806453
25,26,12.14,4.252045234248787,5.531636510500807,-4.437912762520194,-16.62417237479806
26,27,-6.59,-0.387156378600823,3.488880658436214,1.7536419753086419,-17.003659670781897
27,28,16.82,-2.5379480249480246,9.080083160083161,-2.5245051975051975,-12.199877130977132
