,cluster_id,curvature,x,y,z,average_potential
0,1,13.92,3.4503765281173595,-0.31731295843520785,-27.85682151589242,-6.840427139364303
1,2,12.83,8.26359435173299,-3.4360731707317074,-33.307415917843386,-10.053908472400513
2,3,15.16,13.037782426778241,-0.09438284518828453,-49.759008368200845,-5.495281589958159
3,4,10.99,11.381293262879788,-0.06228005284015853,-41.69180845442536,-8.215938044914134
4,5,11.87,11.381066091954022,6.916087643678161,-5.908379310344827,-16.774292816091954
5,6,16.03,14.026506648936172,10.890969414893616,0.2385625,-15.773946675531915
6,7,21.0,22.205275999999998,7.683724,-6.91648,-5.256806800000001
7,8,17.5,19.12397368421053,18.344507894736843,-13.755234210526314,-6.365967894736841
8,9,17.98,12.961330798479088,18.42448288973384,-7.480372623574144,-7.781040684410646
9,10,12.18,17.07278827977316,12.748913043478261,-8.654586011342154,-13.312171833648392
10,11,17.83,-4.497250645994832,0.8397881136950904,-16.54422739018088,-11.482125581395351
11,12,16.43,-2.120040677966102,0.6266830508474576,-21.98474406779661,-8.671521016949153
12,13,15.9,-7.628670270270271,-0.33888108108108117,-7.4653063063063065,-15.065257477477477
13,14,18.46,-7.3393512064343165,-6.023021447721181,-14.021678284182306,-9.22275308310992
14,15,11.31,-1.5711134020618558,-5.402621502209131,-9.614550810014729,-12.52733328424153
15,16,20.95,1.3278834355828222,0.8024662576687116,-3.33760327198364,-17.047030674846624
16,17,15.17,7.723988868274583,6.872465677179963,3.9304823747680886,-15.469169758812615
17,18,-17.04,3.87673828125,8.75009765625,-1.6071718750000001,-23.323903125
18,19,17.76,-0.9298571428571428,6.250799107142858,1.586,-17.298236160714286
19,20,15.3,-8.230048387096774,-7.595588709677419,-0.641078629032258,-12.224910483870968
20,21,14.38,-1.100981907894737,-8.918889802631577,2.042044407894737,-13.645719736842107
21,22,-15.21,-1.981694524495677,-1.147487031700288,3.143688760806916,-21.349545244956776
22,23,15.14,-7.429208620689656,-0.9648706896551724,8.64093448275862,-15.804465172413796
23,24,15.82,-1.0316479481641467,5.708933045356371,9.829393088552916,-14.780642116630668
24,25,21.59,0.4968225108225107,-2.7910259740259744,11.996813852813853,-9.271856709956708
25,26,12.79,4.009199275362318,1.7098442028985508,6.914192028985507,-12.82951884057971
