,cluster_id,curvature,x,y,z,average_potential
0,1,17.83,4.610689969604863,-12.534978723404254,6.6445592705167185,-7.035059878419453
1,2,15.28,7.353754578754579,-6.479047619047619,8.029364468864468,-13.255585164835164
2,3,19.2,8.234816393442623,10.608150819672131,-7.841603278688526,-19.67454098360656
3,4,10.07,8.153463659147869,4.136137844611529,-11.781711779448619,-13.723851629072684
4,5,-12.06,10.983366847826087,-1.0701032608695653,-3.955122282608696,-15.58487554347826
5,6,15.24,14.37899297752809,6.935608146067416,-3.197689606741573,-15.715520505617977
6,7,14.89,2.406035947712418,-1.3288169934640521,-9.470039215686276,-18.067369934640524
7,8,16.7,2.424358974358974,-6.1607692307692306,-3.2409,-12.473887179487178
8,9,16.91,8.575290791599354,-1.8582681744749596,3.49978352180937,-17.462529240710822
9,10,-13.31,6.997407488986783,8.151662995594712,1.3943766519823788,-20.661342731277532
10,11,17.24,1.2727950530035337,2.3425035335689044,1.8205212014134275,-25.704769434628975
11,12,15.9,-20.242083916083914,-1.5212284382284382,0.26707925407925404,-13.083243822843823
12,13,14.17,-17.717221476510066,3.4434664429530204,-4.17189932885906,-13.583176174496645
13,14,13.48,-19.160865019011403,-1.181294676806084,7.990357414448669,-12.951955513307986
14,15,-12.63,-15.82322759856631,4.976462365591399,8.043198924731183,-18.868390143369172
15,16,20.32,-1.414023529411765,11.311279411764707,-11.59714117647059,-13.415106470588235
16,17,18.18,-0.5067458432304038,6.8301567695962,-6.778931116389549,-30.02285225653207
17,18,13.87,-2.330747767857143,18.848973214285714,1.1485089285714287,-12.515398214285714
18,19,18.85,-7.959883895131085,18.295760299625467,-4.241516853932584,-16.896738202247192
19,20,19.32,-7.302617737003058,11.59602752293578,-6.6653975535168195,-16.17183394495413
20,21,19.83,-14.477523943661971,16.391281690140843,-0.46067605633802816,-13.71357943661972
21,22,-5.63,-12.949704615384613,7.981796923076923,-3.1740369230769234,-28.41755476923077
22,23,17.6,-18.631996247654783,9.791889305816136,1.030686679174484,-17.91526679174484
23,24,18.5,-9.297607361963191,3.124144171779141,0.9135337423312883,-22.849849693251535
24,25,12.66,-4.369257575757576,8.29728484848485,-1.4748363636363635,-39.721842424242425
25,26,17.13,-2.9609448946515395,11.530557536466773,6.696748784440843,-20.02300081037277
26,27,19.56,-8.934311320754718,7.478688679245283,9.801466981132076,-16.11470896226415
27,28,18.13,-11.760912337662337,12.342980519480522,5.836639610389611,-18.138734415584416
