,cluster_id,curvature,x,y,z,average_potential
0,1,10.13,19.81045709570957,5.629524752475247,-8.894952145214521,-9.08003597359736
1,2,12.99,18.356286212914487,9.619378708551483,-13.764476439790574,-10.817998952879583
2,3,12.3,10.651502479338843,8.965530578512396,-8.830262809917356,-9.62928743801653
3,4,18.42,12.571375000000002,3.8991785714285716,-2.436276785714285,-8.946854464285716
4,5,14.04,6.514571428571428,4.3645644257703085,-4.799047619047618,-8.390178851540616
5,6,15.03,-32.042398130841114,-3.3154280373831773,17.462814953271028,-13.172333271028037
6,7,-14.24,-22.138896084337347,-2.183362951807229,11.948239457831324,-12.958122590361446
7,8,-11.28,-26.6309433681073,-1.3712727272727272,15.08572131147541,-14.90757555886736
8,9,17.82,-14.549324189526184,1.365795511221945,14.18531421446384,-11.760795511221945
9,10,13.95,-8.772920770877946,-0.40334047109207705,15.495269807280513,-12.926985010706638
10,11,17.89,4.960207100591716,0.9172130177514793,1.1133491124260355,-11.1981825443787
11,12,13.54,-0.3273748148148148,3.882706666666667,1.2035229629629631,-10.844748296296297
12,13,16.79,-6.157626262626263,-4.349,3.080631313131313,-8.549515151515152
13,14,16.09,-5.735484848484849,-3.4324517906336087,12.054597796143248,-11.365068044077134
14,15,15.85,-1.2804505119453926,-1.6236689419795223,8.981102389078497,-11.781584982935154
15,16,-7.0,-7.230318309859155,2.0291211267605633,7.59356338028169,-13.819544788732394
