,cluster_id,curvature,x,y,z,average_potential
0,1,14.21,16.00123064516129,9.025435483870968,-18.147487096774192,-7.913144193548387
1,2,11.1,15.414613079019075,3.4068896457765665,-17.011474114441416,-7.580192370572206
2,3,10.25,6.463888412017168,1.386098712446352,-13.258392703862661,-8.512590557939914
3,4,-10.6,9.376741154562385,7.188290502793296,-12.641378026070763,-10.405663500931098
4,5,13.18,4.439486486486487,8.194032432432433,-7.7243756756756765,-10.873118648648648
5,6,15.66,0.8593094462540717,1.4949348534201956,-10.209918566775245,-11.270512377850164
6,7,11.07,2.532359315589354,6.382648288973384,30.361032319391636,-6.886492775665398
7,8,13.56,-0.6493487738419619,-0.8863297002724796,28.342174386920984,-11.124298092643052
8,9,-15.96,3.011984220907298,-0.05985996055226834,34.091071005917165,-8.82020986193294
9,10,13.11,-9.353185086551266,7.668805592543275,23.32551398135819,-13.806193342210385
10,11,11.74,-4.569166666666667,7.176309829059829,27.542510683760685,-12.393985042735043
11,12,19.1,-7.2492583025830255,-0.8225977859778599,30.438719557195572,-11.32328819188192
12,13,14.61,-7.121258227848102,-0.43381012658227847,22.84714936708861,-10.140435949367088
13,14,13.72,2.1938867924528305,3.479354716981132,-1.5706188679245283,-9.74024113207547
14,15,14.63,-3.502607023411371,4.318354515050167,-6.685774247491639,-12.061570234113711
15,16,-12.46,-12.891024767801856,-0.3184767801857585,-1.6477894736842105,-14.234626625386998
16,17,18.12,-10.267356347438753,5.505694877505568,-4.939345211581292,-14.560433184855235
17,18,-9.53,-5.96355772113943,2.860011994002998,1.557008995502249,-12.14976491754123
18,19,14.53,-18.318317073170732,4.852343495934959,13.516455284552844,-13.525068292682926
19,20,12.17,-12.979704204204204,4.393566066066065,18.05326426426426,-12.274283933933933
20,21,12.91,-17.630882943143813,3.5654882943143815,-1.3756923076923078,-13.09066220735786
21,22,14.54,-18.771026548672566,7.657197640117994,3.6721209439528026,-10.332847345132743
22,23,23.13,-24.55076344086022,0.7319032258064515,4.024145161290322,-9.259674193548387
23,24,13.23,-16.021976676384842,-1.207326530612245,6.247172011661808,-11.429565597667638
