,cluster_id,curvature,x,y,z,average_potential
0,1,-13.26,1.0268452950558213,9.706799043062201,-17.346912280701755,-10.444739393939393
1,2,17.48,-2.4361375,9.259047500000001,-3.7616875000000003,-26.501087
2,3,17.22,-1.6230665280665282,4.775592515592516,-9.629977130977132,-21.60213762993763
3,4,21.26,-10.842448275862068,7.950185344827586,-2.737456896551724,-19.78002155172414
4,5,16.41,-9.499735682819386,-4.145466960352423,-4.0901806167400885,-28.34914317180617
5,6,12.66,-11.16664608433735,1.4613644578313254,-2.3282153614457832,-36.15072003012048
6,7,18.76,13.987595454545453,-7.609247727272727,1.3145295454545456,-18.872807954545454
7,8,19.12,4.779248520710059,-7.173698224852071,7.746485207100592,-28.842928106508875
8,9,-0.04,8.21376923076923,0.506034965034965,7.7958461538461545,-25.418584615384617
9,10,-1.2,11.91130038022814,-4.04893536121673,5.800574144486692,-20.95182699619772
10,11,23.78,6.1425354609929075,8.259166666666667,-6.878875886524822,-22.012520567375883
11,12,17.05,7.168505226480837,8.656010452961672,1.1769581881533102,-32.981124041811846
12,13,14.4,12.187193384223919,4.9090101781170485,-2.6484198473282445,-21.957413740458016
13,14,21.25,13.260149425287356,-1.707816091954023,-5.339107279693486,-20.94643639846743
14,15,-13.27,8.419975510204083,1.250269387755102,-7.269461224489796,-47.62470081632653
15,16,18.49,4.920248447204969,-4.32275155279503,-12.525263975155278,-19.09368602484472
16,17,15.77,8.831111959287531,-9.927687022900765,-6.490343511450382,-19.55089109414758
17,18,-3.43,2.6569392265193366,-10.728033149171273,-0.8256519337016573,-30.4598135359116
18,19,12.37,-3.587039325842697,-10.250140449438202,-6.6367640449438206,-22.18956797752809
19,20,13.91,-2.258392156862745,-5.91385403050109,-9.848535947712419,-27.40110936819172
20,21,14.48,-4.9116384266263236,10.363872919818457,6.238717095310135,-19.249350226928897
21,22,16.5,4.804627627627627,6.262300300300299,8.18800900900901,-26.054958258258253
22,23,6.82,0.18520564516129034,2.960451612903226,12.856794354838708,-18.171989516129035
23,24,23.08,-8.602779944289694,-8.674735376044566,2.552103064066852,-25.414364902506957
24,25,14.51,-4.97371186440678,-9.43609604519774,8.273322033898307,-21.633552259887004
25,26,20.7,-3.0889378378378383,-4.325513513513513,14.004381081081082,-21.368615135135133
26,27,18.52,-12.379798982188296,-3.098356234096692,9.144748091603054,-25.444985750636135
27,28,19.44,-8.51363741339492,2.0449976905311775,10.340055427251732,-35.074796073903
