,cluster_id,curvature,x,y,z,average_potential
0,1,15.82,4.617791245791246,7.689030303030303,13.55340404040404,-10.986393939393938
1,2,16.15,9.308087155963303,5.158633027522935,10.813373853211008,-11.667149541284404
2,3,10.61,-11.586991014120667,6.319456996148909,27.47748780487805,-8.926531707317073
3,4,12.72,-3.1744088050314465,7.615424528301887,25.616713836477988,-8.360069496855347
4,5,15.58,-5.558720221606648,-0.1675927977839335,23.570041551246536,-12.080773407202216
5,6,-14.27,-10.1579400921659,4.75394930875576,19.474647465437787,-13.010354377880185
6,7,-11.8,-4.742344638949671,-4.476154266958424,17.4329409190372,-10.818824726477025
7,8,22.24,5.965751173708921,1.6477136150234744,19.204859154929576,-5.917773708920188
8,9,13.77,-0.9435254545454542,5.508172727272727,17.165169090909092,-13.691094909090907
9,10,18.16,-14.19506126126126,0.40480180180180175,-8.169931531531532,-8.683807207207208
10,11,13.04,-8.90222192513369,-0.43876737967914436,-1.2983689839572194,-17.595901069518717
11,12,5.5,-6.503668329177057,0.7581221945137158,-8.812443890274315,-11.401199501246884
12,13,21.29,-9.826353260869565,8.047133152173913,-4.978103260869565,-12.561448641304347
13,14,17.52,-1.7352094017094022,11.0348547008547,-6.239316239316239,-13.959867948717948
14,15,15.87,-3.9249051987767585,8.703030581039755,1.0450000000000002,-14.125054740061161
15,16,19.5,0.3644664879356569,4.712734584450403,-8.728160857908849,-16.856804289544236
16,17,25.45,0.1333220779220779,2.199823376623377,1.4011636363636366,-17.397763376623377
17,18,-14.42,21.34684097859327,1.3146024464831805,-15.406015290519877,-4.89318379204893
18,19,14.48,17.753943307086615,4.73383937007874,-9.330148031496064,-12.74481527559055
19,20,18.05,18.335582338902146,2.0419427207637235,0.5043914081145584,-10.529094510739856
20,21,12.69,12.519665975103733,4.780809128630705,6.107414937759336,-12.175542946058092
21,22,-8.54,6.491010183299388,-0.44009775967413434,-5.139221995926681,-16.163642566191445
22,23,14.93,10.815844642857142,5.745408928571429,-4.178171428571428,-23.4134075
23,24,16.22,10.630537634408604,2.0059720430107526,-10.532653763440859,-12.245022365591398
24,25,-18.68,4.692910505836576,8.437140077821011,0.2412412451361868,-16.305230739299606
25,26,11.36,13.339302325581397,9.462545219638244,-1.0807777777777776,-11.609858914728683
