,cluster_id,curvature,x,y,z,average_potential
0,1,18.18,1.1117326203208557,-1.1316417112299466,0.7134224598930481,-12.119308021390376
1,2,19.04,4.951197183098592,-3.5544225352112675,-2.5703270735524257,-12.069469014084508
2,3,14.44,10.816568,-1.37352,-8.639428,-22.27597
3,4,18.94,9.028722222222221,2.310970588235294,-14.331509803921566,-14.471190849673203
4,5,19.7,1.599678321678322,1.5227226107226108,-13.231874125874127,-9.408817016317016
5,6,-10.52,3.412579422382672,4.321079422382671,-7.270734657039712,-10.838340974729242
6,7,13.74,25.798311392405065,5.368108860759494,-12.914211392405061,-9.363042405063291
7,8,-15.71,16.489893462469738,6.671641646489104,-10.341544794188861,-14.511708474576272
8,9,17.74,20.18098525073746,-1.9140530973451328,-12.87840412979351,-11.502670206489675
9,10,10.52,17.72960583941606,2.964097323600973,-16.567975669099756,-11.115696593673967
10,11,15.85,16.30719155354449,-14.226242835595777,-7.557923076923076,-8.9647802413273
11,12,12.99,16.45691296625222,-8.542607460035523,-4.164628774422735,-13.289180461811723
12,13,21.94,15.371650429799427,-6.199547277936963,-13.293593123209169,-14.967342120343838
13,14,-0.37,8.172897689768977,-7.591501650165016,-10.627620462046204,-10.438277557755775
14,15,10.95,-2.2165008756567426,-9.328437828371278,2.342217162872154,-11.028354465849386
15,16,10.32,-11.415680212014134,-4.763913427561837,4.957743816254418,-13.632094346289753
16,17,19.55,-3.168130030959752,-6.527421052631579,7.607928792569659,-14.060134674922601
17,18,14.63,-5.2811767955801106,0.06510773480662979,4.29482320441989,-10.956414364640883
18,19,12.05,-20.3794472972973,-4.759636486486487,8.021308108108109,-11.231892297297298
19,20,13.67,-12.813748226950356,0.17147163120567377,8.617645390070921,-11.462524113475176
20,21,-13.63,-18.81285403726708,1.5560745341614908,6.907195652173914,-9.881292546583852
21,22,7.97,-24.30786567164179,3.397572139303483,10.630656716417912,-10.025067661691542
22,23,12.28,-25.833239520958085,-0.7756601796407185,14.633419161676647,-6.1367761976047905
23,24,14.99,-27.124014888337467,9.218627791563275,17.983682382133996,-6.001045905707196
24,25,-13.51,-28.47094312796208,1.8526161137440758,20.900296208530808,-5.892397156398103
