,cluster_id,curvature,x,y,z,average_potential
0,1,11.09,16.7406656394453,4.565371340523884,-11.25462249614792,-9.952052388289676
1,2,22.0,19.588995670995676,-2.681688311688312,-12.057424242424242,-5.438822943722943
2,3,14.84,11.55142166344294,-3.731176015473888,-12.453168278529981,-9.462387814313347
3,4,-16.16,8.293741935483872,3.1289677419354835,-8.070394265232975,-14.644855197132618
4,5,12.86,10.952813636363635,-3.5939727272727273,-5.7441,-12.993518636363635
5,6,14.83,4.646971962616822,14.759224299065421,-7.347257009345795,-17.112960747663553
6,7,21.0,10.1974375,15.501633522727273,-13.511465909090909,-9.003034090909091
7,8,15.96,11.363467196819085,10.943147117296224,-8.966232604373758,-13.721940556660039
8,9,-15.59,-0.15859999999999985,6.891297916666668,-10.289227083333333,-13.4120625
9,10,11.18,2.7284864864864864,8.714411095305833,-2.877321479374111,-16.533350355618776
10,11,16.06,-9.038704156479218,-3.3542420537897315,5.369572127139364,-13.689330317848412
11,12,16.09,-12.492750458715596,-5.178866055045871,10.313856880733944,-15.335452110091744
12,13,17.09,-10.690713004484305,-12.567224215246636,13.12135874439462,-17.205430941704034
13,14,19.47,-11.506610972568579,-6.2107855361596025,17.234456359102243,-13.8050319201995
14,15,15.4,-1.9224896030245748,-12.249147448015123,11.216262759924387,-15.133761058601133
15,16,14.23,-3.8061334405144693,-9.169466237942121,17.561215434083604,-13.485872990353696
16,17,9.81,-4.70240733197556,4.6502668024439915,-3.675914460285132,-14.628490427698573
17,18,17.45,-10.236906690140845,3.0545052816901404,4.410676056338028,-15.25903820422535
18,19,21.74,-3.988761154855643,7.834364829396326,3.3933412073490814,-13.500871128608924
19,20,-13.18,-3.753924119241192,-0.13252845528455287,1.3511002710027102,-15.742839837398375
20,21,11.97,4.521366451612903,-5.556451612903226,-2.675873548387097,-12.569137548387095
21,22,13.71,1.220529172320217,-9.801998643147897,4.455625508819539,-13.575253731343283
