,cluster_id,curvature,x,y,z,average_potential
0,1,14.83,7.757923245614036,3.556589912280702,-10.222576754385965,-12.569101754385965
1,2,11.65,13.123785185185184,-0.15016296296296294,-9.19503148148148,-14.005754259259259
2,3,20.75,23.179904,6.565639999999999,-13.8564,-4.9728604
3,4,14.63,16.763227848101266,4.891686075949368,-11.704129113924049,-12.453013670886078
4,5,18.27,9.594243055555555,5.471968749999999,-16.786916666666666,-9.75331701388889
5,6,-12.19,16.132052932761088,3.812659513590844,-19.07457796852647,-10.637743490701
6,7,16.44,-11.376203426124198,-3.363012847965739,12.994036402569593,-11.166483940042825
7,8,19.12,-15.088678807947023,1.9528145695364238,13.923178807947021,-7.878283112582782
8,9,-3.44,-8.278545706371192,2.751329639889197,9.836293628808864,-13.092641551246539
9,10,15.89,-8.963443037974683,-8.013101265822785,6.859726582278482,-8.752021772151899
10,11,-11.93,-2.572716502115656,-0.8022538787023977,11.639387870239776,-12.350794922425951
11,12,18.55,4.72237591240876,0.052718978102189805,-6.881218978102191,-10.049672262773722
12,13,21.17,7.7240605504587165,3.495845871559633,-0.7294550458715596,-10.74559137614679
13,14,21.85,0.4286868131868133,-5.533362637362637,4.934565934065935,-9.297658241758244
14,15,16.99,-5.089478155339806,0.8746626213592232,3.177798543689321,-11.578122087378642
15,16,16.87,3.1558254847645433,1.2589861495844876,3.987839335180056,-11.34991108033241
16,17,20.42,0.19207006369426746,-1.2747346072186836,-2.4610254777070066,-9.662719532908705
