,cluster_id,curvature,x,y,z,average_potential
0,1,-1.47,-1.2864511784511783,6.494026936026937,0.4681111111111111,-16.880519528619526
1,2,-7.84,-4.193634146341463,-2.8359463414634143,-0.38535121951219525,-15.427731219512197
2,3,24.54,-5.851436923076924,2.7523015384615386,-4.4358246153846155,-13.368891076923079
3,4,9.76,-7.755944444444445,5.0860128205128206,9.50990170940171,-11.038712393162394
4,5,19.66,-3.0754059405940595,-0.1828778877887789,10.984712871287128,-13.75345511551155
5,6,17.77,-10.936799363057325,0.8789012738853504,1.4883566878980892,-10.448342356687899
6,7,16.01,-11.11476923076923,-1.3975777414075286,7.830554828150573,-7.965367757774142
7,8,16.07,1.0836614349775784,-4.798607623318386,-4.58810538116592,-9.559567713004483
8,9,16.43,7.414834123222748,1.3279075829383886,-9.789002369668248,-14.786132938388628
9,10,17.17,-0.7839284671532847,4.408017518248175,-9.840963503649634,-9.990967153284672
10,11,14.21,8.672598470363289,4.7483250478011465,3.8783040152963673,-9.176474952198854
11,12,18.11,9.396492913385828,6.441325984251968,-3.3186488188976377,-10.982378267716536
12,13,-15.5,4.013832971800434,-1.7975206073752712,0.28400000000000003,-19.464749457700652
13,14,17.95,2.599734219269103,-2.6091627906976744,6.313584717607974,-19.314314285714286
14,15,16.87,4.858702194357368,2.613153605015674,11.268231974921632,-7.812178056426334
15,16,23.71,0.1955846645367412,7.607130990415336,7.0790383386581475,-11.00031661341853
