,cluster_id,curvature,x,y,z,average_potential
0,1,16.09,-2.770473684210526,15.023505263157897,0.8984298245614035,-12.5279
1,2,15.71,-8.402024064171123,10.72605347593583,1.1525026737967916,-7.804167914438503
2,3,15.17,-12.538724852071006,5.698594674556213,6.778032544378698,-7.821259763313609
3,4,15.78,-2.9287570332480826,3.8272941176470594,7.420295396419438,-18.705065217391304
4,5,-10.54,-5.452166666666667,5.663178571428571,-3.5105773809523813,-17.61437738095238
5,6,24.37,-10.362265017667845,1.2352049469964663,0.4185865724381625,-13.749220494699648
6,7,18.82,4.584623684210526,6.714665789473685,5.18101052631579,-14.400689210526314
7,8,17.61,1.846347222222222,9.748701388888888,-7.801690972222222,-12.26456701388889
8,9,19.62,8.048399339933994,9.892544554455444,-3.7238580858085806,-15.809581518151816
9,10,20.43,8.13433888888889,4.906644444444444,-11.728825,-12.96972638888889
10,11,23.32,2.684382352941176,-5.843447058823529,-3.858170588235294,-8.59408588235294
11,12,13.73,7.366509695290858,0.8578088642659281,-4.451268698060941,-15.972230470914127
12,13,14.38,2.258490234375,-4.39569921875,-11.709142578125,-9.209278515625002
13,14,14.1,-1.3772063253012048,1.4836415662650604,-11.411493975903614,-14.526485090361447
14,15,-4.53,1.5923089430894308,-1.3363252032520325,0.35874796747967475,-21.385053658536584
15,16,17.65,-5.223813905930471,-2.2596114519427406,-4.5227280163599195,-11.859892229038854
