,cluster_id,curvature,x,y,z,average_potential
0,1,19.45,23.872871886120997,8.532822064056939,-22.433103202846972,-16.41530925266904
1,2,12.81,19.07389358108108,14.548104729729728,-20.963113175675677,-10.918605236486487
2,3,-14.71,17.14770814479638,9.240493212669683,-15.618108597285067,-14.260608371040727
3,4,11.22,24.127440954773867,8.805464824120602,-13.561718592964825,-12.721180778894473
4,5,15.94,46.95277234042553,4.557034042553192,-23.367546808510635,-6.5916806382978725
5,6,-16.23,41.94530913348947,3.3519274004683837,-19.74231147540984,-7.840387587822014
6,7,14.54,33.57302364864865,6.527719594594594,-18.993885135135137,-12.715459459459458
7,8,19.22,36.6858315018315,13.732666666666669,-21.18187912087912,-5.8335326007326005
8,9,-16.44,29.347876790830945,13.365340974212033,-17.019928366762176,-10.845728080229227
9,10,21.09,-16.896484962406017,0.9823646616541354,29.41096616541353,-8.275165789473684
10,11,-15.38,-13.52964507772021,-1.34909585492228,35.00441450777202,-8.065221243523316
11,12,11.75,-13.10139863713799,-0.1599148211243612,24.575088586030667,-12.626814310051108
12,13,13.1,-9.90063074204947,-3.2336908127208486,29.934318021201413,-8.297616254416962
13,14,16.72,5.9227900262467195,11.82682939632546,-15.26555905511811,-16.047194225721785
14,15,16.72,13.79178238341969,7.154546632124353,-9.061961139896372,-13.750677461139897
15,16,12.59,9.66200744047619,5.32675,-14.878903273809524,-16.026173809523808
16,17,18.27,-3.472634249471459,-0.7820042283298096,-7.81968710359408,-11.635854122621565
17,18,22.12,3.1649864864864865,3.9052999999999995,-15.354,-18.354064594594593
18,19,17.48,-1.60908,9.610722105263159,-11.512865263157893,-12.03328652631579
19,20,19.7,-2.103385382059801,3.814099667774087,-10.720352159468439,-16.0972926910299
20,21,16.28,-7.122467796610168,-4.897050847457628,-3.067949152542373,-10.390198983050848
21,22,15.38,-11.294765258215964,3.509448356807512,-4.1196713615023475,-14.345585680751174
22,23,-15.81,-10.380624183006537,0.6045522875816993,-12.155911764705882,-10.52580522875817
23,24,13.67,-14.321444196428573,-4.810886160714285,-5.223662946428571,-8.063045982142857
24,25,10.43,-12.152232711306258,-0.14314599341383097,17.649783754116356,-13.7954144895719
25,26,-14.14,-15.125201739130436,0.17704521739130433,3.6584869565217395,-12.486490086956522
26,27,-10.04,-15.223955357142856,0.3778050595238095,10.728357142857144,-13.640295386904763
