,cluster_id,curvature,x,y,z,average_potential
0,1,11.74,-19.0850970464135,-20.677913502109703,18.36060970464135,-11.47661318565401
1,2,23.28,-26.206797029702972,-24.051331683168314,13.857386138613862,-4.005774257425743
2,3,-17.41,-26.99692718446602,-17.87866504854369,20.715788834951457,-8.81285145631068
3,4,13.87,-22.95472047244095,-12.952884514435695,11.739799212598424,-11.556519160104987
4,5,-14.0,-16.89517735334243,-7.915789904502046,14.927403819918146,-16.70180750341064
5,6,14.98,-21.5530904159132,-2.795271247739602,10.415294755877033,-10.572182097649186
6,7,-10.0,-16.170950354609925,-2.2126170212765954,8.528854609929077,-10.214051773049645
7,8,13.98,14.121007763975156,2.7458431677018633,-23.33532142857143,-9.35308105590062
8,9,-8.52,8.428375227686702,-1.3445610200364297,-23.28130601092896,-8.46949052823315
9,10,18.86,18.38858441558442,-3.5293376623376624,-18.169354978354978,-8.56574025974026
10,11,11.2,11.25832100396301,0.41733421400264203,-14.992449141347423,-11.39821756935271
11,12,10.15,7.488370090634442,-1.0898534743202417,-7.202995468277945,-11.821411027190331
12,13,16.75,7.731261818181817,6.302170909090909,-9.734570909090907,-8.841038545454547
13,14,9.79,1.9119233038348085,4.280348082595871,-8.926159292035397,-8.636902064896756
14,15,-11.47,2.102995789473684,2.029157894736842,-1.3261536842105266,-11.574254947368422
15,16,15.19,-2.443140410958904,7.231118150684932,1.0652123287671234,-9.993117465753427
16,17,-7.91,-11.045742592592593,-4.881646296296296,7.118814814814814,-12.233243888888888
17,18,12.36,-3.5288595317725755,-4.107361204013379,9.538953177257525,-10.295674581939798
18,19,17.13,-8.526028571428572,-3.5748285714285712,14.81159761904762,-15.963138690476189
19,20,15.13,0.2667462686567164,1.5223507462686567,15.416522388059702,-11.851967910447762
20,21,19.68,1.651546255506608,8.538859030837004,7.77036563876652,-9.447251101321585
21,22,13.96,-0.4937181208053691,2.099874720357942,7.315671140939597,-14.50599619686801
