,cluster_id,curvature,x,y,z,average_potential
0,1,-0.99,11.968248148148149,2.9456814814814813,-14.343685185185183,-9.346913703703702
1,2,13.91,4.633494708994709,4.902031746031746,-16.403219576719575,-9.051901322751323
2,3,16.69,7.943841317365269,-3.1791886227544914,-14.861763473053891,-9.532939520958085
3,4,13.14,9.160760416666665,0.9231800595238094,-23.35482738095238,-8.955086607142857
4,5,17.47,16.231237529691214,3.0016959619952495,-24.202422802850354,-7.85945890736342
5,6,14.5,12.237613418530351,8.274341853035144,-22.50221086261981,-7.464678594249202
6,7,-11.65,5.5215390946502065,2.4972386831275717,-9.127047325102883,-11.596281275720164
7,8,11.89,0.4392359767891684,-4.16157253384913,-8.921895551257254,-9.524375048355898
8,9,12.5,2.6586629680998617,0.1323314840499307,-1.0807642163661582,-12.610374479889046
9,10,20.85,-3.19360147601476,-5.913055350553505,-0.9247749077490776,-12.40892435424354
10,11,13.47,-4.734008426966292,1.0536011235955056,-4.034376404494382,-11.685173314606743
11,12,-8.73,-13.599970074812967,-1.1182543640897755,7.401259351620948,-10.463819201995012
12,13,16.92,-17.039234309623428,-4.303135983263598,13.449261506276152,-14.94039748953975
13,14,18.35,-5.121051315789474,-2.243034210526316,4.986409210526316,-14.370786315789474
14,15,21.91,-4.641990853658537,-7.289484756097561,11.166045731707317,-12.129895426829268
15,16,-14.71,-6.105533742331287,0.41565950920245404,13.076564417177911,-13.328871779141105
16,17,22.33,-11.480073569482288,-4.1604495912806545,12.211637602179838,-10.564588010899183
17,18,16.5,-45.95444173441734,-7.347241192411924,9.79347696476965,-5.838626558265583
18,19,12.13,-42.77945661157025,-5.759221074380165,14.928597107438016,-11.896872520661155
19,20,19.66,-42.056895582329325,-14.94824096385542,15.717152610441767,-4.552379116465864
20,21,15.69,-37.75628571428571,-11.50849299719888,11.724977591036417,-8.78915238095238
21,22,20.43,-26.55363606557377,-12.2288,16.274845901639342,-11.46181475409836
22,23,-11.52,-23.6924208,-4.586769599999999,13.3493136,-11.09736
23,24,-9.09,-31.732490384615385,-7.386057692307692,10.594788461538464,-11.940090144230767
24,25,17.51,-27.859316831683174,-4.019422442244224,19.78074587458746,-12.016240264026402
25,26,15.7,-34.386809523809525,-9.101848739495797,18.87678431372549,-12.842017086834733
26,27,-13.9,-33.35555040322581,-2.5023971774193545,17.269937499999997,-12.332668346774195
