,cluster_id,curvature,x,y,z,average_potential
0,1,14.6,-45.47219736842106,-3.991592105263158,11.971137218045113,-7.717583834586467
1,2,-13.58,-44.02461199999999,-9.088034,17.739166,-8.4344832
2,3,-12.62,-34.740476552598224,-3.076724968314322,18.76297845373891,-13.006903041825096
3,4,17.8,-34.04994736842105,-4.936391812865497,10.71815789473684,-10.327050877192983
4,5,11.42,-39.260626535626535,-8.790916461916462,12.679508599508601,-8.550937592137592
5,6,21.47,-22.19197023809524,-7.396619047619048,11.838065476190476,-9.645211904761904
6,7,15.12,-18.81920338983051,-1.6616991525423725,15.502741525423728,-15.684495338983051
7,8,-14.35,-29.416590534979424,-10.339448559670782,16.121872427983543,-12.025078806584363
8,9,16.86,-27.854531578947366,-2.0738315789473685,19.825531578947366,-12.577503684210527
9,10,-13.38,-27.60901131221719,-2.274923076923077,11.567690045248868,-10.609238235294118
10,11,-10.56,3.314309050772627,2.275655629139073,-17.694030905077263,-10.99023752759382
11,12,11.65,9.830440959409595,1.7112841328413286,-15.726968634686347,-9.576209040590406
12,13,12.74,13.755882681564245,0.9397597765363127,-24.4539217877095,-8.034612569832401
13,14,13.25,9.503407407407408,5.482779320987654,-24.449557098765435,-8.037868055555556
14,15,20.11,-7.9832605363984666,-1.1664808429118774,4.045863984674329,-12.251261111111111
15,16,24.18,-5.583228215767635,-6.994398340248962,11.416597510373444,-11.606707883817426
16,17,5.48,-2.2624440433213,-4.731750902527075,5.712584837545126,-15.602755595667867
17,18,15.34,-7.126417721518986,0.6804075949367091,12.502579746835444,-13.07330683544304
18,19,19.24,-12.680117437722421,2.0231992882562277,7.835565836298932,-12.45655338078292
19,20,19.7,-14.807926785714287,-4.320001785714286,9.295733928571428,-9.626075535714287
20,21,16.04,0.8180369230769231,1.5853630769230767,0.15038461538461534,-14.076845846153846
21,22,11.33,-5.115987068965517,0.787262931034483,-3.8039094827586206,-12.825742887931035
22,23,13.03,-1.756842105263158,-5.602764302059497,-1.8352219679633865,-11.782606178489704
23,24,14.26,2.086339222614841,3.8674204946996467,-8.797113074204946,-10.934989399293286
24,25,11.58,6.7686484375000004,0.12590364583333333,-6.883481770833334,-12.122075260416667
25,26,18.43,-2.6486308243727597,-3.1719641577060935,-10.859412186379927,-8.949436200716846
26,27,7.8,4.325053459119496,-4.8927893081761,-10.582084905660377,-8.963785849056604
