,cluster_id,curvature,x,y,z,average_potential
0,1,-12.78,-6.18378,1.0080433333333334,-1.7347266666666668,-12.794493333333333
1,2,17.76,-0.9690426065162906,-4.999358395989975,-1.6183809523809523,-11.937925563909774
2,3,10.88,-1.0258800000000003,-2.2137545454545458,-9.492854545454545,-10.28083690909091
3,4,18.47,5.312503856041131,1.4359742930591262,-4.9882673521850895,-13.144858097686376
4,5,-12.6,0.01623979591836731,3.3996479591836737,-2.9056938775510206,-11.75886556122449
5,6,9.05,10.26486033519553,0.7238128491620112,-18.321047486033518,-9.023694134078212
6,7,17.47,14.518707017543857,2.8068578947368423,-24.668357894736843,-8.678098070175439
7,8,-9.69,9.050256097560975,5.028923780487805,-23.941420731707318,-7.384234756097561
8,9,14.55,6.67680594059406,-2.225641584158416,-13.101186138613862,-11.090862574257425
9,10,10.95,4.977889285714285,5.528096428571429,-15.006305357142859,-8.549015535714286
10,11,17.19,-13.53523442622951,-2.1830360655737704,8.959160655737705,-9.627151967213116
11,12,13.33,-17.99242274052478,-4.007386297376093,13.912424198250728,-14.121806268221572
12,13,23.88,-5.0184879032258065,-6.619987903225807,12.31642741935484,-12.338091129032257
13,14,19.45,-6.841909756097561,0.5840487804878051,13.134065853658537,-13.37900756097561
14,15,-2.22,-9.361896226415093,0.11630503144654092,5.250022012578617,-11.684065723270441
15,16,17.81,-3.394460063897763,-3.261953674121406,5.0449137380191695,-14.693542492012778
16,17,-17.25,-29.037772988505747,-11.824577586206896,16.80891379310345,-12.806168678160923
17,18,-13.87,-28.192563275434242,-4.399496277915633,11.307531017369726,-9.739628039702232
18,19,24.07,-28.37614534883721,-2.598337209302326,22.297401162790695,-11.298152906976743
19,20,12.39,-24.881324074074072,-5.247481481481482,17.187511574074072,-12.041306712962962
20,21,18.85,-42.34067883211679,-14.729069343065692,16.598744525547446,-4.824550364963503
21,22,19.55,-46.88479723502304,-6.823225806451612,8.749064516129032,-4.2081133640553
22,23,13.23,-44.149357274401474,-6.497189686924494,14.984854511970534,-11.186732044198896
23,24,9.57,-37.275888888888886,-10.122475409836065,11.497380692167578,-9.095628051001821
24,25,13.62,-35.89420608899297,-7.864201405152225,19.190899297423886,-13.287749648711944
25,26,13.06,-33.29947191011236,-2.3373101123595506,17.46785168539326,-12.503845168539327
