,cluster_id,curvature,x,y,z,average_potential
0,1,18.65,-34.47318766066838,-5.662622107969151,13.327694087403598,-9.366951928020566
1,2,-12.77,-24.77535915492958,-6.201586854460094,15.853239436619717,-10.46405234741784
2,3,14.94,-29.2040826446281,-3.673120661157025,17.091203305785125,-12.21076214876033
3,4,-12.19,-12.768231839258112,-0.4760030911901082,7.371908809891808,-8.50439969088099
4,5,19.84,-14.102597014925374,-1.9880820895522389,19.097910447761194,-5.209095149253732
5,6,-13.48,-19.20620930232558,-0.7824767441860465,11.522908914728681,-11.221017441860464
6,7,14.91,-24.773751937984496,2.8498023255813956,13.54965503875969,-11.506459689922481
7,8,12.97,-20.50395374449339,2.398850220264317,18.065632158590308,-14.86296938325991
8,9,15.84,-0.7011577540106952,6.251636363636364,-45.039074866310166,-5.567497860962567
9,10,14.88,-1.8728699551569505,6.231917040358744,-38.04533183856502,-11.604498430493274
10,11,16.13,-1.2704040404040406,0.5598653198653198,-32.687000000000005,-6.538159595959596
11,12,12.23,8.151487804878048,-3.985793400286944,-28.114935437589672,-11.322473601147777
12,13,11.93,5.2135982905982905,1.9584458689458686,-29.795415954415958,-13.140239886039888
13,14,13.51,-1.2138819969742813,6.12002571860817,-1.8832859304084717,-10.157409682299546
14,15,16.85,-9.076267045454546,-0.4429545454545455,0.28357102272727275,-13.021833238636361
15,16,14.57,-8.570879828326179,7.064510729613733,0.07634120171673821,-8.035041630901288
16,17,16.13,8.306598086124403,3.443358851674641,-12.560682615629984,-10.831378947368421
17,18,25.26,6.992767441860464,12.787988372093027,-13.256395348837211,-3.785248837209302
18,19,14.27,4.960452525252525,6.749432323232323,-8.145383838383838,-9.914424242424241
19,20,17.69,13.098441717791411,1.70480572597137,-18.64485889570552,-10.99563680981595
20,21,17.89,6.329295918367347,2.604586734693877,-22.238668367346936,-10.416527040816325
21,22,15.11,6.414424342105264,-3.600473684210526,-16.49921052631579,-8.277344407894736
