,cluster_id,curvature,x,y,z,average_potential
0,1,15.37,0.14455790960451984,-0.5578418079096045,-16.01683615819209,-16.157340536723165
1,2,13.45,2.086393285371703,6.470947242206235,-15.12702637889688,-16.50283717026379
2,3,17.63,-1.866881390593047,5.220744376278118,-28.601961145194274,-7.306865235173824
3,4,10.64,3.62129283887468,7.670828644501278,-22.888323529411764,-9.21042148337596
4,5,-15.66,-10.272781045751634,-2.1022581699346405,0.48072875816993466,-31.94124738562092
5,6,16.58,-16.21522149122807,2.6094057017543864,-2.324157894736842,-19.52156118421053
6,7,14.18,-9.61526858108108,-2.4024375,-12.221972972972974,-20.720639020270273
7,8,-8.41,-7.086492366412214,6.426786259541985,-9.764152671755726,-32.33765954198473
8,9,15.92,-13.82332541567696,4.620052256532067,-8.180957244655582,-21.35089477434679
9,10,15.36,-16.967923588039866,4.146093023255814,11.167800664451827,-14.679536544850498
10,11,-13.28,-16.979648221343876,4.057875494071146,4.595503952569169,-21.6276871541502
11,12,19.33,-7.611050377833753,-4.479926952141057,9.794773299748112,-20.075537279596976
12,13,16.19,-15.226914728682168,-2.2015607235142123,10.385819121447028,-19.974667700258397
13,14,20.03,-5.240231511254019,11.89258199356913,2.803376205787781,-26.535233440514467
14,15,18.05,-9.601408719346049,12.139395095367846,-1.776384196185286,-16.004985286103544
15,16,-4.75,-6.001803921568627,2.2948627450980394,9.862245098039216,-30.023611111111112
16,17,9.88,-6.112965034965035,6.345073426573426,8.371527972027973,-21.67688846153846
17,18,14.98,8.234275482093665,1.1439449035812672,0.7720909090909092,-26.580278787878793
18,19,15.05,1.5814827586206897,3.0731436781609203,6.671977011494253,-30.84002643678161
19,20,15.84,5.1372734375,8.984546875,5.215247395833333,-22.08311458333333
20,21,16.46,-1.1144400826446281,-5.539169421487602,-5.907619834710744,-22.28166508264463
21,22,22.4,-4.157445544554455,-7.094074257425742,5.204896039603961,-21.999394554455446
22,23,8.62,2.6394351648351644,-5.272474725274725,4.670531868131868,-21.7786632967033
23,24,-13.33,8.225058712121212,15.684193181818184,3.208695075757576,-11.94108409090909
24,25,-0.12,7.54220224719101,0.5351123595505618,-6.130146067415731,-20.222300374531837
25,26,-14.54,9.739846938775509,6.192304081632654,-9.19595306122449,-13.460865102040815
26,27,-8.72,4.634577777777778,11.477765432098765,-9.760911111111112,-19.32930271604938
27,28,11.3,3.5281375358166196,11.458538681948424,-3.5941891117478506,-25.136101146131804
