,cluster_id,curvature,x,y,z,average_potential
0,1,14.25,3.7893434650455924,-1.7137477203647415,13.002006079027355,-11.836826747720366
1,2,-20.06,-1.1718562091503266,-8.281944444444445,14.401418300653594,-10.333469934640522
2,3,-11.22,-3.073394366197183,-4.333750503018108,8.511857142857142,-11.266186720321931
3,4,16.5,-2.169651459854015,4.693437956204379,14.15388503649635,-8.380647262773723
4,5,16.51,-3.505159183673469,-1.5909816326530613,18.30996530612245,-10.009197755102042
5,6,21.82,15.3590819112628,-6.54564505119454,2.4186348122866894,-11.967476791808874
6,7,-12.16,17.860659695817493,-2.647771863117871,-1.6934030418250952,-10.081555513307986
7,8,16.55,7.951906028368795,-8.87438475177305,-3.1618209219858158,-12.960464007092199
8,9,13.4,11.202740170940173,-6.49537264957265,-11.783415384615386,-8.456633504273505
9,10,11.04,13.600704035874442,-9.442242152466367,-7.524928251121076,-9.498569955156949
10,11,17.31,16.794498795180722,-2.4178433734939757,-7.992028915662651,-8.950722168674698
11,12,18.99,9.472039024390243,-0.4436780487804878,8.302075609756097,-12.349219268292686
12,13,18.91,7.260107476635514,-7.310906542056075,3.6295233644859817,-13.675940186915886
13,14,16.67,5.136635235732011,-7.41359553349876,8.883131513647642,-10.493120099255583
14,15,12.25,0.6914491525423728,-1.6035762711864405,2.605737288135593,-13.19662641242938
15,16,16.45,6.262547309833024,0.20719480519480518,-5.372621521335807,-11.260427458256029
16,17,19.38,9.52729898989899,1.6694242424242423,1.6838606060606063,-10.977987272727272
