,cluster_id,curvature,x,y,z,average_potential
0,1,11.69,-11.293008391608392,5.192132867132867,2.84141958041958,-13.194088811188811
1,2,17.43,-16.978412751677848,1.17,5.060392617449664,-8.80016912751678
2,3,11.8,-16.240174061433446,8.677160409556315,6.301738907849829,-9.830803242320819
3,4,12.73,-25.341146031746028,8.988042857142858,9.260680952380952,-5.627779365079365
4,5,17.03,-19.67988643533123,10.252018927444794,16.209223974763407,-4.675646372239747
5,6,9.87,-18.23239065108514,3.740572621035058,12.070283806343907,-7.237942737896495
6,7,17.41,-8.396107526881721,-0.6990645161290324,2.3785698924731187,-10.540651971326165
7,8,17.39,-4.0461490384615395,4.040298076923077,0.30901682692307697,-11.444587019230768
8,9,15.17,-6.971233226837061,-0.5631789137380192,-5.333364217252396,-9.238287220447283
9,10,14.96,-1.4566170940170942,0.7675897435897436,-5.657123076923076,-10.968591623931623
10,11,20.89,4.94609756097561,-3.0490701219512193,-7.4627743902439025,-14.659055487804876
11,12,12.94,2.715943444730077,3.688038560411311,-6.940146529562982,-10.969805141388175
12,13,-14.56,9.351614285714286,3.0115178571428567,-11.935428571428572,-14.103996785714287
13,14,16.23,4.710453201970443,-0.8132980295566503,-16.986056650246304,-8.808073399014779
14,15,-19.8,4.63168045112782,7.43606015037594,-15.370466165413534,-13.093677067669175
15,16,18.4,9.4999718875502,2.847532128514056,-19.99512248995984,-9.29232951807229
16,17,16.0,11.6036367781155,11.179503039513678,-16.556382978723402,-12.111880547112461
17,18,11.9,5.645140119760478,14.921717365269464,-19.560863473053892,-8.444719281437127
