,cluster_id,curvature,x,y,z,average_potential
0,1,13.25,-15.08140368852459,5.1796475409836065,21.82252663934426,-10.304528073770493
1,2,14.49,-17.972511961722486,3.6868133971291863,16.755966507177032,-13.368955741626797
2,3,15.75,-11.834580381471387,-0.431057220708447,17.53016348773842,-8.363431607629428
3,4,13.67,-5.789690582959642,2.9671883408071746,15.19745739910314,-14.046567264573989
4,5,17.42,-10.16427094972067,7.583821229050279,11.874181564245811,-14.993354189944133
5,6,13.55,-11.93533744855967,2.105473251028806,9.272810699588478,-9.446427777777778
6,7,13.27,-2.4664143426294824,8.562266932270918,8.450703187250996,-9.155093027888446
7,8,11.96,-5.552929859719439,2.3831503006012023,4.989759519038077,-9.7425751503006
8,9,16.5,9.58926637554585,6.064646288209606,-22.70267248908297,-6.777878820960699
9,10,10.7,14.007149171270717,3.406867403314917,-18.885187845303868,-9.330333977900553
10,11,16.03,0.8758149532710278,7.445790654205607,-3.8975831775700933,-10.143348411214953
11,12,23.48,-0.5765198675496688,-0.146728476821192,-0.29828807947019864,-8.703800331125828
12,13,20.54,1.8737251908396948,6.5839351145038165,3.037996183206107,-9.993142366412215
13,14,11.15,13.42934193548387,2.557670967741936,-11.135427096774194,-10.136100903225806
14,15,12.63,6.993325095057035,-1.1621558935361216,-7.500361216730039,-8.349056653992395
15,16,11.04,6.676052521008403,4.452033613445377,-4.227638655462186,-10.922092226890756
