,cluster_id,curvature,x,y,z,average_potential
0,1,19.92,14.47053316953317,6.805402948402948,-1.3883267813267812,-11.754516707616709
1,2,19.35,10.565323529411765,3.26802036199095,-4.7406085972850684,-17.071943665158372
2,3,18.29,-0.4216114398422091,4.829003944773176,12.218388560157791,-11.833200788954636
3,4,-2.22,5.770007662835249,4.554019157088123,4.4477969348659006,-22.626362068965516
4,5,25.96,3.837222996515679,-6.2876202090592335,10.412411149825784,-24.02371986062718
5,6,17.89,4.698287539936102,0.44241214057507994,11.150961661341853,-20.419374121405752
6,7,21.37,5.445196286472148,-11.391002652519893,1.7531777188328912,-26.42829177718833
7,8,-14.5,10.247873972602738,-4.687539726027397,3.828241095890411,-17.893392328767124
8,9,22.98,4.88331274131274,-11.809749034749032,-6.570289575289575,-18.074263706563706
9,10,9.24,-0.7875607476635514,-7.226137071651091,-9.170545171339564,-21.674001557632398
10,11,14.09,6.082695,-1.01315,-10.87085,-20.148806
11,12,-1.19,9.176663580246913,-6.107441358024692,-4.518064814814815,-25.27407685185185
12,13,17.49,-5.4349254966887415,7.53962417218543,1.9178294701986758,-19.530402317880792
13,14,12.33,-3.6802944785276077,2.3874417177914107,-9.565680981595094,-13.276223926380368
14,15,24.75,-4.463558823529412,9.21515931372549,-6.118274509803921,-14.013522549019608
15,16,14.13,2.8365465465465465,7.174696696696697,-3.7100210210210207,-23.183438138138136
16,17,-4.75,-3.2974405594405596,-9.683625874125873,-2.9909545454545454,-22.37613041958042
17,18,14.88,-7.1568287671232875,-3.845150684931507,-5.13711187214612,-28.104056621004563
18,19,16.52,-9.771217607973421,-1.090875415282392,1.948458471760797,-22.5199403654485
19,20,20.91,-2.3401881533101045,-8.501689895470383,4.2216794425087105,-19.79313693379791
20,21,12.46,-4.60706862745098,-1.9148529411764708,8.112506535947713,-27.903561437908493
