,cluster_id,curvature,x,y,z,average_potential
0,1,13.99,10.03766213592233,17.12694951456311,-28.270704854368933,-4.745792233009709
1,2,17.09,-3.0564986737400535,25.933111405835543,-24.865140583554375,-5.719595225464191
2,3,13.05,2.87671375464684,20.65310408921933,-24.426578066914498,-6.568478624535316
3,4,13.56,8.768246951219512,5.531079268292682,-11.301631097560977,-13.71417164634146
4,5,13.37,7.539944881889764,11.824248031496065,-14.744232283464566,-11.416366338582677
5,6,13.24,5.401421130952381,9.964011904761906,-22.92477380952381,-11.583420833333335
6,7,12.78,6.970424427480917,2.957697709923664,-20.09644427480916,-10.204456488549619
7,8,14.34,2.383104743083004,7.49451581027668,-1.8843517786561264,-13.693830039525693
8,9,13.11,-3.900470948012233,7.3988853211009165,-6.995862385321101,-15.09526009174312
9,10,-14.49,0.5132955223880598,4.492116417910448,-15.091402985074627,-17.2712576119403
10,11,14.77,-0.5597174887892377,1.5358251121076232,-9.322894618834082,-13.526095067264574
11,12,16.56,-31.57236391437309,-16.285819571865442,12.239571865443425,-12.408519877675841
12,13,-11.7,-36.635016245487364,-17.61398736462094,8.628913357400721,-10.052052346570397
13,14,18.7,-30.387878099173555,-10.994303719008265,14.023898760330578,-11.893014049586778
14,15,13.61,-30.043836858006042,-4.7132960725075534,12.435336858006044,-11.337883987915408
15,16,18.44,-3.8480968749999995,1.036915625,-0.42826875,-12.3931421875
16,17,24.04,-4.921404705882353,7.080545882352941,4.920002352941176,-12.735902823529413
17,18,19.54,-5.120151666666667,0.6425700000000001,6.4705433333333335,-13.340696166666667
18,19,-13.32,-10.843410326086957,0.7981847826086957,12.995263586956524,-14.45834864130435
19,20,14.71,-5.974176767676767,-4.400547138047139,11.794968013468011,-12.00686430976431
20,21,16.5,-9.043643373493977,-2.9833204819277106,23.630578313253014,-12.456460722891567
21,22,16.53,-13.822287425149701,-5.870097804391217,17.298433133732534,-14.210491017964072
22,23,12.34,-22.805458860759494,-0.8854177215189872,15.085153481012657,-9.585513765822785
23,24,16.62,-13.54010612244898,5.41510612244898,20.815912244897955,-13.43588857142857
24,25,19.82,-21.252067415730338,4.484475655430711,20.491752808988767,-7.8624981273408245
25,26,12.57,-16.447675572519085,2.199820610687023,16.224561068702293,-16.444886641221373
