,cluster_id,curvature,x,y,z,average_potential
0,1,14.21,-13.833590584878744,18.2847817403709,17.24579457917261,-6.736121683309557
1,2,16.01,-12.778772908366532,7.982858565737053,14.421155378486056,-10.04382470119522
2,3,16.95,-11.729921108742003,11.599682302771855,20.00572921108742,-10.358264392324093
3,4,15.16,-5.823606707317074,3.9808902439024387,13.772283536585366,-8.644151829268292
4,5,12.79,-10.753758468335787,-0.13335051546391746,9.402499263622976,-7.572391016200294
5,6,19.65,-4.498920634920635,-0.013361904761904818,0.426920634920635,-8.134586031746032
6,7,12.23,-4.753902857142857,4.2697257142857135,5.72455619047619,-10.227144000000001
7,8,23.73,0.890243093922652,5.085381215469614,0.16056077348066303,-10.319624585635358
8,9,19.16,3.422907480314961,0.7218248031496063,-2.099466535433071,-9.61594625984252
9,10,13.05,5.584496042216359,7.976939313984169,-5.832274406332453,-9.733846965699207
10,11,14.95,9.032209163346613,0.9836334661354581,-7.318972111553785,-10.539944223107572
11,12,14.08,5.380580052493439,5.513049868766403,-14.985805774278216,-10.337310236220471
12,13,13.62,12.218293046357616,0.4526788079470197,-13.99941059602649,-11.694713907284768
13,14,14.54,13.462382871536526,10.904680100755668,-16.79482871536524,-9.642056926952142
14,15,13.43,16.007624352331604,4.072054404145078,-20.257935233160623,-10.684186917098444
