,cluster_id,curvature,x,y,z,average_potential
0,1,-0.22,9.62886567164179,-2.73984328358209,-3.4235223880597014,-22.00758320895522
1,2,-3.86,4.03335064935065,-6.540454545454546,0.7800487012987013,-22.734541558441556
2,3,19.38,0.6414076738609114,-5.772419664268585,-10.807098321342924,-14.709743165467625
3,4,23.36,-2.850864686468647,-9.373940594059405,-3.6450429042904284,-16.887094059405936
4,5,-6.77,-4.605090651558074,-2.968841359773371,-3.678393767705382,-26.623705665722376
5,6,12.28,10.107798136645963,7.532260869565217,-4.415307453416149,-18.005539130434784
6,7,15.51,12.64782432432432,3.1150495495495494,1.0150855855855856,-20.325063063063066
7,8,22.01,7.837542087542087,9.430164983164984,3.938104377104377,-23.792740067340066
8,9,23.54,3.3609717868338556,6.865777429467085,-12.91485893416928,-15.28299905956113
9,10,15.85,5.904072139303483,0.4438980099502487,-10.305482587064677,-17.445815422885573
10,11,17.05,3.331474193548387,11.94471935483871,-4.587700000000001,-20.91912741935484
11,12,-4.17,-2.2737729257641925,8.214,-5.520189956331877,-31.635021834061135
12,13,11.52,-11.394549019607844,-0.009777777777777722,9.154107843137256,-18.31764558823529
13,14,17.4,-8.36038753387534,5.348075880758808,-2.715428184281843,-29.76928617886179
14,15,7.84,-10.770690265486722,0.9703893805309735,2.869858407079646,-28.545025663716817
15,16,6.21,-1.4441249999999999,11.991095,3.7136850000000003,-23.252394999999996
16,17,15.22,-7.901173245614036,10.115083333333333,6.426664473684211,-15.937760087719298
17,18,13.55,4.415119363395226,8.57866047745358,11.622689655172415,-18.475175596816975
18,19,19.96,-2.397867816091954,3.7735086206896553,13.479347701149425,-19.198178160919543
19,20,17.64,6.192612903225807,1.3589112903225806,9.59558870967742,-21.23886491935484
20,21,14.0,7.778061688311689,-3.456314935064935,6.062305194805195,-21.11417077922078
21,22,19.37,-4.241897260273973,-7.77381506849315,4.99791095890411,-18.80196849315069
22,23,18.59,-1.3774779220779219,-3.7319350649350653,10.16518181818182,-29.26674077922078
