,cluster_id,curvature,x,y,z,average_potential
0,1,18.62,7.423464503042597,-6.004862068965517,-4.189200811359026,-12.994898377281945
1,2,22.97,12.806486404833837,3.012453172205438,-4.022613293051359,-14.871576435045316
2,3,12.95,9.934438235294119,2.3547411764705877,1.111941176470588,-16.281689411764706
3,4,20.91,1.2694522968197879,10.37860777385159,-2.1161625441696112,-14.238809893992933
4,5,18.12,7.8326210268948655,11.377919315403421,-6.201731051344743,-11.05441491442543
5,6,19.3,7.744650165016501,3.666722772277227,-8.647838283828383,-15.95029273927393
6,7,17.69,1.120336048879837,2.3417800407331972,-10.003553971486763,-13.014545213849287
7,8,18.05,-9.321625292740046,-1.4203255269320845,5.545297423887588,-16.89294262295082
8,9,13.71,-6.356325065274151,5.526565274151436,7.712074412532637,-17.066482767624024
9,10,18.85,1.9039999999999997,7.422245664739885,4.357161849710983,-16.929149710982657
10,11,14.86,-7.139861256544503,6.12862827225131,-2.200128272251309,-13.741715183246072
11,12,17.08,-6.018489795918368,-1.890497959183673,-2.492538775510204,-11.56625306122449
12,13,13.08,-3.158969298245614,-5.193070175438597,5.054745614035087,-17.81713552631579
13,14,14.77,1.2036261904761905,-7.966904761904762,-0.28569047619047616,-19.447162857142857
14,15,18.05,1.2777283950617282,1.7047971781305116,13.34046737213404,-9.829654320987656
15,16,14.2,6.494479999999999,-2.262750476190476,7.140165714285716,-18.788633333333333
