,cluster_id,curvature,x,y,z,average_potential
0,1,16.78,20.6388009478673,-7.064184834123223,-10.788706161137442,-7.98522748815166
1,2,13.71,8.476970149253733,4.768758706467661,-13.383654228855722,-17.762630099502488
2,3,18.33,6.076733197556008,0.7430325865580447,-19.93294297352342,-15.134481466395112
3,4,12.88,6.41892735042735,-3.1319999999999997,-15.559286324786322,-17.798698931623935
4,5,14.76,4.58421102661597,-10.528435361216731,-9.145482889733842,-17.251534600760454
5,6,18.31,12.51258843537415,-9.440180272108845,-14.155396258503401,-16.94343945578231
6,7,-14.76,7.917674897119341,-2.5284032921810695,-6.878288065843622,-27.935883127572016
7,8,13.88,12.911096875000002,-7.089768749999999,-5.754575,-14.644983437500002
8,9,16.18,-4.153833333333333,3.2987911392405063,17.22110548523207,-8.862467510548525
9,10,16.39,-0.4955947368421053,8.37111403508772,11.656307017543858,-15.02488157894737
10,11,18.83,-14.67480516431925,2.0537089201877934,14.437469483568075,-10.263578169014085
11,12,-9.85,-2.4520180722891562,-0.06483132530120474,8.692499999999999,-19.581756626506024
12,13,-3.42,-7.536900677200903,6.249194130925508,8.663205417607223,-22.94493995485327
13,14,15.85,-13.29139024390244,1.705239024390244,4.1797560975609755,-20.61029390243902
14,15,9.82,-9.956861979166666,-2.3455598958333335,9.5649140625,-18.432771093750002
15,16,18.16,5.080183486238532,6.490247706422019,-4.073509829619921,-23.57474102228047
16,17,25.58,3.3173601895734595,9.469113744075829,-10.830862559241703,-22.561218483412322
17,18,-5.41,-0.06690099009900992,3.317811881188119,-10.03419306930693,-24.792895544554455
18,19,-9.28,2.7729999999999992,-1.7867115384615384,1.3550512820512821,-19.616942307692305
19,20,18.9,1.998844262295082,6.124446721311475,3.6879385245901637,-20.90048504098361
20,21,-4.52,-2.725739837398374,-3.175319783197832,-6.875742547425474,-21.369908672086723
21,22,14.91,1.2001948310139168,-8.181337972166997,-1.7621610337972167,-14.677177932405568
22,23,16.1,-6.622961267605634,2.9395422535211266,-2.414538732394366,-27.30722781690141
23,24,21.89,-10.743448412698413,-4.3094801587301585,-1.5603888888888888,-16.09032261904762
24,25,12.37,-4.835972527472527,-5.64279945054945,4.0936593406593405,-17.09731098901099
