,cluster_id,curvature,x,y,z,average_potential
0,1,16.56,-20.49901953125,2.7520722656250003,7.059876953125,-9.1387341796875
1,2,-15.76,-16.420087603305785,4.175357024793389,12.855100826446282,-12.19652082644628
2,3,14.1,-10.399386904761903,-1.3743675595238094,14.714531250000002,-11.667640476190476
3,4,17.01,-1.3325762331838564,2.385928251121076,10.84063004484305,-17.368518161434977
4,5,14.83,-3.2375476190476187,-4.763797619047619,5.3134375,-15.134554761904761
5,6,15.44,-5.648488461538461,-6.7804192307692315,11.399753846153846,-8.174067307692306
6,7,16.55,-8.225716216216217,-0.22303783783783793,7.1184810810810815,-20.046075945945947
7,8,16.69,3.6968605769230773,-1.2598846153846155,6.321128205128205,-16.02988846153846
8,9,18.66,0.15663043478260874,1.3708885869565217,-2.735467391304348,-22.226045652173916
9,10,19.68,-0.8195100286532951,4.686805157593124,2.8004097421203435,-23.94002865329513
10,11,13.36,5.587950437317784,6.452279883381923,1.0385393586005829,-18.41427084548105
11,12,15.25,-5.268625429553265,7.166127147766324,-5.524161512027491,-18.821035738831615
12,13,13.69,-10.502576146788991,1.9565394495412844,-4.659506422018348,-15.279297798165137
13,14,-11.63,-8.39220138888889,5.429905092592593,1.7456782407407407,-21.815070370370368
14,15,21.17,-14.984416326530615,8.764016326530614,-3.501338775510204,-9.785391020408163
15,16,15.85,-15.321334702258728,4.564794661190966,2.4630739219712523,-16.641182135523614
16,17,13.38,16.55034496919918,6.491478439425051,-43.375468172484595,-5.459475770020533
17,18,10.48,13.895091030789827,4.1660522088353416,-33.3374484605087,-8.750535742971888
18,19,14.17,12.781085227272728,1.1097727272727271,2.799840909090909,-11.148083948863636
19,20,17.67,17.6233453724605,9.35184875846501,-2.2349729119638826,-11.507392099322798
20,21,11.92,10.73541903409091,8.509475852272727,-2.2608181818181814,-14.152018465909093
21,22,-11.12,3.4444658753709203,-1.6321513353115726,-11.445922848664688,-20.588791394658756
22,23,14.22,0.456198924731183,1.7804032258064515,-16.821104838709676,-12.178119892473116
23,24,23.42,0.658996197718631,5.451878326996198,-9.21358174904943,-21.96632547528517
24,25,19.14,-4.650685589519651,-2.910768558951965,-10.272895196506552,-15.04151615720524
25,26,18.72,-5.247441558441559,4.350732467532467,-13.30541818181818,-11.391918961038963
26,27,12.3,10.097638823529412,0.4910635294117647,-25.015723529411762,-12.268070941176472
27,28,11.4,5.754061381074168,-2.0857148337595905,-19.151025575447573,-13.393314066496165
