,cluster_id,curvature,x,y,z,average_potential
0,1,16.98,23.317288014311274,8.50712343470483,-39.56128980322004,-5.892209481216458
1,2,-12.44,13.613424074074073,7.159012962962962,-33.127916666666664,-11.979204814814814
2,3,14.97,19.665644122383256,6.735560386473429,-34.2986231884058,-9.985289371980677
3,4,14.02,6.219117202268431,0.23594139886578452,-15.359353497164461,-12.275469754253308
4,5,-13.38,0.8359057971014493,1.045731884057971,-8.401987922705313,-10.823725845410628
5,6,-10.82,6.077326797385622,-4.010333333333333,-4.792594771241831,-9.749645098039215
6,7,9.41,7.029163106796117,-2.4299223300970874,-10.375568932038835,-10.302618834951456
7,8,13.54,9.515552361396304,7.980944558521561,-20.501082135523614,-11.365227104722791
8,9,12.83,11.989991935483872,0.7482526881720429,-17.72522580645161,-12.865806451612903
9,10,11.37,16.242296735905047,3.830384272997033,-25.733305637982195,-12.424282937685462
10,11,18.24,9.382339055793992,-3.2570515021459228,-23.738390557939915,-10.890287124463518
11,12,8.45,9.133637362637364,3.0875018315018314,-26.084025641025644,-11.906169963369964
12,13,21.92,-1.1542394822006474,-4.814572815533981,-1.4869417475728157,-15.340502912621359
13,14,15.61,-2.4706822429906543,2.072593457943925,-0.05034813084112151,-12.18901156542056
14,15,17.84,-6.052820512820512,-3.878816568047337,4.480293885601578,-12.266852662721893
15,16,-4.38,-12.71921484375,-1.3627734375,10.0130234375,-10.925890234375
16,17,19.98,-7.135211678832117,4.9013978102189775,6.926507299270073,-14.113558759124087
17,18,20.01,-5.271065462753951,-2.700343115124154,11.898690744920993,-14.296518058690744
18,19,13.69,-23.59663385146805,17.41603626943005,33.80804317789293,-11.42361761658031
19,20,15.07,-28.71139294117647,15.53189411764706,28.635228235294118,-12.320725882352942
20,21,17.99,-30.703604095563136,21.607017064846417,30.8172457337884,-8.398277133105802
21,22,13.53,-33.32693606138108,17.124626598465476,35.07923017902813,-6.03442020460358
22,23,-10.1,-10.211209893048128,4.1025935828877005,14.47341310160428,-15.436822326203208
23,24,14.79,-14.406384191176471,1.7790477941176468,20.075351102941177,-15.84098805147059
24,25,-15.21,-19.242441509433963,14.773120754716981,26.3289962264151,-10.642882264150943
25,26,10.4,-24.10959083469722,10.513093289689035,25.913860883797053,-11.614824549918167
26,27,-12.45,-20.029673130193906,3.185700831024931,22.79956786703601,-12.68036592797784
27,28,11.01,-15.01028947368421,8.743761278195489,21.85547368421053,-12.246018421052632
