,cluster_id,curvature,x,y,z,average_potential
0,1,17.49,-9.580709981167608,-5.636845574387947,3.380376647834275,-11.62228154425612
1,2,16.39,-9.19828679245283,-12.887569811320756,7.993715094339622,-8.472210943396227
2,3,14.17,-15.826175066312997,-7.860196286472148,9.902143236074272,-11.843208222811668
3,4,16.52,-6.301007731958763,-9.634806701030929,14.61320618556701,-12.628792783505155
4,5,-11.9,-5.416227424749164,-3.797123745819398,10.382464882943143,-15.117979264214048
5,6,15.08,-14.331991561181432,-0.1233994374120956,25.937881856540084,-11.809800984528835
6,7,12.44,-11.969490066225166,-0.605962472406181,18.338682119205295,-10.994080794701988
7,8,15.65,-11.579845864661655,-6.7727161654135335,18.452101503759398,-14.462571616541354
8,9,19.51,9.363942408376962,-0.5061884816753928,-0.7500157068062826,-8.647680104712043
9,10,15.11,4.113104411764706,-1.1696779411764706,-4.200995588235294,-10.418976176470588
10,11,17.75,-2.4793855421686746,-7.47309638554217,1.3570542168674695,-9.877830120481926
11,12,18.75,-1.31238622754491,-0.25641017964071855,1.9072649700598805,-11.608910329341319
12,13,-11.51,19.129614754098363,10.836383606557376,-11.658324590163934,-8.329510983606557
13,14,-9.76,5.992333333333334,5.315982817869416,-8.253233676975944,-7.251879725085911
14,15,11.38,13.414529182879377,6.921,-12.575830739299612,-6.819622762645914
15,16,17.83,16.90162962962963,0.6501595441595442,-7.72885754985755,-6.260772934472933
16,17,-12.61,12.029994974874372,4.210849246231155,-6.628444723618091,-9.612684673366834
