,cluster_id,curvature,x,y,z,average_potential
0,1,18.29,0.9112717770034844,2.345787456445993,13.018860627177702,-20.6774787456446
1,2,17.52,9.336963815789474,2.2523125,7.40998355263158,-22.552498355263157
2,3,15.63,-10.688670854271356,1.2006934673366834,1.5908919597989948,-20.338598743718595
3,4,9.71,-9.345560509554142,-3.151503184713376,-4.330828025477707,-25.108855414012737
4,5,17.84,-9.960487804878047,-8.61557142857143,0.7987456445993034,-21.396719163763066
5,6,14.23,-7.504392452830189,-6.046177358490566,9.6521320754717,-16.32831603773585
6,7,17.23,4.377352422907489,-4.947669603524228,8.924449339207047,-28.895433039647575
7,8,15.79,-0.48303125,-10.63182986111111,5.924256944444444,-29.040410069444444
8,9,23.68,-5.4712297872340425,3.5953234042553195,13.224757446808512,-20.808298723404256
9,10,18.3,-7.569168981481482,8.000976851851853,10.252907407407408,-18.30639537037037
10,11,-1.72,-0.14028260869565218,11.205336956521739,2.710905797101449,-23.46795144927536
11,12,8.79,4.396486956521739,9.3143,6.842847826086957,-19.199686956521738
12,13,22.47,-9.830759825327512,9.247187772925765,2.676951965065503,-20.18818384279476
13,14,-3.36,-4.847179153094463,8.304530944625407,-3.0030065146579803,-34.20445114006515
14,15,-12.57,-2.0430776255707763,-12.34068264840183,-4.974344748858448,-18.859127625570775
15,16,13.48,-3.8431189710610933,-0.050845659163987166,-9.352987138263666,-34.85450128617363
16,17,18.37,-3.642121348314606,-7.8666202247191,-9.175480898876405,-27.501956853932587
17,18,18.32,8.17089121338912,-12.187918410041842,-10.35944979079498,-16.71547112970711
18,19,7.78,12.180749464668095,-7.986263383297644,-7.672154175588864,-22.257011349036404
19,20,-11.84,8.926755555555555,-0.5557577777777778,-0.8884044444444444,-35.97390622222222
20,21,19.26,11.450961038961038,-9.761380952380954,1.1059718614718614,-13.690762337662338
21,22,-5.97,5.077509615384615,-10.02111217948718,-0.9737051282051283,-26.845863782051286
22,23,21.07,10.270997222222222,8.820869444444444,-5.054908333333334,-15.06771527777778
23,24,17.85,4.459715719063545,9.34203678929766,-2.9239464882943142,-20.941877591973245
24,25,19.75,5.9896083916083915,-4.1603076923076925,-13.836583916083915,-17.523884965034963
25,26,17.24,11.41146304347826,2.856,-10.866354347826087,-22.68959847826087
26,27,21.03,3.200090395480226,5.344350282485876,-11.931073446327686,-17.42275593220339
