,cluster_id,curvature,x,y,z,average_potential
0,1,18.31,3.3784201834862384,4.657755963302752,-7.981609174311928,-20.124049174311928
1,2,24.75,3.6222775119617228,-5.001363636363636,-9.254995215311004,-22.146583253588513
2,3,19.65,-2.5560951276102086,-1.3705522041763338,-10.020726218097447,-23.81704547563805
3,4,20.54,9.152198952879582,8.742858638743455,-12.540316753926701,-10.54093717277487
4,5,-10.95,13.206082408874803,4.362017432646593,-8.605778129952457,-14.8911971473851
5,6,16.93,8.9410073800738,6.487365313653137,-1.2314686346863468,-21.54348228782288
6,7,-20.07,6.985469465648854,-1.595969465648855,-2.8300076335877864,-31.7051141221374
7,8,4.02,7.517454106280194,2.048169082125604,2.3940096618357485,-26.340306280193236
8,9,8.06,3.3631357466063347,5.094848416289592,8.179696832579186,-18.679456561085974
9,10,-0.94,-2.925392,7.556564000000001,-3.0866239999999996,-23.927158000000002
10,11,18.5,-4.330603873239437,8.624475352112675,3.293424295774648,-23.50090264084507
11,12,13.95,-10.611174418604651,-3.5388488372093025,3.5961666666666665,-20.3632496124031
12,13,15.92,-11.860561461794022,0.9270265780730896,-1.9096112956810631,-21.696971594684385
13,14,22.25,-11.86249494949495,7.701902356902357,5.395282828282828,-18.2887797979798
14,15,-1.58,-7.532616519174042,1.277716814159292,8.527825958702065,-16.21086843657817
15,16,18.8,3.1781845238095237,-10.174136904761903,-1.6277182539682538,-22.377569444444443
16,17,16.34,-8.354059701492536,-8.859964552238806,-7.675091417910448,-21.787687313432833
17,18,26.23,-4.887929629629631,-10.257922222222223,1.9504185185185188,-30.98116888888889
18,19,17.13,-1.06153470437018,-13.691002570694089,-7.0069794344473015,-15.63854910025707
19,20,-17.69,7.418667896678968,-6.823350553505535,6.018306273062731,-19.08760258302583
20,21,16.79,10.747650877192983,-10.144791228070176,9.436777192982456,-7.859633157894738
21,22,-18.99,-2.9048267716535436,-7.474889763779528,7.106937007874015,-18.620922834645665
22,23,13.42,2.622809090909091,-10.643527272727273,10.80649696969697,-12.109118484848485
23,24,-9.03,1.2376157894736841,-2.8220578947368424,10.112926315789473,-23.11940684210526
24,25,18.67,-4.239828054298642,-1.4618823529411766,14.7219592760181,-9.773154524886879
