,cluster_id,curvature,x,y,z,average_potential
0,1,16.99,-7.024258620689656,4.576022167487685,0.09848029556650248,-11.97974433497537
1,2,16.21,-4.1818765822784805,5.9295063291139245,6.37443670886076,-8.911187025316458
2,3,15.64,-8.462374613003096,-0.6392352941176471,3.395925696594427,-9.603534365325077
3,4,13.0,-13.94703953488372,5.099158139534883,6.123151162790697,-9.119643488372093
4,5,11.49,-12.231254587155965,-0.4098807339449541,8.893775229357798,-7.9167516055045875
5,6,15.3,-20.4450675,-1.172025,12.6753,-6.68043075
6,7,14.52,-17.022078098471987,5.313166383701188,13.500455008488965,-10.491981833616299
7,8,13.35,14.151291371994342,12.36527864214993,-25.581492220650635,-4.870949363507779
8,9,17.84,6.689303418803419,11.738752136752137,-25.708004273504276,-10.80562564102564
9,10,-17.03,3.432627760252366,6.438567823343849,-21.924567823343846,-11.922064353312303
10,11,16.08,8.843006006006005,10.494660660660662,-18.708453453453455,-7.599142942942943
11,12,13.23,5.317725352112676,6.498147887323944,-15.011889671361503,-8.627660093896713
12,13,15.12,4.568877104377105,7.812545454545455,-7.744070707070706,-11.039178114478116
13,14,22.62,-2.6189645390070924,8.325416075650118,-2.959130023640662,-9.633804255319149
14,15,20.3,2.238379385964912,-0.051214912280701796,-8.285333333333334,-10.152744078947368
15,16,19.01,-0.2996327543424318,0.43475682382133995,-2.9822729528535974,-10.057423325062034
