,cluster_id,curvature,x,y,z,average_potential
0,1,-9.1,8.893440154440153,3.8266177606177605,-12.986752895752895,-12.778957915057916
1,2,11.11,14.551433414043585,-0.2987929782082324,-14.105112590799031,-13.26434745762712
2,3,15.76,13.434296208530807,2.1357061611374406,-20.083954976303318,-12.43028578199052
3,4,17.72,21.03472695652174,3.305984347826087,-20.887560000000004,-11.524929913043477
4,5,15.22,19.61318042813456,-3.675853211009174,-24.264828746177372,-9.611357951070335
5,6,10.62,17.304988422575978,0.7296454413892908,-29.55658321273517,-7.636475832127352
6,7,-10.1,4.568429648241206,0.2867361809045225,3.702776381909548,-22.41432361809045
7,8,13.96,2.3071223175965665,6.544,5.713412017167382,-17.729798068669528
8,9,7.75,-0.996920754716981,5.5466981132075475,-1.8238075471698112,-20.61212490566038
9,10,13.82,-3.053746594005449,-0.5028283378746594,-3.5747438692098092,-28.535902452316076
10,11,18.57,-3.5523333333333333,-8.481966666666667,1.6686190476190474,-16.729512380952382
11,12,13.09,-9.453760998810939,-3.600348394768133,3.842577883472057,-18.778908799048754
12,13,18.0,-4.840909677419355,6.153651612903226,11.684435483870969,-13.25397129032258
13,14,16.32,-4.935384020618557,8.053139175257733,4.173685567010309,-17.480459536082474
14,15,9.9,-0.23969135802469138,-3.801320987654321,9.500061728395064,-20.93562304526749
15,16,15.94,-8.419777607361963,-0.508760736196319,11.483407975460121,-15.459102607361963
16,17,16.39,-2.912617346938776,-9.01830612244898,-7.948714285714285,-12.46633418367347
17,18,18.85,1.3279725,-12.2216075,-4.19269,-13.7866505
18,19,17.21,4.4625257452574525,-6.997463414634147,-3.1721246612466127,-19.53387994579946
19,20,15.51,9.582325648414985,-4.225155619596541,-1.7741296829971183,-15.493302881844382
20,21,11.69,4.922788321167883,-1.266,-9.926153284671534,-15.280300729927006
21,22,19.27,8.486934699103713,3.9756850192061464,-4.781961587708067,-18.196103329065302
