,cluster_id,curvature,x,y,z,average_potential
0,1,14.49,11.205637236084454,18.788090211132438,-5.91042226487524,-13.286452783109405
1,2,14.05,5.641154228855722,13.22766169154229,-10.384256218905474,-11.859025870646766
2,3,14.33,12.021454248366013,12.393978758169935,-6.313550653594771,-15.371866993464051
3,4,15.24,3.2950089485458607,2.007944071588367,-4.20644966442953,-13.283344742729307
4,5,14.35,8.119,1.7128224043715847,-5.718277322404372,-12.987883196721311
5,6,-15.23,12.072682215743441,9.934492711370263,-16.73778717201166,-10.720847521865888
6,7,13.98,16.49361403508772,6.5168684210526315,-9.55280701754386,-10.211033771929824
7,8,15.24,13.78193298969072,-3.08890206185567,-10.76046649484536,-9.448727577319588
8,9,18.4,12.845532608695652,1.9183677536231885,-16.574342391304345,-11.998952898550726
9,10,-3.48,7.0829625,0.23475500000000005,-12.894265,-14.1468255
10,11,11.95,-14.344346575342465,-7.700767123287671,19.28877671232877,-7.983129589041097
11,12,20.43,-16.821419913419916,-6.926047619047619,25.5504025974026,-4.42960606060606
12,13,-15.72,-13.14197037037037,-13.781533333333334,21.801737037037032,-5.375361851851852
13,14,13.68,-3.8187469635627527,0.925730769230769,0.2891113360323886,-13.41163744939271
14,15,13.85,-3.9625930047694755,-4.405222575516693,2.779564387917329,-11.174071065182831
15,16,13.03,-12.35121153846154,-5.348284615384616,14.145776923076923,-10.817961538461539
16,17,13.05,-8.843333948339485,-9.981075645756459,11.858861623616237,-10.326777675276753
17,18,-9.78,-4.143180790960452,-5.815542372881357,10.497322033898303,-8.449451694915254
18,19,-11.5,-10.427534113060428,-5.808801169590644,5.867243664717348,-8.576730409356724
