,cluster_id,curvature,x,y,z,average_potential
0,1,12.77,5.891887234042553,9.7560085106383,-18.945234042553192,-11.901551276595743
1,2,16.05,11.482458509142052,8.275897327707455,-16.032801687763712,-10.641396624472574
2,3,-20.81,-1.843714285714286,3.2582755102040815,-15.359280612244897,-10.195614795918367
3,4,17.15,5.512024809160306,-0.918442748091603,-15.86902671755725,-13.688485496183207
4,5,10.87,4.423287694974004,3.0376499133448878,-11.053029462738301,-14.498584402079722
5,6,17.69,1.7073201320132012,14.479907590759076,-3.087379537953795,-18.274029702970296
6,7,13.1,0.16391880920162386,18.2982949932341,-7.6520094722598095,-15.620483897158321
7,8,15.32,11.270631999999997,17.30696,-18.545901333333333,-7.427482666666665
8,9,15.61,2.3559975186104216,23.42324317617866,-12.780203473945411,-11.4746317617866
9,10,14.67,9.19465882352941,23.607176470588232,-13.345785882352942,-9.98519317647059
10,11,11.29,-21.218073394495413,-4.420464831804281,20.57740214067278,-4.813527370030581
11,12,12.93,-18.771657018813315,0.9651302460202607,12.601942112879883,-10.35134037626628
12,13,18.88,-15.978138888888887,-5.3756562500000005,14.940329861111113,-7.336589583333334
13,14,-12.7,-12.743780172413793,-3.5217413793103454,9.885353448275863,-10.294203879310343
14,15,12.22,-6.75557638888889,2.1634600694444446,3.2271180555555556,-13.97975121527778
15,16,14.0,-12.738089979550102,4.065476482617587,7.105989775051125,-12.183614723926379
16,17,14.3,-6.099257104194858,9.47447902571042,2.577719891745602,-12.901214614343708
17,18,16.48,-7.359908163265306,14.583071428571424,-1.767979591836735,-12.173388095238094
18,19,-15.56,-2.6608353293413174,9.302682634730541,-4.624610778443113,-16.37153622754491
19,20,16.15,-2.1108869179600886,-2.941416851441242,-11.462188470066518,-11.009010421286032
20,21,13.59,-5.371136363636364,-4.8127943722943725,-7.502508658008658,-11.625896103896105
21,22,11.15,-8.441834254143648,-6.961900552486188,-3.203176795580111,-12.008440055248618
22,23,16.17,-14.800545652173913,-10.00527608695652,-5.229565217391305,-8.668987173913044
23,24,13.37,-12.978583333333333,-9.63332768361582,1.2295564971751411,-9.46677429378531
