,cluster_id,curvature,x,y,z,average_potential
0,1,13.75,-4.9209860031104204,-2.550701399688958,6.701247278382581,-9.99939968895801
1,2,9.9,0.7570886319845856,-4.463387283236995,10.142549132947977,-10.234923121387284
2,3,14.44,-5.343882483370289,-7.248059866962306,19.29669844789357,-6.265552771618625
3,4,10.42,-4.852665961945031,-6.221758985200846,13.50052642706131,-8.75557758985201
4,5,14.0,-11.334274774774775,-4.306592342342342,21.211986486486484,-5.587716441441442
5,6,15.29,-13.662633561643835,-8.87425,14.973359589041094,-5.009893835616438
6,7,13.32,22.872936440677968,7.68357627118644,-20.826044491525423,-9.710899999999999
7,8,11.89,20.00557142857143,5.468575510204081,-25.348334693877554,-9.80108
8,9,17.77,13.164643564356437,1.3838085808580858,-22.38906270627063,-11.916966666666667
9,10,19.89,20.869476315789477,0.5518394736842106,-17.244447368421053,-14.275105526315789
10,11,10.05,14.839721153846154,4.961953125,-14.782188701923076,-13.8114890625
11,12,14.06,12.912815242494226,1.415920323325635,-7.546884526558891,-13.152439607390301
12,13,20.14,6.848206540447504,1.7676987951807228,-2.75636660929432,-10.842647160068847
13,14,22.72,6.631490196078432,-5.871575163398692,-1.9834477124183005,-9.612621895424837
14,15,17.32,4.434488095238095,-1.591688775510204,3.768649659863945,-9.838686734693876
