,cluster_id,curvature,x,y,z,average_potential
0,1,17.21,-8.163363309352517,9.505143884892085,-30.18448201438849,-4.382666546762589
1,2,23.21,-1.8080864864864863,-3.214908108108108,-30.11384324324324,-4.6748270270270265
2,3,10.44,-1.8467524752475246,3.8410928217821785,-26.29954702970297,-13.474203589108912
3,4,17.05,0.1017072072072072,3.792261261261261,-1.1638693693693694,-14.40710945945946
4,5,17.57,4.176134854771784,8.321726141078837,-0.8117448132780084,-9.204490248962655
5,6,15.87,2.0445822784810126,-1.0583189873417722,-3.6168708860759486,-10.652195696202531
6,7,13.41,7.166992248062015,2.2214108527131784,-6.066812015503877,-9.990213759689924
7,8,-12.53,3.9603478260869567,3.7288623188405805,-17.958452898550725,-14.367992391304346
8,9,15.25,7.74470243902439,2.631913821138211,-24.369585365853656,-10.614662764227642
9,10,15.69,10.874617788461537,8.365586538461539,-17.387442307692307,-12.317487740384614
10,11,16.56,13.312412532637074,2.631767624020888,-10.400830287206267,-11.28223864229765
11,12,14.11,8.336370370370371,9.815853535353535,-8.50462457912458,-11.271533670033671
12,13,15.74,-2.9052284263959387,6.257511421319797,3.8195761421319796,-9.784827538071067
13,14,14.28,-9.506265060240963,7.978972891566266,9.353786144578313,-11.160649397590362
14,15,-15.75,-11.876594306049823,0.8954021352313167,9.406192170818505,-12.535227046263344
15,16,-11.52,-9.38525837320574,2.6304641148325363,5.162861244019139,-10.966034688995215
16,17,14.61,-21.871122916666664,-7.773760416666667,24.951608333333333,-9.508478333333333
17,18,-16.99,-22.725339222614842,-9.448812720848057,17.589286219081274,-6.541563957597174
18,19,15.19,-22.650558404558403,-14.294418803418804,24.335133903133908,-4.845223076923077
19,20,14.27,-16.855999999999998,-4.312245098039216,19.918539215686273,-11.132550490196076
20,21,14.41,-21.470782894736843,-1.5577609649122806,18.080548245614033,-10.782980043859649
21,22,12.8,-20.80601324503311,4.38124238410596,11.065548344370862,-10.196797350993378
22,23,-10.74,-13.208462837837837,-2.040236486486487,15.581986486486487,-10.479278716216216
23,24,15.99,-15.226622589531681,7.018694214876033,13.902118457300274,-14.548994490358126
