,cluster_id,curvature,x,y,z,average_potential
0,1,-13.69,14.375438746438748,-55.29202849002849,-5.526823361823362,-6.518097578347578
1,2,-13.47,20.82381932773109,-44.071775210084034,-14.095399159663865,-6.659688655462184
2,3,16.75,13.463628571428574,-47.728265306122445,-10.44588163265306,-11.599795918367347
3,4,12.54,12.653174904942965,-42.09561977186312,-17.0222927756654,-9.268025285171102
4,5,-11.42,-19.080288461538462,-3.6726826923076925,2.6305096153846153,-10.712529567307692
5,6,15.4,-23.15671140939597,0.837268456375839,8.860758389261745,-7.850339597315435
6,7,20.43,-18.183493074792242,4.402736842105263,3.9378033240997232,-14.236401385041551
7,8,11.44,-26.41477794793262,2.3053338437978557,1.5925758039816234,-11.323410413476264
8,9,-11.3,-28.399377659574473,-5.4006569148936165,4.376807180851063,-10.725855186170213
9,10,11.71,0.5353952879581153,-0.7032748691099475,-5.052609947643979,-17.268001701570682
10,11,-11.33,-4.698539007092198,-5.324390070921986,-3.102851063829787,-10.582295035460994
11,12,-8.34,-0.6171518151815183,0.6971716171617162,0.5870462046204621,-20.961358745874588
12,13,14.7,-7.786645833333334,0.28630952380952385,-1.3691309523809525,-16.18141220238095
13,14,16.39,-10.829811235955056,1.3756269662921348,5.098512359550561,-16.35928584269663
14,15,14.69,-13.850439999999999,2.858748235294118,-1.7408423529411765,-19.232834352941175
15,16,-14.29,15.46103137254902,-32.609313725490196,-20.04297450980392,-8.195003333333332
16,17,19.94,15.56114539007092,-24.089347517730495,-21.14568794326241,-14.951529078014183
17,18,13.22,18.396953651685394,-19.543412921348313,-19.114936797752808,-15.41968258426966
18,19,17.79,10.94963346613546,0.8987250996015937,-12.873213147410357,-15.086863147410359
19,20,12.79,13.522791086350972,-5.009866295264624,-15.526172701949863,-14.70352729805014
20,21,16.44,13.250438095238096,-1.2583857142857144,-6.4648095238095244,-16.68517523809524
21,22,14.75,6.75279089376054,-1.9950910623946037,-5.572401349072513,-17.917768802698145
22,23,19.1,21.273230547550433,-4.60992795389049,-8.884997118155619,-17.159034870317004
23,24,15.35,21.567482484076436,-1.309966560509554,-14.383117834394904,-13.772484872611466
24,25,17.28,23.612125000000002,-8.837114583333335,-17.149264583333334,-13.196090625
25,26,-16.35,17.750116279069765,-11.828891472868218,-13.499759689922481,-12.11977480620155
26,27,-15.62,20.11935873015873,-14.335419047619048,-19.603333333333335,-14.165893333333335
