,cluster_id,curvature,x,y,z,average_potential
0,1,9.74,7.806096649484536,5.26764175257732,-18.425337628865982,-10.439019458762886
1,2,12.91,3.451125418060201,7.518759197324415,-12.971434782608696,-10.348995317725752
2,3,16.12,16.50466666666667,10.148944881889763,-29.08439107611548,-7.6838624671916005
3,4,11.53,12.599748287671234,10.042210616438355,-33.141960616438354,-6.446096232876712
4,5,13.92,14.950288381742737,5.270636929460581,-23.312354771784232,-8.942001452282158
5,6,12.88,9.147227347611203,11.864362438220759,-22.19692586490939,-10.33277495881384
6,7,17.52,-30.035815789473684,-5.547175438596491,34.38444298245614,-9.457343640350878
7,8,-9.73,-24.282215789473685,-4.811455263157895,30.110626315789474,-10.017039078947368
8,9,15.98,-13.23783953488372,-4.738632558139534,20.45028139534884,-12.234456976744188
9,10,14.71,-18.264331179321484,-6.933095315024231,24.847452342487884,-11.75236365105008
10,11,-14.95,-20.16382727272727,-4.623645454545454,14.688652272727273,-12.525821818181818
11,12,-13.63,-18.994874439461885,1.96790134529148,20.021780269058297,-13.356804484304933
12,13,13.58,-22.964710843373492,-0.1950168674698797,24.566718072289163,-11.085256867469878
13,14,11.92,-9.559904899135448,7.727367435158501,8.164752161383285,-12.478560806916425
14,15,-17.51,-11.462484641638225,2.6784163822525597,16.57411262798635,-17.222797952218432
15,16,10.51,-9.412791970802918,-1.19007299270073,9.981689781021897,-11.279066788321169
16,17,17.34,-16.6300073800738,1.9821143911439114,6.695804428044281,-10.292656457564576
17,18,13.1,-15.883478494623658,0.6217715053763441,12.710470430107527,-13.499199193548385
18,19,17.8,-1.4358595317725753,9.804464882943144,-9.148010033444816,-10.422738461538462
19,20,16.15,1.504519823788546,4.101995594713657,-4.4023788546255505,-11.663407929515419
20,21,13.99,1.1547837837837838,1.5550675675675676,-9.855072972972973,-10.032375135135135
21,22,13.32,-6.169459802538788,5.258908321579689,-4.056829337094499,-12.852073483779971
22,23,25.86,-0.9024431818181818,3.7238484848484847,2.812503787878788,-9.273225757575759
23,24,21.91,-6.764494000000001,1.6453700000000002,3.708648,-14.919521200000002
