,cluster_id,curvature,x,y,z,average_potential
0,1,-11.25,9.269338607594936,1.5220664556962025,-11.26514135021097,-14.594540084388186
1,2,15.12,7.968533206831118,7.854690702087286,-5.636163187855787,-11.522134724857684
2,3,22.78,15.904764705882355,1.7490352941176472,-5.364549019607844,-6.565488235294118
3,4,13.03,10.35875,-1.7670784313725492,-2.7107230392156865,-15.1221
4,5,20.14,8.217069387755103,-11.06958775510204,-17.28390204081633,-6.65239142857143
5,6,15.6,7.230698979591836,-4.576904761904762,-17.054690476190476,-10.010591156462585
6,7,14.36,2.131274678111588,2.2477660944206006,-17.030506437768242,-10.613130472103006
7,8,13.4,-3.4581853832442064,3.9165294117647056,-13.421030303030303,-12.789254545454547
8,9,22.86,-12.941572549019606,4.5340235294117655,2.9096470588235293,-6.644958823529412
9,10,16.47,-9.514942211055276,5.954698492462312,-3.9298492462311554,-11.892100753768844
10,11,15.68,-3.7504528301886797,6.6150966981132076,-8.275903301886792,-15.405263679245284
11,12,21.35,1.0299105691056911,3.2993008130081303,1.315609756097561,-21.2427298102981
12,13,24.83,-3.620951890034364,11.258646048109966,0.8878556701030927,-11.116780068728524
13,14,17.63,1.6965244755244757,7.489342657342657,-3.1567575757575757,-17.191523076923076
14,15,15.91,-8.89657433808554,-2.238877800407332,11.173478615071282,-9.546895519348269
15,16,15.5,-5.982028871391075,4.196923884514437,3.6223123359580054,-16.48154776902887
16,17,13.59,-7.278537313432835,0.32763432835820894,7.201077114427861,-16.421350995024877
17,18,14.52,-2.1194845360824743,-6.153044673539519,10.443419243986254,-20.70365704467354
18,19,14.69,-0.672179604261796,-7.199837138508371,17.114718417047182,-7.765732420091323
19,20,22.32,3.684549488054608,-1.3839215017064845,5.729672354948805,-22.05654880546075
20,21,15.3,7.759103873239437,-6.235794014084508,3.475693661971831,-12.7838875
21,22,17.35,-1.849207048458149,-4.685766519823788,1.7436343612334801,-19.875142511013216
22,23,14.79,4.083458100558659,-9.2805656424581,8.020216480446928,-14.102688547486032
