,cluster_id,curvature,x,y,z,average_potential
0,1,15.0,-22.182049783549783,9.77313852813853,4.027272727272727,-10.577437987012987
1,2,20.64,-15.641257246376812,15.609637681159422,11.959826086956523,-9.403875362318843
2,3,12.51,-12.18790374331551,13.75540374331551,4.363831550802138,-14.639213636363635
3,4,-9.34,-15.45206852248394,7.672541755888651,4.42773233404711,-13.711261884368307
4,5,13.25,-9.91323877068558,11.131981087470448,12.728709219858155,-11.887481796690308
5,6,9.93,-7.2549651416122,10.782366013071895,16.783394335511982,-7.047714814814815
6,7,18.98,-4.539508130081301,12.802459349593494,5.572695121951218,-11.83954593495935
7,8,14.02,-9.208091445427728,7.234386430678466,8.435834808259585,-13.28457581120944
8,9,15.72,8.152308673469388,1.8672831632653062,-5.793418367346939,-17.57752448979592
9,10,16.15,5.640147999999999,3.411444,-10.686403999999998,-22.491298399999998
10,11,17.09,12.462978043912177,2.935520958083832,-13.726373253493014,-9.212471057884231
11,12,16.03,-0.8104330357142857,12.03425,-7.835991071428572,-18.244505357142856
12,13,16.43,0.8899045936395759,8.102106007067137,-13.317780918727914,-19.27794487632509
13,14,16.92,3.437709433962264,1.8432641509433962,-17.873083018867923,-10.956315283018865
14,15,14.24,-3.8785229508196726,1.6967163934426226,-11.831004918032786,-17.671719836065574
15,16,14.49,9.377136363636364,7.767974308300395,1.1037233201581027,-13.195342687747033
16,17,18.14,6.184924657534247,13.654746575342463,-0.2733732876712328,-14.05645410958904
17,18,17.37,4.3085134408602155,10.65610752688172,-5.177758064516129,-20.928812096774195
18,19,23.42,1.6825192982456143,6.706301754385966,6.835866666666667,-11.635642456140351
19,20,20.71,3.372730627306273,2.046966789667897,0.711690036900369,-20.38217490774908
20,21,13.49,-5.270769801980198,-1.4202970297029702,-3.9425074257425745,-17.622310643564358
21,22,13.19,0.530065934065934,-3.8170892857142857,-5.707664835164835,-15.879631593406595
22,23,18.26,-7.454654676258992,7.406933453237409,-6.862607913669065,-19.752632014388485
23,24,19.24,-11.054861764705883,2.540723529411765,-0.7041970588235293,-13.248351470588236
24,25,14.11,-4.670528072837633,6.333201820940819,1.2785493171471929,-22.91936373292868
