,cluster_id,curvature,x,y,z,average_potential
0,1,17.2,-8.251043636363637,4.034476363636363,4.547810909090909,-9.324818545454546
1,2,17.49,-1.3113396825396826,1.7319603174603175,0.7561444444444444,-7.628194761904761
2,3,18.32,-8.274552287581699,11.618725490196079,13.431571895424836,-9.169274183006536
3,4,15.66,-13.22925,9.298338888888889,9.767129629629629,-10.593490555555555
4,5,16.25,-11.207202614379085,6.011651416122004,18.323420479302833,-15.013867102396514
5,6,13.28,-9.047513866231649,0.7801109298531811,16.945887438825444,-12.475948123980423
6,7,22.98,-16.18489677419355,-1.2634,18.69625806451613,-12.917205161290319
7,8,-15.54,-13.243030368763556,-4.925360086767896,12.691503253796096,-9.351423861171368
8,9,14.62,-25.864497816593886,-10.55762154294032,22.945609898107715,-6.109913828238719
9,10,12.58,-20.77251136363636,-8.066987373737375,16.798030303030302,-10.249720328282828
10,11,15.82,-27.93874186550976,6.953856832971801,16.612796095444686,-8.688090889370933
11,12,15.82,-18.74590651558074,8.863810198300284,12.535433427762039,-9.955709915014165
12,13,-15.01,-24.188245098039214,10.772813725490199,12.169333333333332,-8.899313970588235
13,14,-12.05,-25.549413253012048,6.922068674698794,25.27647951807229,-8.797825060240964
14,15,-13.02,-16.0815412371134,6.660314432989692,24.06696563573883,-9.939668728522337
15,16,-12.23,17.864201166180756,4.332144314868805,-18.677430029154518,-7.415997813411079
16,17,13.36,18.296165125495378,-3.1433342140026417,-15.636266842800529,-8.602316512549537
17,18,15.12,3.989974842767295,-4.262974842767297,-2.308595911949685,-7.696264465408805
18,19,11.27,17.037808580858083,-8.270921892189218,-8.429205720572057,-9.11948107810781
19,20,13.52,11.440744514106582,-8.073793103448276,-2.299409090909091,-8.799421786833856
20,21,-12.15,28.439673813169986,25.86005666156202,-29.06287442572741,-6.220163705972435
21,22,17.45,30.531894915254234,32.8390813559322,-30.064013559322028,-7.852941016949153
22,23,16.96,36.10496486486487,37.21637567567568,-29.828332432432433,-4.549505405405405
23,24,18.29,21.165546666666668,24.231483333333333,-34.946243333333335,-5.094298333333334
24,25,17.47,15.147986143187065,21.905577367205545,-33.93773672055428,-7.906922170900694
25,26,-14.16,11.186163366336636,14.340207920792079,-33.20665841584158,-5.842271534653466
26,27,12.19,14.214680929095355,10.817810513447434,-23.88751344743276,-7.841799266503668
