,cluster_id,curvature,x,y,z,average_potential
0,1,13.63,3.1837175792507204,-3.4349236311239193,-11.881698847262246,-8.535509654178673
1,2,14.45,6.402433497536945,-5.398418719211822,-16.992167487684732,-8.24986896551724
2,3,14.7,12.518956043956043,-4.759629120879121,-18.028348901098898,-7.958325549450549
3,4,-15.25,10.31398657718121,3.219237136465324,-9.180885906040269,-11.200795302013423
4,5,21.11,17.520702222222223,4.639342222222223,-10.115502222222224,-7.865012888888889
5,6,16.93,13.535730769230769,1.9198125000000001,-14.641372596153845,-7.956472836538461
6,7,14.27,17.000531339031337,9.854860398860398,-4.277827635327635,-11.852440170940172
7,8,14.7,10.042910583941605,6.991649635036496,-0.9577682481751825,-12.706054379562042
8,9,11.85,-19.212272616136918,-0.6289193154034228,18.465889975550123,-10.541887652811736
9,10,16.3,-19.56719382504288,3.204591766723843,28.364404802744424,-8.80510154373928
10,11,11.92,-12.15766564417178,7.596587423312884,28.873228527607363,-8.494754754601226
11,12,-13.8,-8.037001788908766,9.597898032200359,25.067626118067977,-10.38060518783542
12,13,14.71,-3.2646832844574782,8.830384164222874,21.03260410557185,-7.9221747800586515
13,14,13.06,-11.119420895522387,3.3265776119402983,16.906214925373135,-14.1910323880597
14,15,-12.57,-24.83742993197279,-10.848436734693879,3.9718,-6.830249387755102
15,16,18.5,-18.561564784053157,-6.194611295681062,-0.9616644518272426,-6.950840531561462
16,17,13.08,-12.35855172413793,-9.326715197956577,-6.007234993614302,-7.363125798212006
17,18,13.2,3.6114685534591198,4.066977987421383,1.4241509433962265,-11.36706855345912
18,19,16.5,3.7946716417910444,2.480498507462687,-5.183232835820895,-11.846336417910448
19,20,14.97,-1.8452462526766595,1.8795203426124194,-2.4813361884368312,-13.080885438972164
20,21,23.25,-7.124912423625255,0.26087983706720974,2.3166252545824846,-11.305716700610997
21,22,17.84,-4.111942660550459,-5.770371559633027,-9.146502293577981,-9.493652752293576
22,23,15.07,-17.36053146853147,0.05034265734265731,11.280317016317017,-12.148454545454545
23,24,-12.55,-12.287201877934272,1.009169014084507,7.16838028169014,-11.302764319248826
24,25,12.98,1.1731673306772907,6.33302390438247,6.382203187250996,-13.221174501992031
25,26,18.72,-4.627486394557823,3.1607993197278916,10.520244897959184,-13.248648979591836
26,27,16.08,-2.0047961904761906,9.309358095238096,13.007733333333334,-11.839154095238095
