,cluster_id,curvature,x,y,z,average_potential
0,1,13.16,-30.522711171662124,1.0413705722070845,18.34799727520436,-8.644561171662126
1,2,-18.35,-22.373033457249072,-2.213933085501859,19.37763568773234,-10.725811895910779
2,3,14.21,-25.325485714285715,5.604702040816327,18.527755102040814,-8.976686530612245
3,4,13.78,-14.054937634408603,-5.688077419354839,7.094681720430108,-12.120298279569893
4,5,16.59,-12.534056234718827,0.9477188264058679,11.362943765281173,-17.85346748166259
5,6,-5.72,-18.406732,2.1795639999999996,7.2713719999999995,-14.631398
6,7,-13.36,-17.636318532818535,2.112415057915058,15.576685328185327,-12.46837972972973
7,8,11.14,-24.35784106891702,-0.9410928270042195,11.247661040787623,-12.66632841068917
8,9,21.22,28.687340163934422,-4.264926229508198,-13.065831967213116,-4.044370901639345
9,10,15.67,23.655470319634706,-6.8151894977168945,-17.70798401826484,-5.184990639269405
10,11,12.61,20.065245360824743,2.6399999999999997,-13.998509278350516,-9.943558969072164
11,12,17.38,24.411114345114342,1.2748357588357586,-20.13999168399168,-5.998919542619543
12,13,-20.26,16.879143790849675,-5.144424836601307,-17.757611111111114,-7.509095751633987
13,14,12.31,11.835161428571428,-3.130614285714286,-9.622284285714287,-12.330163714285716
14,15,12.93,19.10594918699187,-1.9528983739837396,-8.645107723577237,-8.000743292682925
15,16,14.72,-4.932137432188065,-4.7776202531645575,-0.023739602169982044,-10.38555226039783
16,17,16.45,-8.583150980392155,-1.2116666666666667,5.495774509803921,-14.931640196078432
17,18,16.82,-3.198167647058823,2.4876029411764704,4.021197058823529,-13.152148529411765
18,19,21.52,4.205876984126983,2.4450515873015872,-7.403634920634921,-9.526425396825397
19,20,16.06,-2.8145055350553507,-0.9991660516605166,-5.863339483394834,-9.03431697416974
20,21,-11.6,3.0216214953271026,-2.771198598130841,2.27975,-11.65962757009346
21,22,14.85,9.720128637059725,1.444375191424196,-2.2373185298621747,-12.698893108728942
22,23,13.29,5.918059866962306,-4.995798226164079,-4.447374722838138,-9.696468070953435
