,cluster_id,curvature,x,y,z,average_potential
0,1,14.14,-4.806242352941176,0.6595835294117648,9.108837647058824,-11.152870352941177
1,2,19.08,-4.866630114566284,-3.407888707037644,2.4687479541734856,-10.282587070376433
2,3,22.35,-17.5556,-7.426523943661972,19.108338028169015,-11.514965352112675
3,4,-10.51,-12.40899191374663,-10.324371967654987,19.38345552560647,-6.145998921832885
4,5,-15.18,-11.317945833333333,2.662045833333333,14.184099999999999,-8.751884583333332
5,6,-13.28,-11.951108033240999,-1.5112770083102494,19.778991689750693,-7.546978670360111
6,7,19.25,-17.673844155844158,-1.8349194805194804,13.181805194805195,-11.930255064935064
7,8,11.92,-12.648266304347827,-3.115203804347826,7.649222826086956,-9.215358695652174
8,9,14.98,-7.590308483290489,-4.7517789203084835,14.256907455012854,-9.784304370179948
9,10,14.43,17.604058908045978,1.209426724137931,-10.668591954022988,-8.59323620689655
10,11,16.89,25.737624203821653,-5.147254777070064,-12.884292993630574,-7.8449257961783445
11,12,-14.79,24.937244988864144,-0.29263697104677056,-8.285942093541202,-6.925215367483296
12,13,13.05,9.738014124293786,0.23901694915254235,-10.273169491525422,-8.799171468926554
13,14,14.29,8.3154864,6.7753568,-8.373832,-8.845758559999998
14,15,17.21,1.6486749999999997,3.412005555555556,4.464902777777778,-10.499479444444443
15,16,19.72,0.614633867276888,1.9340320366132724,-0.3728192219679633,-10.68932814645309
16,17,18.94,1.9238217054263569,0.24970542635658918,-5.607453488372093,-9.924518604651164
17,18,18.1,7.787186440677965,3.7589491525423733,-2.186968926553672,-9.43777033898305
