,cluster_id,curvature,x,y,z,average_potential
0,1,18.29,15.02675953079179,-8.0463284457478,-17.40800293255132,-6.863240762463343
1,2,19.69,3.6809526462395543,-3.7126267409470755,-10.789710306406684,-14.925594428969358
2,3,16.15,11.1592009569378,-4.600929824561404,-10.256746411483253,-13.833430462519933
3,4,16.09,-3.829664268585132,-3.447390887290168,14.198944844124702,-22.30187505995204
4,5,18.69,-6.355613559322034,4.886755932203389,11.29046440677966,-19.27653491525424
5,6,15.52,-3.0884458598726123,2.4895031847133757,18.13967515923567,-14.319852016985138
6,7,16.11,7.8252427616926505,-6.696897550111359,8.078447661469934,-24.10000734966593
7,8,15.24,0.7146388206388208,-9.232891891891892,8.642781326781327,-20.924207862407865
8,9,19.12,4.0317167919799495,-5.600869674185464,17.790418546365917,-12.13908521303258
9,10,-3.44,5.839441095890411,0.698945205479452,13.255583561643835,-19.239013150684933
10,11,17.67,-1.9373496659242764,-9.893750556792872,2.316935412026726,-27.313489309576838
11,12,32.1,4.045080459770113,-8.969758620689653,-5.503758620689655,-13.823836781609199
12,13,-17.7,7.044390769230768,-4.512224615384615,0.23039384615384614,-34.793093846153845
13,14,-5.31,-6.766696832579186,0.9847194570135747,2.3808054298642536,-32.10780678733032
14,15,25.61,-7.035248175182481,-4.690080291970802,7.383452554744525,-31.985242335766426
15,16,18.41,-9.004412935323383,-6.8239378109452735,0.16615174129353227,-21.113988805970145
16,17,16.97,-3.7166262833675567,-5.5756714579055435,-5.309579055441478,-19.052977412731003
17,18,14.38,-5.879421845574388,3.157472693032015,-6.823719397363466,-18.776368738229756
18,19,13.23,11.257926829268293,3.367649667405765,-7.844053215077604,-16.103274057649667
19,20,-23.63,1.892909090909091,7.996484848484849,-5.54160606060606,-20.795911515151516
20,21,21.59,4.616824427480916,5.507541984732825,-10.386301526717558,-15.43242175572519
21,22,18.63,-4.330349056603773,10.585741509433962,-1.6268943396226414,-19.989208113207546
22,23,15.02,-3.2079973958333334,9.7360703125,5.583044270833334,-17.45014427083333
23,24,-4.24,4.481540462427747,6.864540462427745,7.952872832369942,-26.18630346820809
24,25,-13.62,7.715866894197951,10.004668941979523,0.8203071672354948,-17.37733805460751
25,26,12.5,11.891209606986902,2.301491266375546,3.765100436681223,-19.57124956331878
