,cluster_id,curvature,x,y,z,average_potential
0,1,14.19,5.632731301939058,-3.6160498614958456,-4.064462603878116,-16.879120914127427
1,2,15.41,6.626714494875549,5.12483748169839,-10.375682284040996,-13.092957979502195
2,3,13.35,-0.8740806916426512,8.492109510086456,-7.7610951008645515,-15.3328939481268
3,4,12.97,2.1253291925465843,2.4748281573498967,-6.938734989648033,-15.952792339544514
4,5,30.97,-6.849978260869566,7.6505923913043485,0.8286086956521739,-21.73590760869565
5,6,23.97,-11.104169884169883,2.0677142857142856,-6.8064285714285715,-8.355492277992278
6,7,14.62,-7.525896,7.865744,-6.707716,-12.9783638
7,8,14.7,-0.22853225806451605,0.35360573476702506,1.8163978494623656,-14.770975268817205
8,9,18.28,-5.933512635379062,3.4414801444043324,5.7650108303249095,-13.426357400722022
9,10,13.38,-24.927043731778426,0.7025860058309038,26.861988338192422,-7.112695918367347
10,11,17.83,-18.419561643835614,7.711994520547944,18.190276712328767,-9.769125205479453
11,12,-11.4,-21.662421052631576,2.4268352402746,17.945567505720824,-11.327600915331807
12,13,16.39,-15.751152424942262,5.494824480369515,12.113612009237874,-11.89182517321016
13,14,12.57,-10.902550755939526,5.86475161987041,9.593442764578832,-13.64835313174946
14,15,16.41,-24.535164588528684,-1.3372693266832918,1.7822344139650874,-6.529902743142145
15,16,12.45,-15.406550098231826,1.305064833005894,1.6666699410609038,-10.545936345776031
16,17,13.53,-18.769832361516034,4.954690962099125,-2.9422667638483966,-9.383860204081634
