,cluster_id,curvature,x,y,z,average_potential
0,1,14.44,20.573575819672133,7.677409836065574,-15.652159836065572,-12.11742274590164
1,2,10.62,13.822208023774145,9.02901337295691,-17.32451708766716,-11.782861664190193
2,3,14.53,7.988355437665781,-1.7420689655172414,-6.450074270557029,-12.717850132625994
3,4,17.71,4.1360743589743585,4.639612820512821,-6.598646153846153,-18.18282435897436
4,5,15.62,8.819062500000001,2.8422109375,-13.64219140625,-17.737347265625
5,6,-19.71,16.56388617886179,3.32769918699187,-11.63948780487805,-13.2472756097561
6,7,15.62,13.471736024844718,9.712701863354036,-7.926742236024845,-14.741413975155277
7,8,11.87,9.886444201312909,5.821140043763677,-6.976643326039388,-17.038298905908096
8,9,16.74,-3.615071111111111,2.4927155555555554,-11.282371111111111,-15.92128488888889
9,10,16.64,-1.6717220843672458,-5.169205955334988,-8.243734491315136,-22.800282133995037
10,11,18.2,-8.964786069651742,4.255363184079602,-6.014373134328359,-21.64393830845771
11,12,14.99,-9.646016245487365,-4.022384476534295,-5.739731046931408,-21.005196750902527
12,13,16.61,1.4801383399209487,-3.732853754940711,-1.0703438735177866,-16.729428458498024
13,14,19.01,-0.6917140151515151,-2.0860359848484853,4.326998106060605,-19.682606628787877
14,15,17.26,0.3257058823529412,6.7202805429864245,-0.383158371040724,-18.548435746606337
15,16,12.58,-5.783055846422339,4.230356020942408,5.315277486910995,-25.062388656195463
16,17,12.46,-11.553887290167866,0.1383884892086331,15.97462350119904,-12.230178657074342
17,18,14.69,-15.083596412556053,-5.926262331838566,14.152878923766815,-14.629620179372198
18,19,11.93,-4.545076923076923,-1.4766581196581194,12.292290598290599,-10.770053846153846
19,20,12.99,-9.693592105263159,-5.328818421052632,7.026836842105264,-20.54513710526316
20,21,18.16,-20.06885666666667,-0.56094,10.706599999999998,-20.283558666666668
21,22,13.07,-24.44380718336484,3.343200378071834,9.066313799621929,-14.186796975425331
22,23,-3.84,-13.656311827956987,3.1808602150537633,9.495505376344086,-22.4606811827957
23,24,19.07,-18.3660650887574,5.357920118343195,4.341813609467455,-17.305068639053253
24,25,13.82,-13.714522580645163,5.177963440860215,-0.4726516129032258,-19.167787526881717
25,26,18.76,-14.70407238605898,-2.8231099195710456,0.29519839142091153,-18.778543699731905
