,cluster_id,curvature,x,y,z,average_potential
0,1,8.04,-14.629317857142857,2.207042857142857,16.33050357142857,-10.101869642857144
1,2,-15.78,-11.679096666666666,6.545583333333333,12.808806666666666,-15.413880333333333
2,3,16.75,-16.499560102301785,9.215283887468031,13.822982097186701,-10.960631969309464
3,4,-15.8,-22.31457202505219,6.684148225469729,18.086937369519834,-8.626837369519833
4,5,12.0,-20.781332781456957,-0.3183476821192053,17.167048013245033,-10.343130794701986
5,6,15.95,-29.567676737160117,-2.0829939577039274,20.513951661631417,-4.606183081570997
6,7,12.63,-22.430830409356723,-3.2094269005847957,25.87743664717349,-6.639908187134503
7,8,-11.17,-23.677263157894732,4.044980506822612,25.56029434697856,-6.251759454191033
8,9,18.53,14.714297356828192,6.698872246696034,-19.765504405286347,-13.485977973568282
9,10,10.18,11.762573333333334,6.252157777777778,-15.079684444444444,-16.179043333333333
10,11,10.15,0.4723036253776435,5.504575528700906,-9.815797583081572,-23.3809586102719
11,12,14.7,8.010963597430406,10.403725910064242,-9.230147751605994,-15.525995074946467
12,13,-9.68,5.262984716157206,5.670875545851529,-17.374930131004366,-13.248795633187772
13,14,-13.93,-12.645399038461541,4.975447115384616,8.022509615384614,-25.398024038461536
14,15,18.56,-11.530741666666666,1.2986250000000001,1.2404291666666667,-16.442972083333334
15,16,12.98,-10.028575471698113,9.850625786163521,3.9754748427672957,-16.74926037735849
16,17,17.28,-3.369592827004219,6.238468354430379,8.3147805907173,-20.68944746835443
17,18,14.31,-1.992039267015707,8.823464659685865,-0.8883992146596859,-57.840411256544506
18,19,22.68,-12.060925558312654,9.774359801488833,-3.6969156327543424,-11.685910173697271
19,20,17.41,-8.310519402985074,3.1822268656716415,-6.057041791044776,-22.84663552238806
20,21,19.19,-5.789734567901235,-4.046388888888888,-3.4216440329218107,-19.57121008230453
21,22,13.84,-2.8051590013140606,-9.23215900131406,-7.740153745072274,-8.44155137976347
22,23,13.73,4.758419047619047,3.26323619047619,0.8801409523809524,-18.430136571428573
23,24,17.03,-4.628492248062015,-1.4278255813953487,7.237434108527131,-13.418089534883721
24,25,14.27,-0.6498590163934426,-3.6190131147540985,1.4773540983606557,-20.454258360655736
