,cluster_id,curvature,x,y,z,average_potential
0,1,16.78,-16.382834645669288,-2.7917511811023625,20.252321259842518,-7.272042677165354
1,2,-11.93,6.773432300163133,-6.081848287112561,9.789946166394778,-11.965585970636216
2,3,11.98,-6.089257907542579,-4.800363746958638,17.767254257907545,-13.852879197080291
3,4,-22.4,0.803364705882353,-3.242711764705882,12.389788235294118,-15.307029411764708
4,5,16.82,1.6194918566775245,-8.23840716612378,18.827902280130292,-7.193638436482085
5,6,18.33,-7.355128318584071,-11.179893805309733,11.835856194690267,-16.036299778761062
6,7,21.11,-3.2163736842105255,-10.002873684210526,6.162978947368422,-16.698595789473682
7,8,-13.0,-7.353373417721519,-1.5303322784810125,5.495724683544304,-21.884473734177213
8,9,18.1,-13.182688279301745,-6.159573566084788,8.471197007481296,-13.384875311720698
9,10,14.31,13.896781524926686,-3.142618768328446,-8.863376832844576,-11.297096920821115
10,11,22.87,15.083743718592963,-6.057834170854272,4.726869346733668,-4.809335175879397
11,12,12.85,11.273714067278288,-4.706669724770642,-0.6101972477064219,-11.097897247706422
12,13,20.34,-0.3697660256410257,3.901730769230769,-13.418246794871797,-14.682882692307693
13,14,14.53,-2.5013416458852866,-0.8305610972568579,-10.274214463840396,-15.104136159600998
14,15,11.85,5.84451011235955,6.298941573033707,-8.681943820224719,-14.755602247191012
15,16,18.81,6.58039608801956,7.71076772616137,-15.258308068459659,-12.605747921760392
16,17,12.86,11.075166998011927,4.379876739562625,-10.95444930417495,-14.409013121272364
17,18,23.59,-4.435050139275766,12.475300835654595,1.5743454038997213,-13.053446796657381
18,19,14.36,-5.2722913385826775,7.010669291338583,-1.6818877952755908,-16.83425334645669
19,20,15.6,3.6326088050314467,14.391012578616355,3.7194779874213832,-10.83440238993711
20,21,16.79,4.029932432432433,8.29204954954955,-1.9347072072072071,-12.726248198198201
21,22,-13.42,1.5962924791086353,6.8348133704735385,5.377158774373259,-14.132757381615601
22,23,17.23,-12.516748633879784,0.05560382513661206,1.4540792349726777,-14.697236065573772
23,24,19.59,-9.77123640167364,6.149460251046025,6.656081589958159,-16.03421589958159
24,25,21.14,-2.4514409638554224,-6.619385542168675,-6.313872289156627,-11.792360722891564
25,26,21.12,-2.3717606263982107,-6.019196868008949,0.5779642058165547,-15.83860514541387
26,27,16.97,-1.3194624781849913,0.8581535776614311,-0.04246771378708552,-20.561460558464226
