,cluster_id,curvature,x,y,z,average_potential
0,1,12.13,27.089981455064194,-9.651676176890156,-16.743744650499288,-8.689094293865907
1,2,12.65,22.74266894977169,-6.711826484018265,-7.467098173515982,-12.450763470319634
2,3,11.91,20.70982956521739,-9.432462608695653,-13.551226086956522,-10.820157913043479
3,4,17.26,11.522628865979382,5.646989690721649,-5.2214226804123705,-17.886585773195876
4,5,12.85,12.652584586466164,-1.4691484962406014,-1.546686090225564,-12.239686278195489
5,6,13.93,18.239770627062704,-0.200983498349835,-10.502095709570957,-18.677897359735972
6,7,-11.24,9.889869047619047,0.8406746031746032,-10.337337301587302,-11.498322222222221
7,8,-15.44,13.373844827586208,-5.676486206896552,-8.839037931034483,-10.099354482758619
8,9,13.8,-11.531587398373984,-6.907414634146342,14.878361788617887,-15.497611585365853
9,10,15.82,-15.463844638949672,-7.90169365426696,22.321568927789937,-7.043093654266959
10,11,14.31,-9.781976804123712,-12.467012886597939,20.26978092783505,-12.902926030927832
11,12,14.55,-13.47153640776699,-18.34001213592233,13.639019417475728,-11.299982038834951
12,13,21.05,-22.758198979591835,-20.046158163265307,19.07851530612245,-4.59105612244898
13,14,15.23,-19.25697667638484,-16.853507288629736,8.53040524781341,-14.580851311953353
14,15,-12.08,-19.78604887218045,-13.277895989974935,14.73499373433584,-12.479432330827066
15,16,24.58,-7.084657303370786,13.38088202247191,-3.1251235955056185,-4.869538202247191
16,17,13.59,-2.581893280632411,7.893424901185771,2.0767134387351778,-12.360107707509881
17,18,14.83,3.8107743732590533,11.028972144846795,1.3403370473537604,-8.979462952646239
18,19,12.18,3.5786328125,7.492066406249999,-5.040537760416666,-11.233488151041668
19,20,14.75,-16.500231155778895,-0.6421943048576214,10.774832495812397,-14.088321440536014
20,21,-15.26,-7.7857377049180325,-3.2484153005464482,11.442136612021859,-13.684409836065575
21,22,17.66,-9.291509090909091,2.0948666666666664,15.21709696969697,-14.78593484848485
22,23,17.52,-9.572916835699798,12.588389452332658,5.192464503042597,-13.493785598377281
23,24,19.04,-10.802722610722611,8.330853146853148,11.428480186480186,-13.80231351981352
24,25,-11.77,-9.040146118721461,4.1439589041095894,5.285865296803653,-11.534605251141553
