,cluster_id,curvature,x,y,z,average_potential
0,1,18.36,-2.1943298097251587,3.580181818181819,-2.1810232558139537,-11.714631501057083
1,2,21.69,0.2257710437710438,-2.70423569023569,-5.934319865319865,-13.166889562289562
2,3,14.6,3.50298502994012,4.463479041916167,-3.9239071856287424,-12.087537724550899
3,4,18.47,10.120285285285286,-0.2365825825825826,-22.641957957957956,-5.686845045045046
4,5,17.15,5.806559405940594,-0.4986138613861386,-16.961608910891087,-9.172111386138615
5,6,12.21,12.024921763869132,2.389864864864865,-14.061462304409673,-10.723375391180655
6,7,11.66,5.915605055292259,1.1905134281200629,-8.941977883096367,-12.342679304897315
7,8,14.89,-15.938653913043476,1.909690434782609,21.88916695652174,-9.37194747826087
8,9,16.24,-17.006303977272726,4.0769346590909095,13.630196022727272,-8.460942045454546
9,10,17.97,-17.35003826530612,9.512849489795919,19.10562244897959,-9.337551530612245
10,11,18.5,-11.004289085545723,7.065929203539823,21.499823008849557,-10.86868849557522
11,12,17.22,-10.166740875912408,7.620841240875912,11.841934306569343,-11.535939416058394
12,13,-11.02,-7.797652027027027,2.4645202702702704,12.140547297297298,-14.215038344594594
13,14,17.1,-3.5436178861788625,-2.5180840108401084,7.860810298102981,-9.654457994579946
14,15,19.91,-9.549380952380952,1.7733249299719889,2.8425406162464983,-8.105966946778713
15,16,-9.01,-0.5461086956521739,2.554360869565217,4.938873913043477,-14.55661304347826
16,17,20.22,-4.057574561403509,8.963655701754385,3.9928092105263158,-8.420773903508772
