,cluster_id,curvature,x,y,z,average_potential
0,1,21.72,-19.967126262626266,1.6068838383838384,16.416767676767673,-8.911818686868687
1,2,14.4,-15.533710865561694,-0.3922909760589318,22.32135174953959,-8.22828508287293
2,3,17.67,-12.280158333333333,3.8631499999999996,14.736919444444444,-10.193399999999999
3,4,19.06,-13.243701265822784,-3.9702405063291137,15.280286075949366,-14.799323037974682
4,5,14.01,10.355648068669527,-3.2081416309012876,-7.959755364806868,-14.175013876967094
5,6,20.03,3.906224422442244,-12.620633663366336,-7.706508250825083,-10.340252805280528
6,7,12.28,4.862294759825327,-6.503198689956331,-2.6639847161572052,-15.090417467248908
7,8,17.06,-8.24126923076923,9.589831196581194,-1.0904700854700853,-14.758461538461537
8,9,12.1,-6.808157894736843,2.9818742690058477,-0.746578947368421,-16.333908771929828
9,10,18.73,0.8191454545454546,10.63030303030303,-10.789130303030303,-13.478015757575756
10,11,14.18,-3.7900410447761193,9.144615671641791,-6.420061567164178,-19.118227985074626
11,12,-13.12,0.1189856459330144,0.9079473684210525,-6.895722488038278,-16.665189473684208
12,13,15.75,6.093895295902883,3.858584218512898,-11.193831562974204,-18.156321396054626
13,14,15.48,3.1126169724770643,-0.8747660550458716,12.908337155963302,-14.73463119266055
14,15,15.61,8.270151648351648,-2.045230769230769,13.224276923076923,-17.235603956043956
15,16,14.86,14.396496598639455,2.7092630385487526,12.588970521541953,-13.036088662131519
16,17,15.41,11.340855575868371,-3.4863053016453383,6.513539305301645,-12.130903290676416
17,18,21.26,-0.7726328828828828,-13.68883783783784,6.206984234234234,-8.85795427927928
18,19,11.64,0.4865674418604651,-9.611897674418605,-0.016967441860465098,-16.050642325581393
19,20,17.67,4.178638253638254,-6.336349272349272,3.8075197505197504,-17.157002494802494
20,21,14.14,-4.165820710973725,-5.569503863987635,14.685525502318391,-13.683804173106646
21,22,14.49,-4.141381093057607,2.1988995568685374,6.121698670605612,-18.884143574593796
22,23,17.13,-12.111173410404625,3.9794248554913296,5.640583815028902,-14.750934104046244
23,24,17.48,-11.671909473684213,-3.382494736842105,7.916543157894737,-17.422961684210527
