,cluster_id,curvature,x,y,z,average_potential
0,1,22.32,3.7882317073170744,9.461829268292682,-10.596426829268292,-7.656269918699187
1,2,12.01,-0.6519927219796215,11.861439592430857,-1.693815138282387,-10.83331848617176
2,3,14.73,6.277974960876369,9.126563380281691,0.6018591549295774,-8.1789
3,4,18.26,-10.171712435233161,-0.7949585492227979,-6.581898963730571,-14.771486787564767
4,5,13.92,-5.662763374485597,0.4021481481481482,-1.1218539094650206,-15.109183539094651
5,6,11.29,-2.884599164926931,4.335751565762004,-4.9039853862212945,-19.504283716075154
6,7,19.66,-2.246040723981901,-1.6001085972850677,-9.932819004524887,-14.35816923076923
7,8,13.87,4.058005594405595,0.6746335664335663,-6.817327272727272,-12.245044895104895
8,9,20.84,-9.80692088607595,-3.8820696202531644,2.1837943037974683,-8.667170253164556
9,10,19.79,-14.483350694444445,1.5827847222222224,2.906857638888889,-5.819366319444445
10,11,18.75,-18.802034615384617,-4.1646807692307695,9.018849999999999,-8.251058846153848
11,12,-11.08,-10.914167808219178,-4.013801369863014,9.805320205479454,-8.276565753424658
12,13,14.26,-25.506601423487542,0.21012811387900357,21.486167259786473,-9.220577224199289
13,14,15.25,-21.153604462474643,0.4135841784989859,27.494028397565923,-5.354555172413792
14,15,16.26,-14.285044378698228,-0.4821301775147928,17.13587869822485,-10.60974023668639
15,16,-14.97,-16.469515050167225,-5.387735785953177,24.73464882943144,-5.625107023411371
16,17,-13.35,-19.24253787878788,-6.1666553030303035,17.656159090909092,-8.239181628787879
