,cluster_id,curvature,x,y,z,average_potential
0,1,18.63,2.0625013927576603,10.383192200557103,1.404849582172702,-23.907731476323118
1,2,20.92,-1.6398956310679613,5.387745145631069,-5.666009708737864,-26.385889563106794
2,3,14.88,8.72903409090909,4.399564935064935,3.2694172077922077,-24.909014123376622
3,4,16.38,6.053136894824707,-4.756205342237061,3.1767996661101843,-19.287167445742906
4,5,-7.48,-1.6336470588235292,-3.7750882352941173,3.7868676470588234,-28.947056862745097
5,6,-8.61,-1.7248909952606635,-0.5779905213270141,-1.2100189573459714,-32.36648720379147
6,7,16.31,-10.001173828125001,-3.46902734375,7.593476562500001,-19.041973242187503
7,8,19.27,-5.662840860215054,-0.557105376344086,15.156851612903225,-16.661150322580646
8,9,15.85,1.4238340611353713,-1.3223384279475985,11.355458515283843,-19.769163755458514
9,10,15.85,-11.314154088050314,7.183716981132077,-1.475006289308176,-15.506459433962265
10,11,13.18,-10.241703853955375,0.1604908722109534,-0.37137728194726166,-21.204722515212982
11,12,-1.03,-1.8506423611111111,6.549045138888889,8.64525347222222,-23.642376388888888
12,13,18.62,-7.697019565217391,12.103417391304347,2.0973108695652174,-19.15085847826087
13,14,19.19,-11.134733796296295,7.753099537037038,8.355287037037037,-20.308154398148147
14,15,12.38,18.13997184986595,-14.051497319034851,-9.933379356568365,-11.044976675603216
15,16,13.01,17.566364077669903,-7.685347087378641,-6.337834951456311,-13.819312621359224
16,17,14.03,14.720901678657075,-3.2748944844124703,-2.0790215827338128,-19.673401918465228
17,18,17.47,-3.276265895953757,6.850976878612717,-16.753131021194605,-13.38292620423892
18,19,13.82,-7.1471343511450405,11.272441221374045,-13.515564885496183,-12.634083358778625
19,20,19.45,12.908435251798561,-3.7397517985611515,-10.74210071942446,-24.174187050359713
20,21,-4.85,6.8919375,-4.35071484375,-7.0957890625,-24.993853515625002
21,22,-16.43,7.613489247311827,4.559852150537634,-6.279844086021505,-38.38758548387097
22,23,-2.53,14.534252976190476,3.2743273809523807,-6.790583333333333,-21.315620535714285
23,24,16.75,-0.8804256926952141,-0.15035264483627211,-11.4259798488665,-16.563368010075568
24,25,8.2,5.396440097799512,4.6998606356968216,-12.899760391198045,-24.50011540342298
25,26,13.6,5.576561264822135,8.003041501976284,-18.903920948616605,-15.162934980237154
26,27,13.26,10.250532558139533,1.0082720930232558,-17.449681395348836,-11.987239069767442
