,cluster_id,curvature,x,y,z,average_potential
0,1,12.75,-9.437053929121724,3.8374268104776577,0.7881171032357474,-12.350335130970725
1,2,22.5,-14.971291079812207,3.768417840375587,6.369666666666667,-11.760381220657278
2,3,13.01,-6.755761467889908,4.898227064220183,7.117669724770642,-10.664727981651376
3,4,17.91,-1.6240601851851852,4.211381944444445,12.596118055555555,-13.41492361111111
4,5,17.96,2.672255520504732,5.678779179810725,5.250701892744479,-11.707961356466877
5,6,11.48,-6.400951248513674,-11.301594530321045,14.131217598097502,-11.672287871581453
6,7,-10.9,-9.462182773109243,-9.519724789915967,4.801439075630252,-9.428758403361345
7,8,18.49,-0.409418013856813,-7.53859584295612,-1.4067667436489608,-12.196034872979213
8,9,11.52,8.490490084985836,-7.713048158640227,4.152888101983002,-13.110460764872522
9,10,20.61,4.448472324723247,-8.543601476014759,11.872590405904058,-13.062485977859781
10,11,14.56,-0.6363132250580046,-7.719904872389792,7.356171693735498,-13.25544988399072
11,12,10.77,18.175899868247694,10.301322793148879,-9.560678524374175,-7.416233992094862
12,13,18.43,24.781271551724135,13.205890086206896,-20.75581681034483,-6.0565127155172425
13,14,-11.94,18.66023898305085,13.785618644067798,-16.7747,-7.668365084745763
14,15,14.28,17.874372918978914,-7.228746947835738,-1.2201043285238624,-9.883240288568258
15,16,18.85,9.447081967213116,5.328144808743169,1.528513661202186,-10.62591256830601
16,17,18.43,12.993171029668412,4.828539267015707,-4.681514834205934,-9.524318848167539
17,18,16.84,-6.267226829268293,6.054182926829268,-6.649707317073171,-13.543454878048781
18,19,16.21,-4.038536,-1.587228,-3.3321639999999997,-11.9870216
19,20,17.6,-1.1666838235294117,-1.0075122549019606,-8.495198529411764,-14.138914215686274
20,21,17.09,0.11350377358490563,6.9421603773584915,-12.824739622641507,-13.930997358490565
21,22,21.58,4.43111969111969,2.825266409266409,-18.247826254826254,-9.95437722007722
22,23,15.49,5.187109756097561,-2.3614285714285717,-12.42141637630662,-12.819700348432056
