,cluster_id,curvature,x,y,z,average_potential
0,1,14.79,10.083541666666665,2.263083333333333,-9.703649122807017,-12.023625219298246
1,2,14.82,2.679369426751592,2.644732484076433,-10.087694267515923,-13.686864968152868
2,3,12.47,5.63768986083499,7.852395626242545,-12.822202783300199,-15.142210139165009
3,4,15.18,14.515942342342342,8.850227027027028,-14.471605405405406,-8.971784504504503
4,5,17.58,7.510107279693488,11.113214559386973,-18.70867816091954,-8.351757088122607
5,6,12.18,9.91186417657046,3.5110407470288627,-19.962382003395586,-9.874570458404076
6,7,18.77,-1.0057013333333333,-0.2900933333333335,-4.020421333333334,-11.689394933333334
7,8,17.76,-3.9690930232558133,-1.7583236434108527,0.33112209302325585,-11.25977073643411
8,9,22.32,6.8561487179487175,-1.2820897435897436,-2.473023076923077,-10.153481025641026
9,10,18.24,3.3947566964285714,6.070937499999999,-1.3847901785714285,-13.361212723214285
10,11,15.04,-0.2354235537190082,5.162698347107439,4.417510330578512,-10.313754958677688
11,12,14.44,-5.4128632911392405,4.4706708860759505,10.06387341772152,-9.203545316455696
12,13,13.54,-9.187300952380953,-0.5480457142857141,17.06952,-6.230659999999999
13,14,-11.81,-2.228593582887701,-3.745050802139037,9.199438502673797,-9.63941524064171
14,15,22.25,-8.527559808612441,-7.80409090909091,14.014449760765551,-9.34965980861244
15,16,11.36,-10.182750793650793,-3.1274968253968254,9.002123809523809,-10.716089841269842
