,cluster_id,curvature,x,y,z,average_potential
0,1,13.14,18.647697872340427,5.504990070921986,-24.5759914893617,-10.474696453900709
1,2,-5.79,15.394154440154441,0.041193050193050126,-23.31100772200772,-10.8887277992278
2,3,13.41,20.911673563218393,0.44063678160919545,-17.80793103448276,-11.650540459770115
3,4,16.79,7.41682320441989,-2.4134051565377534,-5.216742173112339,-11.031015285451197
4,5,14.57,5.498114705882354,6.1738294117647055,-4.77330294117647,-14.090957352941174
5,6,11.87,3.900937106918239,0.9640157232704402,-2.1764182389937106,-13.958516666666666
6,7,-10.41,14.959929292929294,2.763568181818182,-16.70840909090909,-12.181072727272726
7,8,13.86,8.15915264187867,2.572655577299413,-18.286068493150687,-10.2799457925636
8,9,15.1,4.082103614457831,5.55233734939759,-11.146763855421689,-9.800783373493976
9,10,14.47,12.764850162866452,-2.670745928338762,-10.547371335504884,-9.275436156351791
10,11,-14.5,13.763789203084833,4.873861182519281,-8.770215938303341,-10.38510179948586
11,12,19.4,-1.0961408839779005,5.454314917127072,-0.23859944751381212,-12.711065193370166
12,13,21.64,-0.9423295019157087,-2.072816091954023,1.9601149425287359,-14.503861494252874
13,14,22.24,-10.104131054131054,1.8435413105413105,2.6633760683760683,-13.78236923076923
14,15,15.84,-3.858425038639876,2.310740340030912,8.678579598145285,-14.566933539412675
15,16,13.69,-14.714448613376836,-2.0984616639477975,31.30430505709625,-8.241337683523653
16,17,17.09,-13.262098684210526,-0.6844638157894737,21.108588815789474,-10.570169078947368
17,18,19.53,-20.724973799126644,3.4343668122270743,28.188231441048035,-4.196635807860262
18,19,18.0,-19.773167865707435,-2.3844028776978416,23.305956834532378,-14.115704796163069
19,20,-5.53,-8.916103773584906,-3.7228238993710696,15.917062893081761,-16.859341194968554
20,21,13.59,-6.9508621794871805,-6.054749999999999,10.00801923076923,-12.645297756410258
21,22,14.94,-13.210752427184465,-0.8102257281553398,9.019021844660193,-17.680029854368932
22,23,-11.56,-16.286707803992737,-8.819393829401086,20.903754990925588,-9.334720326678765
23,24,16.11,-17.079720207253885,-8.085953367875648,12.834310880829015,-11.669353108808291
24,25,7.37,-19.183520661157026,-2.5109035812672174,14.766234159779614,-17.115904407713497
