,cluster_id,curvature,x,y,z,average_potential
0,1,16.22,18.615538235294117,5.981373529411765,-20.422958823529413,-8.808346470588235
1,2,-12.92,21.13368548387097,9.232324596774195,-14.046538306451614,-9.823425806451613
2,3,-17.79,19.13342767295597,1.109443396226415,-11.420610062893081,-9.974664465408805
3,4,12.85,14.072122186495179,7.12263344051447,-13.86040192926045,-15.529011254019295
4,5,13.42,11.764239837398373,5.044609756097561,-8.478713414634147,-11.994190650406503
5,6,17.62,12.127442771084336,-0.9310753012048195,-14.621704819277108,-8.817146686746987
6,7,13.2,9.005337704918032,-1.7257672131147541,-8.865675409836065,-13.48738655737705
7,8,17.74,-4.634371663244353,-6.764207392197126,-0.14695482546201233,-12.875888295687885
8,9,14.5,0.3045051903114187,-1.6700519031141867,3.4494792387543254,-11.187381833910033
9,10,18.9,6.131710382513662,1.688377049180328,-3.2775537340619305,-12.507542258652094
10,11,25.12,5.895755033557047,-6.445657718120805,-2.5342516778523487,-13.21211677852349
11,12,17.86,0.5787864476386038,-3.4497125256673513,-6.101108829568789,-12.520826694045176
12,13,14.53,-12.304654991243432,-7.436451838879159,16.480395796847638,-8.100238353765324
13,14,12.44,-16.50093533123028,-11.592110410094635,12.154632492113565,-10.984228706624606
14,15,-6.73,-2.1156925207756228,-8.223207756232688,8.56696952908587,-9.433391412742383
15,16,12.37,-7.904750000000001,-6.7667041284403675,11.95969266055046,-14.794282110091745
16,17,9.46,-8.443884615384615,-10.9329185520362,7.015746606334841,-15.676808597285067
