,cluster_id,curvature,x,y,z,average_potential
0,1,10.14,9.054501347708895,8.079695417789758,-17.63131266846361,-7.663054582210242
1,2,12.7,13.59745276872964,10.261938110749185,-20.753885993485344,-5.96359690553746
2,3,13.71,19.4758257918552,10.101296380090501,-18.478484162895928,-3.6357011312217202
3,4,14.82,-14.270657754010694,-0.9429491978609624,-3.526644385026738,-10.478026470588233
4,5,11.01,-9.131554385964913,0.7441754385964912,-7.354305263157896,-12.20949216374269
5,6,9.92,-4.851444145356663,5.156111709286677,-12.25372274562584,-11.3682865410498
6,7,13.97,1.9637840616966575,2.1650128534704374,-14.829943444730077,-8.824719794344473
7,8,-10.47,2.967577132486389,8.4736333938294,-13.82152994555354,-10.402202903811252
8,9,-14.19,-42.96546315789474,-0.7252231578947368,52.499069473684216,-6.029833052631579
9,10,-12.04,-36.85668723702665,1.7350841514726505,46.63104207573633,-7.628537307152875
10,11,-15.15,-27.248532915360506,-1.1400501567398125,41.694771159874605,-5.987468338557993
11,12,12.96,-30.831777576853522,4.546575045207956,42.621169981916815,-10.749282097649186
12,13,-14.4,-25.322574175824176,2.0372225274725273,34.40761538461538,-11.685546428571428
13,14,12.01,-25.32431229773463,9.29106148867314,38.750867313915855,-6.652844822006473
14,15,17.91,-17.077544964028778,-3.2761366906474825,11.11214928057554,-11.885549820143886
15,16,19.57,-17.361749196141478,2.589292604501608,6.606218649517685,-13.650754019292604
16,17,18.13,-15.245918918918917,-1.3744594594594595,2.3439189189189187,-12.815037331081083
17,18,-10.29,-16.61374456521739,12.45593206521739,27.763369565217392,-4.603767934782609
18,19,17.21,-23.710732954545453,6.174424242424243,26.277376893939397,-13.301266098484849
19,20,15.92,-22.60386027944112,7.176654690618762,31.662592814371255,-10.316924151696607
20,21,20.37,-15.392055118110237,1.5399153543307087,14.291437007874016,-11.847697834645668
21,22,-11.59,-19.352945454545456,6.213851948051947,14.629516883116885,-8.621774545454544
22,23,-14.18,-11.977327800829876,1.2505809128630707,22.400423236514523,-6.556196058091287
23,24,12.75,-18.969475232198143,5.296547987616099,22.865777089783283,-14.23829628482972
