,cluster_id,curvature,x,y,z,average_potential
0,1,24.56,-20.082619791666666,-3.02696875,14.186223958333334,-3.5225635416666665
1,2,16.75,-17.00459642857143,-4.627260714285715,6.10184642857143,-8.596887142857144
2,3,-12.33,-18.192405186385738,-11.82437925445705,13.084220421393841,-4.951014910858995
3,4,12.43,-12.045089965397924,-9.214020761245674,10.390060553633218,-8.315409515570932
4,5,12.36,2.2843690476190477,-4.961266666666667,-7.880054761904761,-11.303680952380953
5,6,-11.41,-1.7761884057971014,-2.0829254658385095,-4.1949523809523805,-12.158384886128365
6,7,11.45,-3.6120284167794314,-1.226951285520974,1.6862151556156966,-11.555444248985115
7,8,11.28,-9.097574387947269,-7.918930320150658,2.077022598870056,-10.468777777777778
8,9,12.56,-9.804186554621849,-1.7591277310924371,7.343941176470589,-9.511708907563026
9,10,-11.44,39.11111313131313,8.556369696969698,-28.479624242424244,-5.235264444444445
10,11,17.39,40.18175528700906,4.5992416918429,-20.99199395770393,-8.562567069486406
11,12,-20.95,36.72837588652483,14.159070921985814,-20.85066666666667,-4.00881560283688
12,13,13.42,33.586691747572814,8.660349514563107,-21.218524271844657,-9.041050485436893
13,14,12.4,44.31882792207792,14.861621753246753,-23.362569805194802,-6.686451785714286
14,15,-12.33,51.97647495682211,17.956319516407596,-27.209811744386872,-5.520435405872194
15,16,12.04,25.489243611584328,4.528771720613288,-23.586395229982966,-14.012972572402045
16,17,13.7,28.439933453237416,4.425276978417266,-17.3120845323741,-10.753635791366905
17,18,15.61,18.594007712082263,3.857817480719794,-18.70183033419023,-13.095589203084833
18,19,19.21,23.445437275985665,-2.820405017921147,-12.27764157706093,-11.024682795698926
19,20,14.73,23.92598148148148,-3.037149831649831,-18.874436026936028,-12.63233787878788
20,21,18.45,16.793362637362637,-2.0929862637362637,-14.723299450549453,-14.619905769230769
21,22,13.93,12.414709486166009,-1.595922924901186,-19.338602766798417,-12.884650395256916
22,23,13.98,4.7137195357833654,-4.464174081237911,-14.691613152804642,-11.222744680851063
23,24,16.17,11.348425465838508,-8.404260869565217,-14.321391304347824,-14.829811180124224
24,25,24.13,11.682550000000003,-2.014823913043478,-9.386745652173914,-14.473714347826089
