,cluster_id,curvature,x,y,z,average_potential
0,1,16.11,-32.33714123006834,-4.0311548974943054,11.90302050113895,-8.75186013667426
1,2,-11.26,-30.431193347193343,2.5397172557172554,14.03118711018711,-6.287290228690229
2,3,14.46,-24.757301587301587,1.1777195767195767,6.581915343915344,-13.922775132275131
3,4,-16.01,-23.630468208092484,-4.12056936416185,9.530046242774567,-11.841635260115606
4,5,18.43,-32.47366274509804,2.2680745098039217,5.270156862745098,-9.345940392156864
5,6,17.92,-28.63926023391813,-6.386894736842106,4.800614035087719,-9.852970760233918
6,7,15.85,1.860584548104956,7.244679300291546,-11.450733236151603,-9.994518221574344
7,8,16.38,5.648090361445783,13.461756024096385,-6.878626506024095,-9.185543072289157
8,9,-0.94,-2.118480825958702,12.76411209439528,-6.05434808259587,-16.844348377581124
9,10,-7.48,-0.8974582278481014,2.1395670886075955,-2.9663164556962025,-17.23394329113924
10,11,15.57,4.542604852686308,8.423606585788562,4.47498266897747,-13.308548180242633
11,12,24.12,3.0612226720647775,-0.9805101214574898,2.044477732793522,-11.93756963562753
12,13,22.69,7.3322950310559,4.521835403726708,-2.6977111801242235,-15.562729192546584
13,14,14.85,-4.0976945288753805,-4.2019088145896655,15.341594224924012,-10.245434650455927
14,15,14.12,1.488911870503597,-1.95973381294964,18.166084532374104,-7.679033453237412
15,16,17.07,5.079454148471616,1.9256724890829693,9.277757641921397,-14.425428602620087
16,17,-13.22,-4.332146987951807,0.7659759036144578,8.215368674698794,-18.519649879518074
17,18,-9.8,1.8509212962962962,-3.990601851851852,10.718717592592592,-9.781162962962965
18,19,17.05,-23.925158208955228,6.657185074626866,4.902594029850746,-12.794493432835822
19,20,14.97,-18.323313402061856,-2.150707216494845,-0.0021072164948454015,-13.333606804123713
20,21,10.37,-18.80056942003515,3.990228471001757,1.6434077328646752,-13.564065905096662
21,22,20.99,-14.429801829268294,8.910564024390244,-1.7013414634146344,-13.27440701219512
22,23,-3.66,-11.629014028056112,1.628004008016032,-3.356843687374749,-16.8647374749499
23,24,18.5,-7.674788888888889,6.531847222222223,-7.769266666666666,-12.970849722222223
24,25,-17.25,-2.8736166666666674,6.443016666666667,2.995420833333333,-25.188085833333332
25,26,12.21,-8.937852348993289,6.795263982102909,1.736317673378076,-19.67752751677852
