,cluster_id,curvature,x,y,z,average_potential
0,1,-12.96,13.569682395644284,4.208297640653357,-18.141392014519056,-11.51415716878403
1,2,14.04,22.573897637795277,8.700068241469815,-15.872863517060368,-17.8575343832021
2,3,-8.03,14.721126760563381,11.657870422535211,-17.07934084507042,-17.578528732394368
3,4,19.86,17.97541723356009,9.38988888888889,-10.937321995464853,-11.326054875283447
4,5,12.43,29.144042654028436,7.423911532385465,-29.1557551342812,-7.3109600315955765
5,6,-11.05,23.903984962406014,13.184013157894737,-27.836394736842106,-11.717950563909772
6,7,15.07,25.09560179640718,11.107053892215568,-21.11588023952096,-13.749541017964072
7,8,11.54,21.495547850208045,5.306259361997226,-23.404263522884886,-13.348738834951455
8,9,13.8,6.163457534246575,0.25600821917808225,-3.4714438356164385,-12.84016191780822
9,10,13.93,3.4888963855421684,3.299932530120482,0.3858722891566266,-12.766873012048192
10,11,20.39,7.313143884892087,8.695933453237409,-6.31838309352518,-14.726469064748201
11,12,19.63,11.741226613965745,5.6899183135704865,-9.836021080368907,-15.559541370223979
12,13,16.06,-1.7526155844155846,4.189966233766234,13.971919480519482,-11.094595064935065
13,14,14.97,-4.659045385779122,-0.10682148260211802,19.1205930408472,-6.759918759455371
14,15,24.88,-10.950094527363184,7.651223880597015,17.228109452736316,-3.968946766169154
15,16,11.6,-8.998422893481717,-0.3555484896661367,12.415236883942764,-6.489011128775834
16,17,13.67,2.576161033797217,8.675781312127237,2.7500059642147114,-11.97783717693837
17,18,14.79,-4.374906666666667,6.485853333333334,7.95512,-9.6623112
18,19,-11.41,1.064979633401222,-0.602348268839104,7.379653767820773,-9.692315682281059
