,cluster_id,curvature,x,y,z,average_potential
0,1,23.13,2.5809047619047614,-5.472688888888889,13.894695238095236,-13.880524444444445
1,2,14.29,6.859489795918367,-1.457862973760933,11.148725947521868,-19.387540233236148
2,3,14.09,1.5593625,-7.7251675,1.3409275000000003,-24.95825175
3,4,5.46,-2.813357142857143,-6.856043478260871,4.413049689440994,-22.140248757763974
4,5,11.69,-11.323097276264592,6.754443579766537,5.970035019455253,-15.607201167315175
5,6,14.94,-5.633344999999999,10.214500000000001,10.211784999999999,-24.959611
6,7,15.18,-11.053164948453608,-1.810914089347079,5.257855670103093,-24.74383264604811
7,8,-6.09,-4.818005602240897,-2.8031372549019604,10.96852380952381,-30.07908151260504
8,9,16.28,-7.25495382585752,1.4768733509234833,15.263344327176778,-17.93482849604222
9,10,18.06,5.258642651296829,-1.6615389048991358,-10.470057636887608,-18.6912121037464
10,11,18.46,8.559325088339222,3.9717773851590112,-12.465438162544169,-11.494774911660777
11,12,-15.55,4.99856343283582,5.960832089552239,-7.289783582089553,-26.253514552238805
12,13,15.64,14.599648148148148,2.8706954732510286,-6.769465020576132,-16.829349588477367
13,14,20.79,9.16147663551402,12.777579439252337,-6.0367803738317765,-15.93418621495327
14,15,17.36,14.964035476718403,8.349356984478936,-0.9054855875831486,-16.291348115299336
15,16,15.82,16.042513800424626,1.7470934182590236,2.391728237791932,-12.910180254777071
16,17,-17.59,7.215486068111456,3.992566563467492,3.7730092879256967,-36.657938080495356
17,18,22.99,5.3164276457883375,7.048714902807776,11.347920086393087,-21.139308639308858
18,19,13.88,6.296867507886435,13.15784858044164,3.9975583596214506,-17.03843406940063
19,20,12.2,-0.572310405643739,14.542310405643738,-2.7134232804232803,-20.827906172839505
20,21,-2.01,0.05298529411764708,13.018985294117648,6.986676470588236,-20.32746323529412
21,22,21.08,-7.026652830188678,12.785683018867925,2.0155584905660375,-16.95932188679245
22,23,19.79,-6.73664371257485,-3.578775449101796,-3.311431137724551,-23.431604191616763
23,24,21.21,-9.951274774774776,5.930711711711711,-0.9483783783783786,-23.35601801801802
24,25,17.12,-5.506726862302483,3.04958690744921,-6.960004514672685,-17.130310835214445
25,26,-1.16,8.015154761904762,-4.037613095238095,2.719130952380952,-19.180623809523812
26,27,14.67,3.6035103338632752,-5.743310015898252,-4.615602543720191,-22.174128775834657
