,cluster_id,curvature,x,y,z,average_potential
0,1,20.98,-15.963360128617362,10.191077170418007,10.417327974276526,-7.202263022508038
1,2,17.91,-13.145488839285715,3.6679464285714287,10.327892857142858,-8.857949553571428
2,3,-11.32,-9.044324435318275,8.43611909650924,8.869498973305955,-14.652665708418892
3,4,21.45,-1.7931986062717766,-1.909609756097561,7.737449477351917,-15.711526480836236
4,5,18.31,-8.311383333333334,-0.6531277777777778,7.099377777777779,-7.690978333333333
5,6,16.01,-5.469552112676055,5.689157746478873,5.899250704225353,-16.811024507042255
6,7,17.77,5.358029508196721,3.4403803278688527,-18.957301639344262,-6.713504590163934
7,8,19.46,8.960575178997614,6.663453460620525,-14.107866348448686,-11.698199045346064
8,9,18.86,8.272514672686231,11.701340857787809,-7.971002257336343,-13.391578555304742
9,10,-13.67,2.5370117994100294,3.432604719764011,-9.109445427728613,-11.17986460176991
10,11,14.87,10.388228,1.9164799999999997,-8.893516,-11.6669302
11,12,18.35,1.080961685823755,8.274708812260537,-3.3187739463601535,-15.18328735632184
12,13,19.71,0.9052090032154341,8.240778135048231,4.913344051446946,-14.286715755627009
13,14,-6.37,-2.9306583333333336,2.0572041666666667,0.7535,-15.015482500000001
14,15,15.79,11.292126110124332,4.680539964476022,-0.7507833037300177,-18.266953463587924
15,16,15.44,6.3536840731070505,2.0374177545691907,6.283323759791123,-14.388076240208878
16,17,7.04,8.7298125,-1.351910714285714,-1.2505535714285716,-12.097888392857142
17,18,21.17,3.6117414634146345,-2.9287195121951224,0.652080487804878,-11.188814146341464
