,cluster_id,curvature,x,y,z,average_potential
0,1,14.48,34.964328050713156,23.868830427892235,-23.334386687797146,-8.946831061806655
1,2,-13.87,28.835379130434784,16.759525217391307,-21.04222956521739,-9.854539652173914
2,3,-15.2,31.24506229508197,15.787990163934428,-27.82477704918033,-15.263345409836065
3,4,13.29,23.118990757855823,2.6415064695009245,-18.176133086876156,-14.136576340110908
4,5,11.94,22.46069193154034,-4.3319413202933985,-19.61474327628362,-15.889814425427874
5,6,16.04,26.751133470225877,2.1779794661190968,-24.340960985626282,-17.776723408624235
6,7,12.29,29.51719562043796,8.92110802919708,-24.176883211678835,-18.56187810218978
7,8,13.15,-39.581149476831094,6.505428998505231,35.242804185351275,-6.423969506726457
8,9,-13.52,-35.26523791821561,-0.9258308550185873,27.54035130111524,-14.868313568773235
9,10,-14.22,-36.794032967032976,1.5348373626373626,32.586265934065935,-11.293496043956043
10,11,-11.79,-29.579224795640325,-2.804245231607629,22.77320572207085,-15.055626294277927
11,12,12.18,-26.30868787276342,-9.210328031809146,18.670029821073562,-15.858401789264414
12,13,-6.85,-19.507998357963874,-4.6394039408867,20.087995073891626,-10.049186371100165
13,14,17.07,9.125416949152541,-14.0998,-3.739962711864406,-12.499797288135593
14,15,10.94,2.394420927467301,-10.726117717003568,-5.809234244946492,-10.277152080856123
15,16,18.08,9.523122137404581,-5.922430025445293,-7.111325699745548,-12.035937659033078
16,17,11.5,13.271426229508196,-11.227684426229507,-9.08475,-18.18160491803279
17,18,15.89,18.22449817518248,-6.926987226277373,-10.391288321167883,-16.663387408759124
18,19,14.19,15.25285507246377,-4.3948097826086965,-14.633516304347825,-13.942040760869565
19,20,12.8,-8.676308457711443,-12.774611940298508,3.1419701492537313,-10.858102487562189
20,21,18.42,-1.6587938388625592,-16.246329383886255,2.7642464454976303,-10.71514170616114
21,22,-14.34,-3.52803813559322,-10.406021186440677,-0.357114406779661,-11.8850375
22,23,20.09,-8.390241860465116,-17.27913023255814,8.811283720930232,-13.150640465116277
23,24,16.16,-14.098602977667497,-13.17666253101737,7.606615384615385,-14.455815136476428
24,25,17.02,-15.554618798955612,-16.288114882506527,13.81017493472585,-16.564013838120104
25,26,-11.68,-19.73655361930295,-11.169380697050938,14.681061662198392,-17.22439168900804
