,cluster_id,curvature,x,y,z,average_potential
0,1,16.13,13.68266865671642,14.373301492537312,-22.95124179104478,-9.476981791044777
1,2,-12.14,11.513110236220474,12.771393700787401,-18.181294488188975,-12.18931622047244
2,3,19.29,13.90381679389313,21.804270992366412,-17.11004961832061,-5.323709160305343
3,4,14.31,18.76165895953757,18.790181117533717,-23.23443352601156,-8.483730057803466
4,5,15.81,-9.441009596928982,3.05089443378119,12.786909788867563,-14.143626487523994
5,6,11.46,-6.716752016129032,10.211183467741934,9.290624999999999,-18.896864516129032
6,7,12.81,-14.3639792147806,7.0604318706697455,3.7191016166281754,-15.806657505773671
7,8,7.81,-15.533592783505155,0.21733505154639177,7.370412371134021,-21.332696391752577
8,9,13.19,-10.780132075471696,-4.425656184486373,6.898867924528302,-16.871315303983227
9,10,14.98,0.3338476953907815,7.499498997995992,7.759551102204409,-17.46413507014028
10,11,17.14,3.0649073482428113,1.856418530351438,4.26205750798722,-21.4337785942492
11,12,8.47,-0.1624271844660193,8.371750809061488,-1.219187702265372,-20.291156957928806
12,13,13.75,-12.204638009049775,-1.4259570135746606,-2.3043484162895926,-17.59775294117647
13,14,15.06,-5.610961089494163,2.0848443579766536,1.2850505836575876,-30.05759338521401
14,15,12.25,-0.6388772727272727,-3.3729227272727274,-5.268059090909091,-21.31372409090909
15,16,19.16,-8.193820707070707,3.541270202020202,-7.068467171717171,-19.206223232323232
16,17,-2.99,8.956147757255938,-0.5648707124010552,-2.7842506596306076,-12.77849023746702
17,18,11.92,4.4405684647302905,-6.146734439834025,-2.5979792531120327,-14.19058838174274
18,19,17.58,-2.4698617886178864,10.297260162601626,-8.673777777777778,-18.101172899728997
19,20,13.27,-0.27194540229885056,5.212988505747127,-14.36051436781609,-13.252705172413792
20,21,19.57,7.761939453124999,9.38914453125,-14.211447265624999,-14.567434179687499
21,22,11.71,7.374090517241379,7.833956896551724,-7.5875301724137945,-17.22958620689655
22,23,18.3,5.12176322418136,0.36451637279596977,-10.141209068010076,-14.987645591939545
