,cluster_id,curvature,x,y,z,average_potential
0,1,-0.42,-2.3503755458515276,10.784467248908298,9.737218340611353,-18.195517030567682
1,2,12.55,2.335702764976958,3.885979262672811,10.7613732718894,-14.59005
2,3,-8.26,-8.051444827586206,9.688465517241378,3.538900000000001,-14.137493103448275
3,4,24.19,-12.769980544747083,4.123832684824903,5.934610894941635,-14.781987937743192
4,5,10.39,-6.828037542662115,0.4601996587030717,5.785786689419795,-15.435454607508532
5,6,17.89,-13.122772925764194,5.444844978165938,13.819502183406115,-11.36786288209607
6,7,12.91,-8.80335111111111,11.702873333333333,13.473120000000002,-9.88555311111111
7,8,16.93,-2.6587478260869566,3.042736231884058,16.134455072463766,-10.624813333333332
8,9,14.27,-2.660223443223443,8.980362637362639,17.94724542124542,-8.442766300366301
9,10,14.96,20.71522839506173,11.130277777777778,-26.25196604938272,-8.300139969135802
10,11,13.28,21.71572030651341,7.5858735632183905,-20.002229885057474,-9.970793103448276
11,12,-6.58,14.541119512195122,7.225960975609756,-21.349912195121952,-8.769848048780487
12,13,13.77,16.867381651376146,7.840921100917431,-12.946339449541282,-13.913459633027523
13,14,11.81,11.737670838548185,3.500366708385482,-12.777002503128912,-13.454350688360451
14,15,22.97,6.925957186544342,11.368253822629969,-11.596596330275231,-13.452915902140674
15,16,9.61,3.6479745762711864,6.086745762711863,-10.215737288135594,-13.704668361581922
16,17,25.78,7.348062256809339,1.896568093385214,-4.326630350194552,-19.200807003891054
17,18,-13.77,8.680326043737576,10.366729622266401,-3.5610536779324056,-32.22251650099403
18,19,18.74,10.955483290488434,12.427146529562982,4.734488431876606,-10.603785089974293
19,20,19.05,6.649030660377358,9.810384433962264,8.665120283018869,-14.435876415094341
20,21,18.09,12.739339578454333,6.391971896955504,-0.11101170960187363,-19.457943091334897
21,22,-0.38,8.549760683760685,3.8545598290598293,3.960683760683761,-16.536479487179484
22,23,-6.03,0.7713749999999999,12.481500000000002,3.5554166666666673,-14.58850763888889
23,24,-6.36,2.421023715415019,11.840557312252965,-2.9949604743083,-13.454699999999999
24,25,17.42,0.1820519031141868,1.475948096885813,-7.3794325259515565,-10.948034602076124
25,26,16.54,-2.4246802218114603,3.519349353049907,-1.9353179297597038,-15.240987245841037
