,cluster_id,curvature,x,y,z,average_potential
0,1,15.95,7.589447272727273,11.582247272727274,23.837967272727273,-3.924119272727272
1,2,14.9,9.687149056603774,6.433807547169811,18.23698301886792,-9.270566037735849
2,3,13.59,5.8234882459312844,-14.02315732368897,-9.783258589511753,-11.485346112115732
3,4,12.54,-0.09389323843416372,-14.849665480427044,-6.388076512455516,-10.175136832740215
4,5,15.69,2.9382756410256405,0.2317905982905983,7.517957264957265,-16.261044871794873
5,6,13.0,-1.5308590381426201,-4.7265721393034825,6.159995024875623,-15.209420895522388
6,7,16.49,-2.017105973025048,-12.432776493256261,8.686414258188824,-15.047226589595375
7,8,16.12,-2.944661538461539,-11.64378717948718,1.4783256410256411,-16.83005282051282
8,9,16.6,4.8104527687296414,-11.901534201954396,0.780915309446254,-12.279528013029315
9,10,20.97,1.3924219512195122,-5.716265853658537,-1.4345317073170731,-16.018669999999997
10,11,18.37,13.689333333333334,-0.8106477987421383,-0.8547693920335431,-9.98453249475891
11,12,17.8,8.151214285714286,-2.6187266009852217,-0.7927733990147783,-15.498513793103449
12,13,22.1,14.718095238095238,5.1209999999999996,2.2541160714285717,-13.537196130952381
13,14,-11.82,8.930506410256411,2.715842948717949,6.15636858974359,-16.93123173076923
14,15,15.99,13.308333333333334,1.9163764172335602,13.177471655328798,-9.804831292517006
15,16,19.18,11.92886835443038,7.356655696202531,9.071334177215189,-16.486461012658225
