,cluster_id,curvature,x,y,z,average_potential
0,1,19.24,-17.69265051903114,-10.856813148788927,29.032484429065747,-7.0740276816608985
1,2,16.8,-15.490529527559056,-9.927435039370078,22.39460433070866,-12.205782480314962
2,3,16.21,-17.040643298969073,-3.866552577319588,19.4242,-8.906344742268042
3,4,-9.55,-12.429021881838075,-1.7304442013129102,14.720857768052515,-10.398989496717725
4,5,12.74,-8.31061824953445,-8.116113594040966,16.49057355679702,-13.011715456238361
5,6,-12.84,-9.138016713091922,-5.565005571030641,7.372389972144847,-13.485284122562677
6,7,19.11,-7.186341968911917,-2.377362694300518,2.045103626943005,-10.666432124352331
7,8,19.04,-0.8166852589641435,-3.059621513944223,8.186645418326693,-15.734350199203186
8,9,20.33,-2.4988576512455514,-2.751989323843416,13.257544483985765,-12.77545302491103
9,10,16.0,-7.150403800475059,2.2322327790973873,9.181985748218528,-11.607085510688837
10,11,17.78,3.5406722488038276,6.278370813397129,-4.089901913875598,-15.010562200956935
11,12,17.64,6.901406882591093,-1.5320688259109314,-4.2708076923076925,-13.542377327935222
12,13,14.92,5.30164271047228,1.6049466119096512,4.117521560574948,-16.277810882956878
13,14,14.75,-2.0337617079889805,1.1703608815426998,-1.5504669421487605,-12.341962534435263
14,15,14.88,13.259150905432593,8.651460764587524,-18.879786720321935,-8.704006639839035
15,16,-13.65,11.411816582914573,7.879454773869347,-12.646391959798994,-14.683528140703519
16,17,14.41,15.274714104193139,0.6056709021601016,-12.958406607369758,-9.338522236340534
17,18,13.23,9.772220400728598,3.294768670309654,-7.535765027322404,-16.020313661202188
18,19,14.67,11.321039735099339,12.556455298013246,-25.095981788079467,-8.587214238410597
19,20,-20.93,-0.4012165898617512,17.105373271889402,-27.98249769585254,-7.706394930875576
20,21,-13.47,7.124820128479658,16.61461241970021,-29.203642398286938,-9.66053147751606
21,22,15.0,0.8166866096866094,18.7815754985755,-43.218849002849,-4.348983760683761
22,23,12.34,-6.206941087613293,22.869527190332327,-47.26838066465257,-4.160462839879154
23,24,-17.47,-3.690522033898305,22.389871186440676,-36.31985423728813,-4.908640677966102
24,25,19.06,9.382280442804428,17.795129151291512,-36.6579667896679,-4.342922140221402
25,26,15.14,2.3063092783505152,17.48404381443299,-34.9165618556701,-8.991438659793815
