,cluster_id,curvature,x,y,z,average_potential
0,1,13.67,-2.3385610465116278,-1.0546715116279068,11.642162790697673,-13.337299127906975
1,2,15.68,-4.0105422343324255,4.438108991825613,12.876117166212534,-15.160394005449591
2,3,17.06,3.1216107382550335,7.080057046979865,18.42408724832215,-6.3771563758389265
3,4,-15.18,-0.8963585858585857,10.192275252525253,10.499247474747474,-16.207539898989904
4,5,18.36,5.170834437086093,7.00619867549669,11.094649006622516,-13.313732781456952
5,6,12.11,1.8531855203619902,10.63828959276018,-3.9069140271493215,-16.57421402714932
6,7,22.05,2.7630355029585796,11.099005917159763,3.9251834319526626,-19.05050621301775
7,8,-6.78,-3.2895749235474008,7.8009602446483175,1.399033639143731,-21.04997247706422
8,9,16.03,3.662214285714286,-1.2744897959183674,5.93413469387755,-21.549982040816328
9,10,-10.88,-4.3570241545893715,-0.3036425120772945,1.835231884057971,-23.485172463768116
10,11,15.03,-7.806108695652173,-18.188908212560385,2.864190821256039,-7.55031690821256
11,12,-12.78,-10.646826018808778,-14.52735736677116,-1.9164388714733545,-10.650905329153604
12,13,-13.16,-7.30455323590814,-13.218102296450938,9.03079331941545,-8.237665762004177
13,14,-14.94,-3.578328413284133,-6.876645756457564,4.797937269372694,-15.835112915129152
14,15,12.79,-0.5315358208955222,-10.990614925373135,7.538222388059701,-10.846325671641793
15,16,-10.72,-8.284960585585585,-7.2422218468468476,-6.664061936936937,-14.369108783783783
16,17,17.18,3.7171854166666667,-5.438758333333334,-3.797881249999999,-16.158532708333333
17,18,14.48,-2.631289655172414,1.14056,-9.145026206896553,-15.719794068965518
18,19,15.31,-2.6574608938547484,28.053530726256984,-18.948279329608937,-4.71937374301676
19,20,-12.82,-3.120754946727549,19.671114155251143,-15.577727549467275,-7.239349315068493
20,21,-10.97,-1.165944318181818,9.589,-12.868039772727272,-16.59431534090909
21,22,25.44,11.141834101382488,-1.5539447004608296,-1.7050460829493088,-21.137696774193547
22,23,-13.64,7.715687150837988,4.136737430167597,2.224932960893855,-23.619558659217876
23,24,26.39,9.801457446808511,3.968505319148936,-14.067494680851063,-10.855213829787234
24,25,15.29,10.210753768844222,-0.740753768844221,-9.490871859296483,-16.812922361809047
25,26,14.14,9.761177133655394,10.178077294685991,-8.967014492753622,-17.795654428341386
26,27,16.54,12.398432989690724,6.743711340206187,-2.911340206185567,-17.47855335051546
