,cluster_id,curvature,x,y,z,average_potential
0,1,14.84,19.74195264623955,4.33175208913649,-14.53749582172702,-8.301469080779945
1,2,12.27,19.738456702253856,-2.6086465005931196,-13.381310794780545,-9.9429290628707
2,3,14.37,5.67341225626741,1.031782729805014,-3.6037632311977714,-9.497123955431753
3,4,17.2,8.264024163568774,0.9477918215613383,5.455308550185874,-13.124554460966543
4,5,-2.67,0.8002587412587413,2.8719580419580417,3.8399930069930073,-13.653878321678322
5,6,11.08,3.568296992481203,-3.2775338345864666,1.8317443609022555,-10.187021428571429
6,7,12.59,14.247685772773798,2.0082927328556806,-6.641839303991812,-12.880107676560899
7,8,21.15,13.655240259740257,5.058431818181818,2.212003246753247,-12.029721103896103
8,9,21.94,12.630667630057802,-3.486164739884393,0.11421676300578036,-11.859943641618496
9,10,14.63,-1.1533487179487178,5.0409525641025645,13.0087,-14.281749743589744
10,11,21.71,4.858643051771117,0.539700272479564,11.077550408719347,-15.693183378746596
11,12,17.8,-1.454107456140351,-3.9740131578947366,8.536116228070176,-10.44793552631579
12,13,11.72,-13.562931746031747,-3.742260317460317,20.161858730158734,-14.900481746031746
13,14,15.64,-16.496737777777778,-1.4183881481481482,24.352266666666665,-10.568553185185186
14,15,21.69,-8.91811455108359,-6.222433436532507,16.131628482972136,-11.68956253869969
15,16,12.63,-2.9486640159045723,-2.5589662027833002,19.671280318091448,-11.052558648111331
16,17,15.49,-9.189784722222223,4.225232638888889,19.10954513888889,-9.774945138888889
17,18,12.34,-8.15807512953368,0.9882875647668393,12.98837305699482,-15.820018911917098
