,cluster_id,curvature,x,y,z,average_potential
0,1,19.38,-7.031461538461538,1.518196923076923,-0.8157723076923076,-14.99464246153846
1,2,20.14,-1.2969583333333334,-0.37073214285714284,4.4224613095238094,-15.999261607142857
2,3,22.36,0.9994281045751634,-2.010843137254902,-2.4410228758169934,-14.320371241830067
3,4,11.82,2.047420792079208,8.970363861386138,2.621024752475247,-21.32623465346535
4,5,-1.38,6.872828402366863,-0.05087573964497041,1.510786982248521,-22.568765088757402
5,6,22.19,2.823515625,3.6417812499999997,8.148265625,-14.615496875
6,7,-13.86,9.12372437357631,8.345209567198177,10.234751708428245,-19.727515489749432
7,8,21.0,12.711180379746835,16.907876582278483,7.902689873417722,-15.508979746835445
8,9,16.88,15.510330960854093,12.36341637010676,4.376932384341638,-15.053074733096087
9,10,22.46,9.985742296918767,16.03581232492997,-1.520168067226891,-16.5945974789916
10,11,12.43,6.248345403899721,15.020551532033428,4.368579387186629,-19.308091922005573
11,12,-12.68,7.770646892655368,10.95333615819209,-5.708214689265537,-32.138433192090396
12,13,11.89,3.789367458866545,4.408148080438757,-6.990963436928703,-18.88325283363803
13,14,12.1,15.270700223713648,5.003308724832214,3.696599552572707,-19.67501946308725
14,15,12.78,13.254520792079207,5.127289108910891,-4.3348277227722765,-13.645591287128711
15,16,16.13,-26.134827852998065,-23.163346228239845,-3.8842301740812384,-6.310527659574468
16,17,16.09,-22.377524475524478,-18.215604895104896,-5.520860139860139,-8.938503146853147
17,18,13.26,-26.300945402298847,-16.079005747126438,1.069376436781609,-10.622023563218391
18,19,23.77,-37.8854534883721,-22.59475,1.903296511627907,-3.581074418604651
19,20,11.16,-30.647493023255816,-17.511595348837208,-4.601623255813954,-9.14776
20,21,-13.15,-34.277184444444444,-15.824966666666667,-0.22651333333333337,-8.022806666666666
21,22,11.01,-12.927752380952382,-8.997659523809524,-3.0883809523809522,-10.93891880952381
22,23,12.69,-9.181015228426396,-4.166294416243654,-3.2390812182741113,-12.748794416243653
23,24,13.11,-13.63837610619469,-3.7946327433628313,1.9627492625368734,-10.88679041297935
24,25,8.94,-17.42564684684685,-14.586540540540541,0.9789513513513514,-10.591765585585584
25,26,12.06,-22.29876246334311,-8.083595307917887,1.0456392961876833,-11.116024340175953
26,27,8.85,-22.715638036809814,-11.503717791411043,-4.933144171779141,-10.38520828220859
