,cluster_id,curvature,x,y,z,average_potential
0,1,9.12,-0.45929310344827573,14.650943965517243,-7.200693965517242,-9.357969396551724
1,2,9.34,-0.6956614173228348,7.0046614173228345,-11.32914566929134,-20.015497637795278
2,3,20.03,8.86785994397759,4.845016806722689,-8.1502268907563,-12.036747058823527
3,4,25.77,4.56799111111111,10.753226666666666,-4.231066666666667,-14.767021777777776
4,5,18.56,4.0741313432835815,11.538486567164178,-11.674008955223881,-11.266169253731343
5,6,17.9,-8.422873508353222,2.6194630071599048,8.455448687350835,-10.216055608591885
6,7,16.43,-12.35944155844156,8.124813852813853,3.749367965367965,-15.772503030303033
7,8,10.37,-15.76508203125,2.06535546875,3.0487890625,-17.963645703125
8,9,15.07,-13.978856223175965,-6.912650214592275,-1.6826008583690988,-14.660204506437768
9,10,21.74,-18.579136000000002,-4.957258666666667,2.735381333333333,-11.0341632
10,11,8.97,-13.386543352601159,-4.73336416184971,7.299893063583815,-10.69786069364162
11,12,-2.01,-2.9089869791666665,7.8502265625000005,0.03637499999999997,-28.096269010416666
12,13,9.23,-9.036071428571427,9.720682539682539,-9.450436507936509,-17.682449206349208
13,14,19.97,-8.576700404858299,13.789558704453443,-2.664141700404859,-12.507823886639676
14,15,17.34,-14.669557798165137,6.214994495412844,-5.598519266055045,-16.802491926605505
15,16,25.22,-11.262467048710603,3.439154727793696,-13.996848137535816,-14.547920630372493
16,17,-4.85,-5.240125,-0.19989224137931033,-13.04964224137931,-28.371934482758615
17,18,14.63,-12.645671875000001,-5.550482142857143,-10.8299375,-16.136637276785713
18,19,18.38,-6.004986754966887,-10.425751655629137,-6.236129139072848,-13.804726821192054
19,20,7.95,-1.8483466334164587,-6.549613466334165,-8.91380548628429,-18.052395760598504
20,21,-15.04,-2.102575692963753,-3.63355223880597,1.851505330490405,-20.563363113006396
21,22,16.47,3.751811688311688,0.8760941558441558,-4.151930194805194,-21.75189480519481
