,cluster_id,curvature,x,y,z,average_potential
0,1,-14.2,-8.86326459143969,11.270795719844358,18.3413813229572,-13.564158560311286
1,2,11.23,-9.086104930467762,19.162625790139064,22.276864728192162,-7.807397471554994
2,3,17.25,-15.392650602409638,12.956142570281123,8.904154618473896,-17.03974096385542
3,4,-11.81,-11.375352765321376,15.577225710014948,2.4901300448430495,-12.734782959641255
4,5,11.24,-12.844149939540507,4.4145574365175335,14.73897339782346,-12.635311729141476
5,6,16.12,-13.948715277777778,4.230655092592593,7.441731481481481,-16.24703449074074
6,7,13.74,-11.419254945054947,6.5543560439560435,2.569567032967033,-16.14253120879121
7,8,17.91,25.118738351254475,-7.763215053763441,-4.2607670250896055,-4.695481720430108
8,9,16.72,21.44653056234719,1.0111540342298286,-8.109105134474326,-7.478788508557456
9,10,-14.24,17.209357913669063,-4.945746402877698,-3.1961816546762587,-11.0554059352518
10,11,-11.09,14.27178856152513,0.6197383015597921,-6.184445407279029,-12.709145580589254
11,12,11.56,10.162145077720206,-5.976949481865285,-13.98360103626943,-10.3824835492228
12,13,-15.14,4.006555555555555,1.5525162037037037,-16.148699074074074,-10.832742824074073
13,14,12.65,9.620902857142857,6.214491428571429,-20.179354285714282,-8.707818
14,15,16.06,7.468112021857923,-6.633151639344262,-3.161234972677596,-12.851030464480877
15,16,-14.83,5.800873315363881,4.332253369272237,-2.4808463611859843,-12.520798113207546
16,17,17.31,9.864433070866141,0.23439107611548557,0.7555774278215223,-12.458561942257218
17,18,15.31,-6.133638766519824,-4.991200440528635,6.980546255506608,-8.899097356828193
18,19,20.11,3.933556363636364,2.2329672727272727,6.336203636363637,-11.021569454545455
19,20,15.38,-0.18729711375212227,-1.1070526315789473,1.0030865874363328,-14.528140577249577
20,21,17.76,1.7408927835051549,-6.155626804123712,4.31640618556701,-11.087971340206186
21,22,13.86,-11.973325648414987,1.7738948126801153,-13.010838616714699,-7.634191066282421
22,23,12.19,-14.686214904679376,0.44763951473136915,-4.896786828422877,-8.779856499133448
23,24,-12.53,-7.378077170418008,9.148196141479099,-18.415974276527333,-7.2355723472668805
24,25,-11.8,3.518875766871165,14.875167177914111,-14.57230828220859,-9.27532653374233
25,26,-10.66,-3.035978062157221,16.156840950639854,-16.45046800731261,-9.861543327239488
