,cluster_id,curvature,x,y,z,average_potential
0,1,-13.44,-17.101629166666665,-5.665616666666667,19.696916666666667,-12.711871666666667
1,2,14.33,-19.302572504708095,-4.6761544256120535,24.544832391713747,-10.0827934086629
2,3,21.27,-11.930809061488672,-0.09451132686084145,10.291983818770227,-10.444287055016181
3,4,-15.04,-12.486555555555555,-3.0059027777777776,16.578805555555558,-8.808950277777777
4,5,16.78,-15.048486935866984,-8.3751567695962,12.697743467933492,-6.721454156769597
5,6,11.72,-17.57500430107527,-19.30084946236559,40.91573333333333,-5.832864731182797
6,7,21.32,-29.64775486381323,-14.844618677042801,35.93894941634241,-7.0463719844357975
7,8,14.75,-22.868506796116506,-14.504332038834951,32.51123689320388,-7.661420970873786
8,9,12.51,-29.4843147632312,-4.614649025069638,25.381050139275768,-9.677485515320335
9,10,12.86,-29.11221181556196,-12.492515850144093,26.427757925072047,-10.976036311239193
10,11,15.82,-2.763329113924051,4.0651658227848095,7.071972151898734,-10.954098354430382
11,12,20.11,-4.664277542372882,4.531908898305085,13.423843220338982,-9.429297669491525
12,13,16.42,2.178880222841226,4.22,3.61433983286908,-12.398933147632311
13,14,14.29,5.490929292929293,6.727098124098124,-0.83911544011544,-9.11428759018759
14,15,9.88,10.652144680851064,5.891153191489361,-5.752848226950355,-10.489514184397164
15,16,-11.63,14.457215970961887,9.87491833030853,-11.679887477313974,-9.183869691470054
16,17,-11.14,15.360436873747496,2.4886492985971937,-13.062977955911823,-8.850485971943888
17,18,13.99,21.803188095238095,5.21185,-13.962804761904763,-10.460519047619046
18,19,12.35,19.166189024390242,9.357018292682927,-21.13441869918699,-8.604099390243903
19,20,11.75,26.565101761252446,9.700481409001958,-22.195594911937377,-10.529334050880626
20,21,12.99,25.40980977312391,17.501342059336825,-23.25552006980803,-5.770430715532286
