,cluster_id,curvature,x,y,z,average_potential
0,1,12.93,0.9435407554671967,10.59551888667992,-32.42170576540755,-9.457348906560636
1,2,13.23,-5.492468652037617,9.418097178683386,-28.709394984326014,-9.336967398119123
2,3,12.64,5.265143302180685,2.229461059190031,-17.13803271028037,-7.861606697819314
3,4,13.11,-0.7732997118155619,-2.9726628242074926,-22.352328530259367,-9.684498847262248
4,5,15.49,-4.421720394736842,1.0905493421052632,-24.55437171052631,-11.607019736842105
5,6,17.56,9.819003350083753,3.298926298157454,2.525252931323283,-11.483633165829145
6,7,13.0,4.330103174603175,5.364252645502646,6.263750000000001,-11.90308835978836
7,8,13.89,10.068807095343681,0.2899024390243903,-12.281900221729492,-8.795596008869179
8,9,11.74,7.714328813559321,2.893915254237288,-6.0084813559322034,-8.015168813559322
9,10,12.43,-25.573771812080537,3.046947986577181,33.89926174496644,-8.938781375838925
10,11,10.17,-21.215874799357945,8.345064205457465,36.451842696629214,-8.152620866773676
11,12,22.26,-36.238863207547176,11.073985849056601,41.571221698113206,-6.635280188679245
12,13,10.55,-28.220107049608355,7.528453002610966,40.96571671018277,-8.50477493472585
13,14,15.02,-29.915996563573884,6.209876288659794,46.98390034364261,-5.6968470790378
14,15,22.05,-3.087166281755197,3.6426281755196306,7.735145496535797,-10.381453117782911
15,16,16.03,-8.039546261089988,0.3387782002534855,12.026629911280102,-5.634324841571609
16,17,-10.83,-15.32223358778626,-0.7270183206106872,17.549580152671755,-8.287322595419846
17,18,17.29,-17.864476340694004,1.072801261829653,24.63089589905363,-11.932043533123029
18,19,-13.22,-18.91236041666667,3.0788083333333334,29.482139583333332,-11.163335208333335
