,cluster_id,curvature,x,y,z,average_potential
0,1,9.84,-26.311635294117643,3.471905882352941,17.28900392156863,-8.612381699346406
1,2,19.18,-17.05527602905569,5.017234866828088,19.977263922518162,-15.986846489104117
2,3,15.72,-17.430283870967745,5.032475268817205,13.401819354838711,-15.39439827956989
3,4,16.56,-5.084946788990825,15.766115596330277,6.947699082568808,-12.91862990825688
4,5,15.38,-11.55617472118959,10.364602230483271,3.343944237918216,-16.8250531598513
5,6,-12.67,-5.439583561643835,8.20158904109589,1.3707260273972603,-13.814552876712332
6,7,11.6,-11.889443956043957,1.8304593406593408,3.5922307692307696,-11.321744835164836
7,8,14.76,-12.091931818181818,-2.1898863636363637,10.828857438016527,-15.451809710743802
8,9,14.2,-6.936217218543047,4.042459602649006,18.052319205298012,-12.250256291390727
9,10,12.14,-4.70528510638298,5.497348936170212,8.999982978723404,-19.819282127659573
10,11,-16.08,-9.046193548387096,11.46974193548387,11.64943870967742,-23.89137806451613
11,12,25.73,12.225277777777777,6.020851851851852,-4.164932098765433,-10.693997530864197
12,13,16.36,14.582528967254408,0.6312770780856423,0.5129999999999999,-11.262764483627201
13,14,18.59,14.839228013029317,4.679452768729642,-9.213048859934853,-11.254557003257327
14,15,12.32,11.93707413509061,-1.9066112026359145,-7.193560131795716,-10.974667215815485
15,16,14.43,1.2476270627062707,7.889320132013201,3.871678217821782,-12.741970297029702
16,17,13.29,7.270557939914163,6.524393419170244,-0.8851530758226037,-10.884647496423462
17,18,14.14,6.299571428571429,2.239489795918367,-35.03889795918368,-5.588961852433281
18,19,21.14,11.562626050420167,-5.10403781512605,-30.79767226890756,-7.196123109243698
19,20,12.19,6.040783783783783,0.8685945945945944,-26.947054054054053,-7.528292972972972
20,21,19.82,18.227,-4.352588477366255,-13.22485185185185,-14.496447325102881
21,22,18.8,16.31613125,-9.474006249999999,-18.10293125,-5.157424375
22,23,12.45,10.032179357021997,-0.8288054145516076,-21.562876480541455,-9.28677546531303
23,24,-14.96,11.160529411764704,-2.9901809954751126,-15.391126696832579,-11.948509502262445
24,25,15.32,17.320957934990442,0.9022428298279159,-17.818757170172088,-8.162688527724667
