,cluster_id,curvature,x,y,z,average_potential
0,1,14.14,-20.987643373493974,18.897787951807228,26.54022891566265,-11.639054216867471
1,2,-16.61,-14.218942073170732,21.441149390243904,23.519423780487802,-7.6891439024390245
2,3,15.23,-18.673117302052788,25.937812316715544,28.44265982404692,-5.559243401759532
3,4,19.21,-20.304224409448818,14.387358267716536,21.98797244094488,-11.214558661417325
4,5,14.8,-23.67253737373737,12.57279393939394,16.09039797979798,-9.647208484848486
5,6,16.66,-16.419020304568527,9.551162436548223,17.567484771573604,-10.269978934010153
6,7,13.65,-19.202841739130438,4.960340869565218,13.184758260869565,-9.391716173913045
7,8,19.35,8.572996794871793,14.113971153846151,-19.669285256410255,-10.913189743589745
8,9,-10.21,6.827395189003437,11.788769759450172,-12.035898625429553,-9.626757044673539
9,10,11.57,-0.7711122302158273,5.6395870503597125,-13.32672949640288,-11.453918417266186
10,11,15.26,4.563432038834952,7.643033980582525,-17.395700647249193,-11.726283495145633
11,12,15.92,-5.922510204081632,2.9371591836734696,-8.364865306122448,-8.114802857142857
12,13,14.25,2.0446240458015263,-1.2438492366412215,-8.796062977099238,-9.134449045801528
13,14,19.52,-5.2429119638826185,-5.33400677200903,-3.551571106094808,-12.102887358916478
14,15,18.16,-1.3116695501730105,1.2823477508650518,-0.7061522491349481,-11.582614878892736
15,16,18.74,-3.806014035087719,-10.497610526315789,8.964305263157895,-8.219025614035088
16,17,17.43,-0.930073482428115,-6.548367412140574,4.211546325878594,-9.909254952076678
17,18,19.9,-8.430211864406779,-7.59901906779661,3.923622881355932,-11.878594491525424
18,19,14.48,-9.273384223918574,-1.2581857506361322,5.921661577608142,-12.630840712468196
19,20,-11.97,-13.584654736842104,0.7774947368421053,10.219812631578948,-10.781904842105265
