,cluster_id,curvature,x,y,z,average_potential
0,1,13.71,8.794550128534704,-5.299046272493572,-11.656727506426737,-8.356817223650385
1,2,15.23,4.692850253807107,-1.8421065989847716,-5.808109137055838,-9.574865736040609
2,3,19.56,5.883178707224334,6.337828897338404,-7.164277566539924,-9.132196958174905
3,4,18.79,2.4130066964285715,2.404506696428571,-13.442513392857142,-10.148561160714285
4,5,-5.01,13.71219801980198,2.225574257425743,-9.422534653465346,-10.29032277227723
5,6,14.08,17.269913559322035,-0.7715220338983051,-13.929171186440676,-11.931899322033898
6,7,18.92,10.9580663507109,11.117578199052133,-14.361928909952608,-5.532115165876777
7,8,17.43,11.793034201954399,4.276845276872964,-16.65142019543974,-16.732441530944627
8,9,9.08,-11.392922891566265,-1.1216072289156627,15.279901204819277,-10.824850602409638
9,10,12.51,-13.030941441441442,5.960331831831832,13.796487987987987,-11.421254654654653
10,11,16.22,-15.958966850828729,1.6891878453038673,20.33924861878453,-13.447696869244936
11,12,-14.98,-21.496500000000005,4.419192307692308,22.087203619909502,-9.905586877828053
12,13,15.21,-5.055761609907121,7.1692229102167175,6.298625386996904,-10.119449845201238
13,14,16.17,-5.324390977443609,2.746251879699248,10.605635338345865,-11.796603383458645
14,15,13.08,-10.288630859375,-0.622830078125,6.743792968749999,-10.618955078125
15,16,17.8,-2.7323316912972087,7.285538587848933,-5.167078817733991,-10.704521182266012
16,17,23.94,3.3014522968197877,2.794222614840989,-0.4542544169611307,-11.032259363957596
17,18,24.82,0.6154463519313302,0.5596051502145922,4.826733905579399,-9.645838197424892
18,19,19.59,-5.186345864661654,0.27740100250626565,-0.9982857142857143,-9.337350877192982
