,cluster_id,curvature,x,y,z,average_potential
0,1,24.34,14.218688034188036,3.9677051282051283,-2.754636752136752,-16.499322222222222
1,2,14.31,11.880344370860927,-3.3872781456953645,-5.789105960264901,-19.67868940397351
2,3,20.63,8.661094202898552,-6.067871980676328,-1.6174734299516909,-25.749924879227052
3,4,-3.1,11.918192052980132,-3.8700364238410594,1.872937086092715,-12.522383443708609
4,5,19.55,3.5772745098039223,-8.244683006535947,1.9070522875816993,-11.911188888888889
5,6,-15.68,1.5717861842105263,0.5422269736842105,3.709644736842105,-32.02884934210526
6,7,-12.71,7.038222222222221,3.181333333333334,1.375577777777778,-29.840176111111113
7,8,15.88,0.202925187032419,4.307456359102244,-12.727528678304239,-24.627591521197004
8,9,19.34,6.682305194805194,-2.7773896103896103,-12.064610389610388,-22.671225974025973
9,10,-8.67,8.654790361445784,5.16870361445783,-11.485055421686749,-22.498430120481927
10,11,13.85,-1.8892343749999998,12.440598214285714,-6.22196875,-15.92291830357143
11,12,14.59,3.0111640625,11.22788671875,1.6985625,-14.488008984375
12,13,21.41,4.258993902439024,11.580024390243901,-10.081170731707317,-12.06115487804878
13,14,5.23,7.830588815789473,10.077684210526316,-3.8726315789473684,-15.546844407894739
14,15,-10.95,-10.92179090909091,2.851641818181818,-3.8351054545454546,-16.533941090909092
15,16,12.64,-9.916905405405405,7.348054054054054,3.7149729729729732,-19.619443243243246
16,17,-14.95,-4.577833333333333,6.880258928571428,0.7780744047619047,-32.12717857142857
17,18,21.59,-2.0591145833333333,-2.2489322916666663,-12.438223958333333,-16.509444791666667
18,19,16.78,-3.592862232779097,-4.097099762470309,-7.062444180522565,-20.8635458432304
19,20,20.27,-13.089524271844663,-5.315577669902913,-1.1075728155339803,-8.966413106796116
20,21,14.58,-4.7732759740259745,-7.9781818181818185,-1.420603896103896,-15.18174383116883
21,22,20.81,-14.026930463576159,1.2402913907284767,10.154986754966886,-13.191062582781456
22,23,14.32,-17.828582746478872,1.6113732394366198,5.410679577464789,-11.944345598591548
23,24,14.73,-5.505514579759863,2.4014065180102917,9.839679245283017,-19.557992795883365
24,25,21.87,-8.00536655948553,-3.88132154340836,14.895199356913182,-10.426176848874597
25,26,25.27,-2.9006073298429325,-4.786209424083769,5.6758010471204186,-18.312214659685864
26,27,-14.11,-9.112139682539683,-4.810244444444445,6.570428571428571,-18.885813650793654
