,cluster_id,curvature,x,y,z,average_potential
0,1,12.32,-40.45865478119935,11.682901134521881,44.42917179902755,-8.592275040518638
1,2,16.06,-32.447997282608696,11.798782608695653,42.71302173913043,-14.022843750000003
2,3,11.97,-32.099843687374744,6.123825651302606,39.419094188376754,-10.748509218436874
3,4,20.82,-33.94531012658228,7.2093670886075945,32.7961835443038,-8.017733544303796
4,5,13.17,-27.273174479166666,4.681114583333334,35.521208333333334,-8.000776041666667
5,6,25.18,-24.08795061728395,-5.022703703703704,31.125580246913586,-3.362624074074074
6,7,-19.27,-22.629222748815163,8.165862559241706,27.256284360189575,-4.947911848341231
7,8,-13.57,-24.44569197396963,1.782603036876356,29.650583514099782,-9.812724511930588
8,9,15.61,-12.776429467084638,6.146495297805642,15.716040752351095,-8.823177742946708
9,10,14.42,-12.41309925093633,1.234367041198502,20.38891947565543,-11.861787265917604
10,11,-14.43,-21.915347721822545,3.1684532374100716,16.59991606714628,-11.052421582733814
11,12,13.68,-19.641738461538463,-1.1258346153846155,21.835842307692307,-11.113314807692309
12,13,12.6,28.166139414802064,-11.349222030981066,-6.38625817555938,-13.120595180722892
13,14,15.79,43.4018165374677,-21.09735400516796,4.441005167958656,-4.526577777777778
14,15,17.63,36.73902425876011,-20.70123180592992,1.4620970350404312,-7.829190026954178
15,16,-13.15,33.640375262054505,-16.038645702306077,-3.0580733752620546,-7.751932075471698
16,17,15.87,-2.272234732824427,-0.48207442748091606,-6.14029961832061,-10.856026526717557
17,18,17.91,-3.397178738317757,0.700144859813084,0.29839953271028036,-10.015099883177571
18,19,13.12,-16.67040882917466,0.03079270633397325,11.12896737044146,-9.516443186180421
19,20,13.69,-8.75561188118812,1.4971069306930693,10.39712673267327,-9.950982376237624
20,21,14.99,-9.7820790960452,-1.3410692090395482,4.324621468926553,-9.520920621468926
21,22,11.68,20.542164625850344,-0.9068353741496599,-18.20357006802721,-10.949827346938775
22,23,11.62,23.23054370629371,-4.331716783216783,-11.227318181818182,-7.350733041958042
23,24,11.87,14.315810126582276,6.526982738780207,-21.478126582278477,-10.30604913693901
24,25,12.45,6.823884529147982,4.459406950672646,-15.76813004484305,-13.49523139013453
25,26,16.3,-0.7279263157894735,-0.8805999999999999,-13.861926315789473,-15.877307789473685
26,27,10.52,4.262416,0.628336,-10.8090304,-16.187161120000003
