,cluster_id,curvature,x,y,z,average_potential
0,1,18.17,1.6612591006423982,0.6599293361884369,-2.3147815845824415,-15.03568886509636
1,2,14.06,7.135157549234135,-3.56872647702407,-1.466148796498906,-12.700253391684901
2,3,11.12,3.1946296296296293,-7.241421296296296,-9.512594907407406,-10.735513657407408
3,4,13.9,4.018862790697675,-1.0225511627906976,-15.008918604651162,-12.162317674418604
4,5,12.51,9.221687898089174,-2.580359872611465,-11.284928874734605,-10.244993418259025
5,6,17.22,-24.33628382838284,-5.83770297029703,32.956699669966994,-5.918099339933994
6,7,17.98,-15.530195783132529,3.1053313253012043,29.491298192771087,-6.703217168674699
7,8,10.92,-19.777683001531397,-1.2024532924961715,26.875032159264933,-8.667721745788667
8,9,14.7,2.5561747211895915,1.235360594795539,9.785546468401487,-16.542560966542748
9,10,22.5,-3.021403022670025,-1.362405541561713,10.135478589420655,-15.288466246851385
10,11,19.5,0.890186936936937,3.79295045045045,3.568227477477478,-12.147652252252252
11,12,13.44,1.4406987012987011,-4.025316883116884,4.6594701298701295,-14.124970389610391
12,13,12.62,-2.4499922178988327,-3.7386964980544755,16.903937743190664,-11.966161478599222
13,14,16.14,-10.50850502512563,0.6334472361809046,13.646718592964826,-10.852868592964823
14,15,13.54,-12.82614887218045,-2.714072180451127,19.70353684210526,-8.114283609022555
