,cluster_id,curvature,x,y,z,average_potential
0,1,-18.54,-29.41391390728477,-0.6739933774834438,35.31528807947019,-10.258923178807946
1,2,14.27,-29.25790255220418,6.773835266821345,38.58615313225057,-7.818633642691416
2,3,-12.85,-36.6465618556701,0.3738582474226805,38.26360824742268,-6.872821134020618
3,4,11.3,-31.22936005625879,0.5433234880450071,44.43916033755274,-6.040888607594938
4,5,-15.58,-17.37321199143469,1.1333661670235544,27.131248394004285,-11.265073661670234
5,6,10.68,-22.03505946791862,1.2877589984350546,31.09246322378717,-10.096661815336464
6,7,12.57,-25.381216981132077,4.0383452830188675,33.61882075471698,-8.364128867924528
7,8,11.67,8.391043189368771,2.9422491694352155,-15.212287929125138,-8.700377740863788
8,9,14.37,4.345920731707317,-0.8074939024390244,-20.889024390243904,-9.194781097560975
9,10,16.16,-2.5890061919504643,1.1591455108359134,-26.81856346749226,-13.14457708978328
10,11,12.97,-2.1069529652351733,-3.3897382413087938,-23.22951738241309,-10.466122699386501
11,12,-12.28,-1.5578033794162827,8.162445468509985,-33.29810291858679,-10.235951920122888
12,13,15.7,-7.36942885375494,7.205835968379447,-27.87940513833992,-9.193921936758892
13,14,-11.62,-14.894190476190476,-1.420373015873016,18.712666666666667,-8.648948571428571
14,15,14.53,-7.510337362637363,0.3191538461538461,12.357016483516484,-6.01530956043956
15,16,23.53,-3.442580924855491,4.267690751445087,7.703806358381502,-11.538704335260114
16,17,17.52,6.8519344827586215,6.298213793103448,8.973168965517242,-12.993564482758622
17,18,13.39,3.078193832599119,6.834804698972099,3.548164464023495,-10.938430543318649
18,19,13.35,9.05606474820144,4.1543363309352515,-6.86501618705036,-7.59070107913669
19,20,19.57,10.621244741873806,5.907774378585086,1.0353652007648186,-9.522898852772466
