,cluster_id,curvature,x,y,z,average_potential
0,1,22.39,-28.10280373831776,6.7418738317757,37.50576168224299,-3.350092056074766
1,2,13.97,-25.381540364583334,2.155255208333333,31.857052083333333,-7.1696615885416675
2,3,13.95,-12.642368286445016,8.000797953964193,8.297332480818413,-14.261311508951405
3,4,14.28,-9.546258409785933,-1.3805626911314983,10.223521406727828,-14.07407247706422
4,5,9.75,-16.762058997050147,0.06751622418879054,10.312877581120944,-12.605383333333332
5,6,12.03,-22.216830588235293,-2.2733929411764704,26.846077647058824,-8.690545647058823
6,7,13.79,-17.65369417475728,3.059504854368932,23.849626213592234,-12.346805825242718
7,8,-11.01,-23.66049056603774,1.8429487870619945,21.79791913746631,-12.391313477088946
8,9,-8.84,-16.37717321016166,-1.706676674364896,18.059644341801388,-12.84812702078522
9,10,15.84,-22.779132258064514,3.1571322580645163,15.295380645161288,-13.635252903225807
10,11,-9.28,-15.701235087719297,6.363147368421052,17.356438596491227,-11.205796140350877
11,12,17.25,-0.5399138576779027,7.023539325842696,-7.522093632958801,-15.034469662921348
12,13,10.19,2.763679324894515,4.502459915611815,-12.32751476793249,-13.58814599156118
13,14,14.14,0.8905590405904059,-0.4052878228782289,-7.878909594095942,-11.470560701107011
14,15,16.13,-1.6590679611650487,-0.06473786407766989,-1.5124919093851132,-12.492165695792881
15,16,15.04,-5.776197211155379,5.183930278884462,-3.250027888446215,-13.743974701195219
16,17,19.62,-4.284132352941177,-0.31909375000000006,4.939987132352941,-14.250973161764707
17,18,14.77,-11.37963872255489,2.7986746506986027,1.126057884231537,-13.00900119760479
18,19,18.91,12.509691542288557,-3.1567711442786073,-28.886283582089554,-9.536173134328358
19,20,13.27,17.326483606557378,1.7262540983606556,-32.85943852459017,-9.87542950819672
20,21,18.1,16.48785815602837,1.0561702127659576,-41.33691962174941,-9.415254373522458
21,22,14.64,14.288160949868074,7.466934036939314,-36.54100527704486,-7.531473350923482
22,23,14.49,13.311624142661179,4.256673525377229,-24.537550068587105,-12.612469684499313
23,24,-9.96,6.22346123521682,6.859416557161629,-19.53088961892247,-10.768681077529566
24,25,12.34,11.755509615384614,0.09534855769230774,-19.262673076923075,-10.562968028846154
25,26,10.39,6.634645007923931,-1.5625625990491285,-13.800194928684625,-11.026162757527734
