,cluster_id,curvature,x,y,z,average_potential
0,1,17.51,18.79767494356659,-10.590313769751694,-42.7723453724605,-6.896872009029345
1,2,-16.71,23.67901318681319,-7.492582417582417,-35.696125274725276,-7.930796263736263
2,3,14.66,12.64964660493827,-4.908361111111112,-34.08667592592593,-15.090057561728395
3,4,16.07,15.487307407407409,-5.2848851851851855,-39.54487037037037,-8.136408888888889
4,5,-9.38,20.66248936170213,-0.6183525835866261,-34.42972948328267,-9.07700699088146
5,6,-13.43,7.4844126074498565,1.859948424068768,-19.808587392550145,-14.189454727793699
6,7,18.53,3.090463190184049,7.354386503067485,-20.15988343558282,-18.621537423312883
7,8,12.89,-1.9052089041095888,6.753561643835616,-16.73502397260274,-15.914844349315072
8,9,11.58,4.849390022675737,5.50392290249433,-12.811632653061226,-12.2994768707483
9,10,12.31,13.787004132231404,4.476555096418733,-30.133309917355373,-10.152930991735536
10,11,13.73,5.7793981264636995,5.220754098360656,-27.187981264637003,-12.17241756440281
11,12,13.92,9.015079787234043,-2.1864219858156027,-26.40254964539007,-14.932968617021276
12,13,18.73,-13.891544857768052,5.339100656455142,5.603037199124726,-11.214415754923413
13,14,12.08,-9.42146205357143,2.3420312500000002,6.442466517857143,-13.129918526785714
14,15,13.57,0.46144444444444455,6.275861952861953,3.2211851851851847,-13.145343097643096
15,16,20.91,-6.479181008902077,10.496851632047479,3.2566973293768546,-10.873661721068249
16,17,13.1,-3.865770538243626,2.577589235127479,5.152759206798867,-11.183955240793201
17,18,15.16,3.4670139165009943,12.059435387673956,-5.065783300198807,-15.047059840954274
18,19,15.15,5.883819505094614,12.170624454148474,3.038058224163028,-9.35645866084425
19,20,10.86,-4.2123892215568866,10.024301397205587,-3.2059520958083834,-14.191108383233534
20,21,13.15,-3.0309114331723026,6.604219001610306,-8.891322061191627,-13.723091787439614
21,22,12.37,-14.078387045813587,-3.2988388625592417,11.49408530805687,-9.713624486571879
22,23,-11.49,-20.105253658536583,1.3739121951219508,9.2164,-9.030862926829268
23,24,-10.17,-22.354633105802048,-1.0456382252559728,14.266071672354945,-10.730187713310581
24,25,11.48,-33.95945636363636,2.305149090909091,21.56391818181818,-7.608598
25,26,14.28,-30.37047093023256,1.7882073643410852,13.450370155038758,-11.104114728682172
26,27,20.47,-25.68304761904762,-3.057,19.656461904761905,-7.8964333333333325
27,28,13.53,-23.51614779874214,4.727512578616353,19.725509433962262,-9.806608805031445
