,cluster_id,curvature,x,y,z,average_potential
0,1,12.78,0.9793593220338983,3.5170101694915257,-5.959491525423728,-14.458137288135593
1,2,20.46,3.877465625,4.5444125,0.8652468750000001,-10.53102125
2,3,19.61,5.715291208791209,14.257076923076925,-9.376483516483516,-9.61295989010989
3,4,16.67,4.410266019417476,10.251456310679611,-4.121221359223301,-11.85730291262136
4,5,17.24,13.97726935483871,9.021583870967742,-8.674598387096774,-14.696327419354835
5,6,14.37,17.197484513274336,4.349356194690265,-18.030090707964604,-8.226667256637167
6,7,10.58,20.806915678524376,5.511386034255599,-11.841054018445323,-10.542922924901186
7,8,13.17,4.623175438596491,-4.226426065162907,-16.41897493734336,-11.036080200501253
8,9,17.54,12.018849420849419,-8.14596911196911,-10.32450579150579,-9.724207722007721
9,10,14.76,10.81720703125,-7.5342695312500005,-16.97572265625,-11.1092359375
10,11,-3.37,10.231630303030304,-0.21382424242424247,-12.582478787878788,-16.53944666666667
11,12,15.63,5.919331182795699,4.027141935483871,-10.55550752688172,-18.132240430107526
12,13,24.04,10.33009393939394,3.2320424242424246,-18.822936363636362,-15.421578181818184
13,14,14.49,3.591388489208633,2.133786570743405,-19.081906474820144,-9.05473788968825
14,15,17.11,-7.273573913043478,-5.266778260869565,3.681373913043479,-12.332108260869566
15,16,9.65,-9.113556776556775,2.2701208791208787,7.847080586080587,-11.290001831501833
16,17,14.39,-3.044203761755486,1.341294670846395,5.360877742946709,-11.862453918495298
17,18,19.14,-10.028093525179857,0.2631402877697842,-0.20212230215827331,-14.336088129496405
18,19,-14.49,-2.3590953947368423,-1.7419473684210527,-1.6736249999999997,-12.493957894736843
19,20,13.55,-6.603436363636364,4.032010909090909,-4.600703636363637,-12.35646818181818
20,21,14.2,-19.125500000000002,-2.960592050209205,15.180907949790795,-10.264116736401673
21,22,17.76,-10.25793125,-5.824884374999999,12.65726875,-10.2854075
22,23,12.17,-14.911793103448275,-0.8348478701825555,7.809789046653144,-11.557716430020283
23,24,17.39,-10.740160990712075,-14.3822693498452,25.36067492260062,-5.186343034055728
24,25,11.25,-18.36639633027523,-8.729451376146788,15.649025688073396,-13.653319266055044
25,26,14.45,-13.94322511848341,-12.567777251184834,19.455881516587677,-9.362774407582938
26,27,14.82,-19.208530145530144,-16.12914553014553,16.263033264033265,-8.819925779625779
