,cluster_id,curvature,x,y,z,average_potential
0,1,13.77,10.822100313479623,-0.707974921630094,-10.27465830721003,-10.382428840125392
1,2,16.1,9.85486917562724,5.991793906810036,-11.914448028673837,-13.276252150537633
2,3,16.87,10.881026894865526,0.5402811735941321,-17.292904645476774,-9.246510757946211
3,4,17.67,3.1622872062663183,2.260822454308094,-15.891644908616188,-8.933239686684074
4,5,14.72,-11.734331360946745,3.389557692307692,3.2275251479289944,-6.706230621301775
5,6,-14.79,-6.774371517027862,7.777910216718268,0.7391145510835914,-10.287680495356037
6,7,14.55,-5.22555291005291,5.766161375661375,7.125661375661376,-5.426797089947091
7,8,15.25,-2.539586274509804,3.8047372549019607,-0.9819058823529412,-10.55890549019608
8,9,20.87,5.363554421768709,4.396527210884353,-4.254989795918367,-10.192581462585034
9,10,17.94,-0.8431246537396122,5.89673268698061,-7.50547783933518,-12.409474792243769
