,cluster_id,curvature,x,y,z,average_potential
0,1,-14.78,-9.85970612244898,4.091542857142858,14.989408163265304,-11.568666938775511
1,2,12.0,-13.241927419354838,-2.013779569892473,11.347704301075268,-8.463759139784946
2,3,15.31,-18.889193779904307,4.120519138755981,11.097677033492824,-9.884363397129187
3,4,14.83,-15.882155384615388,3.168467692307692,19.41507076923077,-7.047940153846153
4,5,24.36,-9.13464347826087,-1.0994753623188405,-4.1992376811594205,-10.682230434782609
5,6,21.98,-9.23035661764706,-10.562992647058824,-6.853231617647059,-8.289854411764706
6,7,11.58,-3.831461852861035,-6.443065395095368,-4.778723433242506,-21.153701226158038
7,8,16.9,-3.394908424908425,-0.9766190476190477,10.930772893772893,-12.969147619047618
8,9,-10.02,-9.834993827160496,0.713466049382716,7.592808641975307,-12.412922530864197
9,10,16.38,-3.7087838383838383,6.2373535353535345,4.7169878787878785,-17.04612282828283
10,11,-4.26,-4.091883720930232,-1.8366651162790697,3.4237581395348835,-16.20091906976744
11,12,24.67,3.0756494845360827,-1.7101890034364264,4.1779175257731955,-18.039048797250857
12,13,16.66,7.458663865546218,-5.118871148459384,-2.833198879551821,-16.67388963585434
13,14,-16.52,1.7505777126099706,-4.809829912023461,-6.604961876832844,-26.83489178885631
14,15,18.16,-0.3310544662309368,-3.43018954248366,-14.94685185185185,-12.473420697167757
15,16,14.72,8.554601056803172,-4.602340819022457,-13.102756935270806,-18.789770409511227
16,17,-3.78,-3.9131051454138706,6.010351230425056,-8.442787472035794,-13.617541387024607
17,18,18.14,6.95283435582822,11.379445807770962,-13.253415132924335,-15.51122515337423
18,19,-13.11,2.393560934891486,5.187282136894825,-12.53974791318865,-34.07936160267112
19,20,21.56,10.777960975609757,2.5209121951219506,-12.495414634146341,-22.115043902439023
20,21,-18.59,16.007558490566037,3.803562264150943,-4.212464150943396,-12.443896226415097
21,22,15.65,12.59837627118644,9.509444067796611,-8.209101694915255,-13.446982711864406
22,23,23.46,10.43790159574468,2.0967047872340427,-1.4711117021276594,-22.915057978723404
23,24,16.76,3.0388574999999998,9.8881575,-5.2919525,-27.467338249999997
24,25,18.3,3.4436177777777774,7.551406666666666,0.91362,-26.641205777777778
