,cluster_id,curvature,x,y,z,average_potential
0,1,15.55,-8.179286089238845,-3.7550918635170607,3.9616666666666664,-8.865053543307086
1,2,11.21,-5.1082495344506516,2.555795158286778,2.7481769087523276,-10.859535567970205
2,3,17.9,0.38283861236802424,5.125954751131222,-3.437897435897436,-10.958185671191552
3,4,19.1,-4.530846975088967,-3.9971850533807824,-2.2656014234875443,-8.163605338078293
4,5,23.14,2.977021897810219,-2.303476885644769,-0.6010413625304136,-11.1228301703163
5,6,16.72,-5.917413385826772,-7.665314960629921,9.909602362204723,-8.992851574803149
6,7,9.63,-9.72022244094488,-2.5815551181102365,11.239738188976379,-8.79783720472441
7,8,13.83,-17.441687296416937,5.4393029315960915,16.697198697068405,-9.488127687296418
8,9,14.27,-17.7211464330413,2.0896633291614517,21.825882352941175,-10.767715769712142
9,10,-14.45,-15.323363143631436,-4.130352303523035,18.788292682926826,-9.181054742547426
10,11,-11.77,-13.478661625708886,1.2902211720226844,13.081589792060491,-9.121758790170132
11,12,11.58,10.62778431372549,16.712579520697165,-30.729492374727666,-9.34171459694989
12,13,12.51,15.348057142857142,13.452406593406591,-28.28841098901099,-11.176707912087913
13,14,16.18,12.32332816537468,20.01988372093023,-41.83348062015503,-5.140455813953488
14,15,19.12,12.4310546875,11.639878906249999,-38.566625,-7.475676171875
15,16,14.14,16.385087804878047,19.156860975609757,-34.67233902439024,-8.467503170731707
16,17,16.14,7.873534290271133,1.999323763955343,-5.761141945773526,-11.564865869218503
17,18,27.01,9.254801369863014,2.7385958904109593,-15.063321917808219,-9.198661643835617
18,19,16.63,7.681777580071174,5.7100818505338085,-9.500167259786476,-14.587542882562277
19,20,14.24,13.308950657894735,8.158388157894738,-23.295807565789474,-14.284597697368419
20,21,22.27,17.634230769230772,12.17195951417004,-17.921854251012146,-16.88984210526316
21,22,15.4,10.652067873303167,11.293692307692307,-15.719321266968327,-13.334788687782805
22,23,15.6,16.650470588235294,3.399582633053221,-17.502980392156864,-10.565886834733893
23,24,16.53,17.319799498746864,7.765904761904762,-11.707333333333333,-8.800336842105262
