,cluster_id,curvature,x,y,z,average_potential
0,1,15.09,8.933424354243543,-0.4088154981549815,-12.360527675276753,-7.215568634686347
1,2,12.34,15.589973384030417,-0.9340608365019011,-9.176671102661597,-5.8837389733840295
2,3,13.5,1.7015714285714285,0.8001728571428571,-4.459857142857143,-10.97469357142857
3,4,17.62,9.451021739130436,3.436888198757764,-7.739065217391305,-7.073836956521738
4,5,12.17,7.608676891615542,2.535574642126789,-1.7771165644171778,-11.430898159509201
5,6,17.08,-13.040006993006992,-5.092146853146853,15.562769230769229,-6.365599300699301
6,7,18.05,-3.4791586826347314,-9.697185628742513,8.203251497005988,-9.232603592814373
7,8,24.28,-11.582801324503313,-5.348549668874172,0.8386225165562914,-5.110164900662252
8,9,11.57,-11.653554559043348,-8.116805680119581,8.62086846038864,-8.800474738415545
9,10,16.59,-3.817792531120332,-3.1594751037344397,3.4548734439834026,-16.063579668049794
10,11,17.66,-7.742795238095237,-1.1771714285714288,7.647142857142858,-9.340136904761906
11,12,22.06,1.390483950617284,3.5097061728395063,5.104785185185185,-8.388144444444444
12,13,14.26,4.560550561797753,-3.267682584269663,3.5062949438202247,-13.144028651685392
