,cluster_id,curvature,x,y,z,average_potential
0,1,23.52,-4.666931464174455,-7.3683707165109045,-6.776844236760125,-15.338919314641744
1,2,18.61,-0.9735768421052631,-3.3380715789473685,-3.516945263157895,-41.43962147368421
2,3,24.13,-0.974259493670886,-10.560306962025315,-1.8755189873417721,-12.607452848101266
3,4,13.1,-7.885525073746312,-10.144286135693216,0.1896371681415929,-18.746710029498526
4,5,15.0,-12.490432029795159,-4.677573556797021,-4.367227188081936,-16.242559031657354
5,6,21.42,-6.092173913043478,-0.2763511705685619,7.176729096989965,-11.729373913043478
6,7,20.76,-9.350045751633987,-6.208173202614379,4.009895424836602,-13.67040588235294
7,8,17.05,-4.608374545454545,-8.742494545454544,8.342434545454545,-10.578883636363635
8,9,19.48,3.630941002949853,-2.846566371681416,-15.90909144542773,-7.506094690265487
9,10,19.84,3.849714570858284,0.7240379241516964,-9.118017964071857,-23.698462075848305
10,11,-0.59,2.0695205479452055,-5.19572602739726,3.6730410958904103,-14.557034931506848
11,12,19.65,7.1543171171171185,-3.7135909909909905,-1.7803009009009008,-15.978718018018018
12,13,6.71,-0.19653846153846155,9.817423076923077,-5.710582417582418,-23.73800824175824
13,14,18.8,-3.395068396226415,4.438658018867924,-11.244136792452828,-13.94869174528302
14,15,16.76,-6.627286063569682,11.89420782396088,-2.061909535452323,-13.743276039119804
15,16,-16.76,-10.85323896103896,7.2865688311688315,-6.187753246753246,-12.727630909090909
16,17,16.9,-9.644902083333333,2.854314583333333,-2.0230854166666665,-22.7149975
17,18,24.36,-3.3194601769911505,1.421486725663717,-2.6365914454277286,-56.592460324483774
18,19,-8.41,0.715278735632184,2.789126436781609,3.8352068965517243,-19.939516379310344
19,20,16.36,-0.4823660714285714,8.977783928571428,3.5898017857142857,-18.27305571428571
20,21,17.6,5.975195294117647,13.476774117647059,-1.6815176470588236,-10.328072470588236
21,22,16.35,8.120394944707742,5.884508688783571,-4.375597156398104,-17.93368199052133
