,cluster_id,curvature,x,y,z,average_potential
0,1,24.61,11.496176470588235,-6.805658823529412,-38.988894117647064,-1.679694705882353
1,2,-13.95,14.688784810126583,-4.259097046413502,-32.80337552742616,-6.733632911392405
2,3,17.14,12.30178899082569,13.19081345565749,-23.592070336391437,-12.990502752293576
3,4,14.58,4.7597716666666665,11.516478333333334,-19.589089999999995,-10.139991333333334
4,5,16.71,16.98858187134503,-5.595391812865497,-20.99687134502924,-10.138900000000001
5,6,14.25,14.288756613756615,-1.7911322751322751,-26.04043650793651,-10.530146296296296
6,7,13.49,11.773807439824948,1.3997899343544857,-11.261061269146607,-12.425635886214444
7,8,-10.91,8.401900442477876,4.242214601769912,-15.766526548672564,-13.204978982300887
8,9,15.94,18.05725523012552,7.955050209205021,-20.56173849372385,-12.361515690376569
9,10,-13.21,12.308780898876405,4.1259620786516855,-20.62593820224719,-16.26737247191011
10,11,17.99,-18.589780701754385,2.993453216374269,19.337926900584794,-7.002763450292397
11,12,15.18,-21.31926348547718,-2.800091286307054,15.019296680497924,-6.5838002074688795
12,13,17.08,-13.856632508833922,4.0866325088339215,9.691021201413427,-10.270370671378092
13,14,12.16,-14.727944174757283,-4.477580097087379,8.825111650485436,-8.301206067961164
14,15,14.87,-12.125593684210527,-2.258225263157895,15.659957894736841,-6.721997894736841
15,16,14.24,0.3689667221297837,7.172394342762064,-4.891712146422629,-10.28256173044925
16,17,20.36,4.754356060606061,2.630909090909091,-7.445888257575758,-9.468124810606062
17,18,12.93,-4.962442307692307,4.015724759615384,-1.2583942307692306,-12.728027283653848
18,19,14.85,-11.948771226415095,0.2010495283018868,2.4121816037735853,-9.0138804245283
19,20,12.49,-5.683935379644589,1.9981534733441033,7.43029886914378,-10.696683521809371
