,cluster_id,curvature,x,y,z,average_potential
0,1,-11.8,-6.782453974895398,-5.898859832635983,2.952121338912134,-11.21261569037657
1,2,11.12,-13.423349131121642,-7.5500252764612945,6.03858925750395,-9.404007740916272
2,3,-14.98,-6.844534246575343,-7.176407534246577,9.327020547945205,-11.005599657534246
3,4,-9.95,-10.165655737704917,-9.716714285714286,13.337604215456675,-9.834246838407493
4,5,14.04,-21.321851318944844,-13.942446043165468,22.001287769784174,-10.172537649880095
5,6,12.12,-28.70963613550816,-13.762245922208281,21.918949811794228,-6.7025499372647435
6,7,-10.28,-20.380815080789944,-8.0544039497307,15.600931777378817,-12.208140754039498
7,8,15.21,-15.968601239669422,-14.079235537190083,17.22892561983471,-11.662789462809918
8,9,-10.12,-14.093969555035128,-16.309864168618265,11.583459016393444,-9.297873067915692
9,10,12.76,0.1641756272401434,-0.9430071684587813,-4.519010752688172,-9.580886917562724
10,11,13.56,-2.4145900000000005,-1.8491857142857144,1.834917142857143,-9.718644142857142
11,12,13.2,9.989391252955084,6.679384160756501,-10.531241134751774,-17.09296997635934
12,13,19.86,3.105087392550143,6.202368194842406,-2.7134212034383953,-13.02431776504298
13,14,24.46,4.631644444444444,0.4526095238095238,-10.224396825396827,-12.602720317460317
14,15,-7.27,9.636650793650794,2.990123015873016,-5.1131785714285725,-14.561751190476192
15,16,16.98,40.18310924369747,-1.406466386554622,-12.01505462184874,-8.815007983193277
16,17,16.25,40.8272228739003,-1.2300791788856305,-19.940991202346044,-5.5135486803519065
17,18,-4.55,38.550442731277535,-1.415513215859031,-5.566167400881057,-5.738834801762116
18,19,12.96,36.312846335697394,3.303174940898345,-10.059356973995273,-9.282372104018913
19,20,-15.41,33.64290282131661,-0.350423197492163,-15.54394670846395,-9.398273981191222
20,21,13.4,26.755333333333336,5.145532908704884,-8.506590233545648,-12.954866029723991
21,22,11.56,28.010349911190048,10.5595648312611,-13.535438721136765,-11.639028063943163
22,23,19.55,21.838016736401674,19.033142259414227,-16.389121338912133,-8.16193849372385
23,24,15.37,20.466375224416517,11.34662118491921,-20.10196409335727,-8.90168725314183
24,25,-5.24,18.54500385356455,5.302843930635839,-15.151832369942195,-16.393145472061658
25,26,17.59,11.961958041958042,12.5615,-16.673727272727273,-7.9218660839160835
26,27,15.6,18.011331199999997,12.944881600000002,-10.1582512,-11.80070288
