,cluster_id,curvature,x,y,z,average_potential
0,1,15.11,-5.789719271623672,8.029644916540212,-3.938939301972686,-17.177779666160852
1,2,-14.42,-3.2340985401459856,0.7291715328467153,-4.817328467153284,-15.811193795620442
2,3,12.47,5.6087651663405085,11.637187866927594,-0.823904109589041,-14.749138160469668
3,4,18.8,0.0071113801452784104,12.890561743341404,3.1732324455205814,-18.4728406779661
4,5,18.55,-1.9619885496183205,8.047625954198473,7.854053435114505,-21.317759923664124
5,6,19.71,-1.6407690417690417,3.6024103194103194,2.451022113022113,-25.422128992628995
6,7,12.72,-10.102877126654064,-2.4697107750472593,3.682852551984877,-11.997289792060492
7,8,-14.64,-8.48988409090909,-5.676086363636363,9.525447727272727,-7.699355909090909
8,9,16.17,-4.873484342379958,14.226189979123173,12.186478079331941,-9.706292066805846
9,10,13.99,-9.91931411764706,4.223424705882353,9.198408235294117,-14.80088882352941
10,11,17.12,-11.947356707317072,8.306987804878048,0.8397591463414635,-14.895008536585365
11,12,12.3,-9.65356083916084,11.757332867132869,5.854170629370629,-21.32031314685315
12,13,19.24,10.985888607594935,-9.213278481012658,-7.096908860759492,-9.04464759493671
13,14,17.3,3.2929212962962966,-5.618947530864198,-10.301987654320987,-14.8538
14,15,14.94,4.301711938663746,-2.5766976998904707,1.8848521358159913,-15.67811412924425
15,16,14.07,10.715079881656804,3.2158254437869824,-1.0834201183431953,-14.888465976331359
16,17,16.5,14.944404761904764,-3.2770873015873017,-2.912195767195767,-12.285187301587301
17,18,12.9,12.878481707317073,0.5202134146341463,-7.38269512195122,-15.910253455284554
18,19,14.66,2.669775641025641,14.724953525641025,-13.783559294871793,-9.601034294871795
19,20,17.15,18.03803125,12.102517045454546,-6.133196022727272,-6.7766573863636355
20,21,14.04,12.017011049723758,11.173771639042357,-4.269968692449355,-11.74253020257827
21,22,16.12,10.626527131782947,2.872428294573643,-12.964387596899224,-15.418176162790697
22,23,26.64,4.475921296296296,0.8868703703703704,-9.263148148148147,-23.118356944444443
23,24,17.09,3.6589669724770646,6.074559633027523,-12.936238532110092,-14.202907522935778
