,cluster_id,curvature,x,y,z,average_potential
0,1,14.81,11.338951327433628,-0.9233377581120944,5.274284660766962,-17.492817404129795
1,2,13.32,13.423235294117646,2.5027733564013843,14.749522491349481,-9.469771280276817
2,3,18.6,4.972462151394422,3.468119521912351,14.680159362549801,-13.599389243027888
3,4,12.46,4.598316973415133,8.788208588957053,15.50650511247444,-12.583047239263804
4,5,16.97,-6.886599137931035,6.132048850574712,12.126903735632185,-12.923152873563218
5,6,24.23,-2.4962511627906974,13.266493023255814,9.416711627906976,-11.311709302325582
6,7,-12.51,-1.5137974137931036,4.320633620689655,7.083189655172413,-28.44810129310345
7,8,13.08,-10.341119914346894,5.068779443254818,2.4049914346895074,-13.37681755888651
8,9,16.13,-3.9560305206463195,5.696272890484739,-0.13047576301615796,-24.73749461400359
9,10,-17.89,-8.643616666666667,0.79511,-3.9706300000000003,-16.459
10,11,15.23,-6.422496268656717,-2.585526119402985,1.7141753731343283,-13.277821268656716
11,12,13.1,4.63391235059761,0.9493147410358567,7.483697211155379,-23.846485258964144
12,13,13.98,5.996337288135593,7.672783050847458,4.976361016949152,-16.30606
13,14,20.58,-2.1420483271375463,-2.1162602230483265,6.574204460966542,-14.67064498141264
14,15,-14.41,4.155182089552239,-3.645528358208955,1.3127791044776118,-17.07448776119403
15,16,15.12,14.791282208588957,5.1115357873210625,-9.25794683026585,-10.807960122699386
16,17,-11.98,10.910252818035426,1.5964573268921096,-4.0755201288244765,-13.155565700483093
17,18,24.57,-6.820765182186236,1.8093765182186234,-18.130785425101216,-6.751215789473684
18,19,-14.6,-1.478454005934718,3.0085697329376857,-11.891910979228486,-15.651126112759645
19,20,-13.84,-7.494476595744681,2.4429,-9.764531914893617,-13.77020744680851
20,21,-14.76,4.268462686567164,-0.20295522388059703,-5.109917910447762,-22.389066044776122
21,22,16.24,-0.9443174904942966,0.9732053231939164,-2.7300608365019015,-25.001905513307985
22,23,16.48,7.587408239700374,5.9657265917602995,-10.94338202247191,-16.28326891385768
23,24,18.29,4.093445175438596,0.9022368421052632,-13.336491228070175,-11.751839912280701
