,cluster_id,curvature,x,y,z,average_potential
0,1,21.98,-17.893555045871558,-6.251582568807338,-37.82578899082569,-2.7938793577981644
1,2,-13.28,-18.66307116788321,-3.231082116788321,-31.1687299270073,-8.746401277372263
2,3,-13.95,-17.252898000000002,-4.306114000000001,-25.111092,-7.231927400000001
3,4,16.79,-10.757174174174175,-6.8598978978978975,-17.96202102102102,-7.496606006006006
4,5,14.02,-14.944268888888889,-1.7601666666666664,-18.092522222222225,-6.437033555555556
5,6,-10.97,-12.36740110650069,-5.2386030428769015,-9.327632088520055,-10.480201383125864
6,7,16.65,-13.887349099099099,-8.791362612612613,-3.0318378378378377,-10.565382657657656
7,8,12.3,-9.835078629032257,-7.18830443548387,2.3740524193548387,-10.062329435483871
8,9,16.5,-8.916008403361346,3.1295350140056026,8.219812324929972,-11.209216526610643
9,10,-14.11,-9.469226130653267,-0.537532663316583,2.420155778894472,-14.045636683417085
10,11,15.95,-4.564934042553192,-2.3923297872340425,7.5491063829787235,-10.695324468085106
11,12,23.0,-12.416205673758865,12.55418085106383,4.742836879432624,-9.834206028368794
12,13,14.44,-12.043325,6.481143749999999,3.032725,-10.08991
13,14,-11.02,-4.877755752212389,7.066049557522124,2.414930973451327,-14.500733805309734
14,15,15.11,11.981042313117065,0.3711311706629055,-13.546308885754584,-15.788712129760224
15,16,16.31,5.368568316831683,5.315522772277228,-17.43141584158416,-11.824348712871288
16,17,9.81,3.966466338259442,-1.2230509031198686,-14.795569786535305,-8.014336288998356
17,18,12.56,16.821265780730897,16.268303986710965,1.3506611295681061,-7.178124750830564
18,19,-12.58,10.128819277108434,10.026197934595524,-4.342072289156627,-12.753380378657488
19,20,19.3,18.807258855585832,10.186179836512263,-6.150953678474115,-7.845757220708446
20,21,14.55,15.61069396551724,5.691702586206896,-10.596047413793105,-13.979856465517242
21,22,22.0,-3.7845320000000005,20.803563999999998,-2.490488,-7.821110000000001
22,23,12.85,-6.663322289156627,15.281564759036144,-0.07194427710843375,-12.61692108433735
23,24,13.62,0.235940350877193,14.339349122807018,-6.220814035087718,-12.17579596491228
24,25,13.3,2.5363917197452235,10.08340127388535,-12.317068471337581,-10.628658598726114
