,cluster_id,curvature,x,y,z,average_potential
0,1,22.88,-8.706656765676568,3.4506633663366335,-2.5011551155115512,-16.927152475247524
1,2,18.28,-4.327950177935943,-1.190612099644128,-1.9469288256227757,-25.43464306049822
2,3,-0.25,0.6983930348258706,7.497263681592041,9.714597014925372,-19.150746766169156
3,4,-3.22,0.09091599999999994,-2.790264,5.786779999999999,-21.7924064
4,5,17.66,-3.5019090909090913,-1.8247090909090908,10.704099999999999,-12.006672121212121
5,6,15.72,-6.748887189292542,12.250307839388146,5.229443594646271,-14.345434225621414
6,7,20.25,-13.15455623100304,-1.6596048632218845,10.15848632218845,-18.803744376899697
7,8,-6.26,-10.043591304347828,0.9435478260869565,4.060595652173912,-18.732815217391305
8,9,19.74,-12.90992326732673,7.7980495049504945,9.320826732673266,-14.389221782178218
9,10,-7.76,-6.406360962566844,4.3546818181818185,11.939505347593583,-15.581933155080215
10,11,17.38,11.981083172147,14.674334622823983,-1.8432205029013538,-16.66976576402321
11,12,18.32,6.871780538302278,14.823766045548654,3.5691325051759835,-17.82346314699793
12,13,-2.98,2.5877014925373136,10.813865671641793,-3.4304079601990054,-27.852526865671642
13,14,-0.77,-0.5046045845272207,9.180094555873925,1.7679512893982807,-34.088268194842406
14,15,10.52,6.976820433436532,3.937804953560372,9.1478173374613,-17.082763157894735
15,16,16.8,8.552126684636118,-0.6466280323450134,4.816132075471698,-28.88622884097035
16,17,-13.43,5.904778054862843,-6.347022443890274,-12.938860349127182,-13.547527680798005
17,18,19.11,9.531841563786008,-3.9545308641975305,-8.492827160493826,-21.337823251028805
18,19,14.55,1.1431628440366972,4.232871559633027,-9.697479357798166,-21.77018119266055
19,20,10.98,-0.4625544041450777,-4.107448186528497,-5.206287564766839,-18.942876424870466
20,21,11.11,7.7240079999999995,-6.509572,-0.6725160000000001,-25.3548184
21,22,18.77,14.825871080139372,-4.5090348432055745,0.2688675958188153,-17.859403135888503
22,23,12.3,8.846,9.00008637873754,-8.8493853820598,-22.921227906976746
23,24,-3.88,14.10436153846154,1.5963769230769231,-5.322157692307692,-24.958994615384615
24,25,-5.89,14.045810198300284,6.601512747875353,-0.10569688385269124,-28.409292634560906
