,cluster_id,curvature,x,y,z,average_potential
0,1,13.79,3.8300189982728847,-3.969981001727115,-21.041827288428326,-12.076416580310882
1,2,13.65,5.888478005865102,3.5687771260997065,-17.41458651026393,-13.839782111436952
2,3,-12.47,7.4894932735426005,0.7864058295964126,-23.345878923766815,-12.803264573991033
3,4,16.38,-5.571145496535797,-7.82856351039261,-13.496572748267898,-21.734269284064663
4,5,15.12,-3.886019830028329,1.1248186968838527,-15.446606232294618,-23.774023512747874
5,6,-13.79,2.9010947075208917,-5.562891364902507,-11.74674651810585,-26.325396657381614
6,7,19.0,-8.497940711462451,6.089679841897232,-9.623494071146244,-19.037458498023714
7,8,14.35,-11.477548387096775,1.425407624633431,-9.360818181818182,-17.47424780058651
8,9,12.2,-2.9444613636363637,7.944693181818182,-5.336447727272727,-37.510836136363636
9,10,-2.72,-7.535470588235296,8.028941176470587,-0.5956380090497737,-27.802627601809952
10,11,17.6,-9.06321776504298,4.353616045845272,6.685610315186247,-20.977794269340976
11,12,-1.5,-11.089858778625954,-2.0334312977099236,1.978973282442748,-23.689368320610686
12,13,14.11,-16.230564583333333,4.110070833333333,-1.0980458333333334,-14.461798541666667
13,14,22.43,2.0340202020202023,10.71695622895623,0.7067037037037037,-21.866185521885523
14,15,21.27,-1.3468607142857143,8.844239285714286,6.659617857142857,-19.7533625
15,16,14.81,5.0729606741573035,5.762474719101123,6.340648876404494,-20.05249213483146
16,17,14.55,8.816745679012346,6.985209876543209,-2.145948148148148,-13.356278518518518
17,18,17.19,6.024365384615384,-0.41033653846153845,-8.333701923076923,-42.75405211538462
18,19,23.59,4.372202346041055,5.662032258064516,-9.191947214076245,-32.69057712609971
19,20,4.87,4.256162303664922,-1.7211204188481677,7.2632722513089,-20.655666492146594
20,21,18.27,-2.3037285464098076,-4.469693520140105,8.9713765323993,-21.534864448336254
21,22,17.46,2.6253178137651823,-10.480789473684212,2.5180000000000002,-20.707525708502022
22,23,20.32,6.9503760445682445,-4.85708913649025,-1.631392757660167,-22.481823955431754
23,24,26.79,4.774439516129032,-12.652899193548386,-5.625028225806451,-10.794197983870966
24,25,-1.26,-3.3674765100671142,-11.054412751677853,-4.69061744966443,-22.295176510067115
25,26,22.69,-12.431522292993632,-7.898652866242038,-5.046964968152865,-19.60812388535032
26,27,17.77,-7.885255402750491,-10.540416502946956,2.3527465618860512,-18.60931728880157
