,cluster_id,curvature,x,y,z,average_potential
0,1,-12.47,-8.854640684410645,-14.263287072243346,8.620880228136881,-10.445648669201521
1,2,23.4,-3.109831034482759,-11.663096551724138,4.061934482758621,-23.445470344827587
2,3,7.67,-4.00748,-10.440879999999998,-3.214873333333333,-23.828705333333335
3,4,12.81,-9.864996153846153,-9.494934615384615,-0.4517384615384616,-21.461745384615384
4,5,-15.48,1.972532085561497,-9.298601604278074,-8.848657754010695,-21.75460588235294
5,6,17.94,6.6881989436619715,-12.14775176056338,-3.3812359154929577,-22.4333676056338
6,7,-11.34,8.688625,-4.802671875,-1.567796875,-24.1783421875
7,8,18.83,11.341413793103447,-2.7722107279693486,-7.815758620689655,-16.02167701149425
8,9,22.8,0.5770614754098362,-2.6297827868852464,-12.66607786885246,-22.706995901639342
9,10,19.31,6.62243213296399,-2.5280387811634353,-11.721628808864265,-20.42063684210526
10,11,-9.81,-12.318647058823531,-4.97881512605042,4.0565630252100835,-21.90426050420168
11,12,16.03,-13.317885583524026,2.154766590389016,2.4483295194508012,-25.12176361556064
12,13,-14.77,-7.655108910891088,8.855237623762376,7.145141914191419,-21.28102310231023
13,14,15.63,-1.9939858712715857,5.924072213500785,12.186792778649924,-24.36664709576138
14,15,21.27,0.14808370044052868,-2.0485859030837004,14.050189427312775,-20.333481497797358
15,16,13.13,-6.10447598253275,-6.78024017467249,11.060270742358076,-21.263907423580786
16,17,14.82,-8.826504385964911,-0.7250043859649122,12.831822368421053,-21.582099342105263
17,18,15.83,-5.550724637681159,-2.679574879227053,-9.236521739130437,-30.63188043478261
18,19,-2.56,-10.08849523809524,-4.2663142857142855,-5.0780666666666665,-19.954726666666666
19,20,24.87,-10.674582456140351,3.1315543859649124,-5.273884210526316,-22.693950877192982
20,21,23.64,-8.083236923076923,9.31628,-1.7795353846153845,-21.555521846153848
21,22,13.14,-1.204259162303665,6.049913612565445,-8.881348167539267,-22.719454712041887
22,23,23.69,-0.3078037735849056,10.703479245283019,4.700211320754717,-20.73346188679245
23,24,15.13,3.8684481981981977,11.019691441441442,-1.9949684684684683,-16.92956373873874
24,25,11.76,3.31932281205165,-6.74738880918221,6.132936872309899,-43.19302553802009
25,26,-6.45,5.63995,1.4591549999999998,4.3372575,-28.66367225
26,27,22.75,7.4847988165680475,6.59431952662722,-0.2006331360946746,-19.893159763313605
27,28,21.33,10.109243243243244,3.018408783783784,-4.1214324324324325,-19.336944256756755
