,cluster_id,curvature,x,y,z,average_potential
0,1,14.56,18.020377952755904,-22.861905511811024,6.374145669291338,-9.690631102362204
1,2,11.04,14.68790348837209,-18.02133023255814,2.2822906976744184,-12.986131279069767
2,3,18.25,9.421868312757201,0.025855967078189306,-4.443411522633745,-19.751599588477365
3,4,16.01,8.58798447204969,-12.463885093167702,-0.9590993788819877,-12.558720496894411
4,5,14.58,9.936778894472361,-6.692256281407035,2.137110552763819,-18.91358768844221
5,6,18.96,3.922943462897527,-2.1813286219081274,5.98916961130742,-16.82016148409894
6,7,28.07,-3.045140350877193,-8.027905263157894,1.8048035087719299,-20.19368
7,8,-16.16,2.489302052785924,-9.441416422287391,1.2010850439882699,-25.252826686217006
8,9,18.36,-2.287747967479675,11.293043360433604,1.579970189701897,-17.752746341463414
9,10,-6.93,1.9150266666666669,7.146473333333334,-5.481473333333334,-26.633786
10,11,12.32,5.390611888111889,5.518073426573427,7.664643356643357,-16.4246513986014
11,12,12.67,0.07035064935064937,7.5897376623376624,6.167064935064935,-24.504394025974026
12,13,-22.04,6.604152838427948,10.875362445414845,-0.11542794759825331,-21.136258078602623
13,14,15.86,10.443697802197804,5.471085164835165,0.14893956043956036,-16.813761813186815
14,15,12.77,-14.116836879432622,-0.24328936170212775,4.01842695035461,-14.268400709219858
15,16,15.74,-6.76162,-1.8281371428571427,4.186248571428572,-24.39072028571429
16,17,8.57,-10.125361445783131,-3.7196987951807228,-4.1539204819277105,-17.23731638554217
17,18,18.56,-7.251115681233934,4.353308483290488,-11.030465295629822,-17.749462724935732
18,19,16.02,-7.619669999999998,5.06474,-0.55989,-23.10565
19,20,17.75,-5.927651020408163,9.879318367346938,-7.06025306122449,-13.887408979591836
20,21,19.17,-7.853742500000001,-2.9725725,-12.1551575,-16.30173475
21,22,29.69,5.579695999999999,-5.036176,-5.47228,-15.484028799999999
22,23,19.11,-1.8200168674698796,-4.400395180722891,-8.15302891566265,-22.757577108433733
