,cluster_id,curvature,x,y,z,average_potential
0,1,17.93,-5.714309895833334,-3.5945,3.204098958333333,-19.423897916666665
1,2,16.05,-16.161940298507464,3.2332686567164175,6.83763184079602,-9.543496766169154
2,3,23.75,-8.513193473193473,3.659508158508159,7.115701631701632,-20.980073193473192
3,4,18.9,-14.040228571428573,3.823444444444444,-1.0708063492063493,-16.26920761904762
4,5,9.42,-9.35910819672131,10.187760655737705,2.6445737704918035,-21.679673442622953
5,6,20.96,-0.34844761904761906,-0.7159809523809524,-11.031342857142858,-17.27469492063492
6,7,22.83,-7.376868338557995,-2.507360501567398,-5.376586206896551,-18.700688401253917
7,8,14.52,-0.9536521739130434,-8.29151358695652,-2.4865108695652176,-18.251864130434782
8,9,11.98,7.119091106290672,-4.530433839479392,-3.488501084598698,-15.391175271149676
9,10,4.25,3.4769208633093522,-2.114071942446043,5.671467625899281,-30.045172302158274
10,11,-11.44,8.500067039106145,4.209022346368715,-0.6270335195530726,-34.258325139664805
11,12,24.05,8.527265,-0.30904499999999996,3.18346,-22.543271999999998
12,13,20.37,5.978993055555555,11.191190972222223,-1.614513888888889,-22.033226388888888
13,14,18.72,6.635367021276596,6.875078014184398,-8.04410815602837,-18.901128900709217
14,15,19.2,-3.3517466216216216,15.623271959459458,-1.6567702702702702,-22.164759628378377
15,16,22.79,-6.587839805825243,9.979063106796117,-3.7425970873786403,-25.663163106796116
16,17,-3.58,-3.3259304347826095,4.995121739130435,-6.430165217391305,-30.00261913043478
17,18,18.74,9.379394273127753,5.85873127753304,7.841094713656387,-16.62051321585903
18,19,13.91,-2.9443127853881284,7.876840182648401,9.371098173515982,-21.64594726027397
19,20,31.01,7.33466091954023,13.057195402298852,5.5553103448275865,-13.063990229885055
20,21,18.13,2.0145504807692305,12.086901442307692,9.36290625,-15.809545432692307
