,cluster_id,curvature,x,y,z,average_potential
0,1,-14.0,-45.23476243980738,11.174035313001605,11.528,-8.611097431781701
1,2,-16.41,-53.94231596091204,15.261899022801304,1.9385928338762213,-3.9073674267100977
2,3,13.76,-48.48844571428572,15.159944761904763,6.660902857142856,-7.153106857142857
3,4,-14.46,-38.188493506493515,12.69083766233766,20.85458658008658,-6.538804112554112
4,5,-11.85,-36.64706218487395,7.249063865546217,16.3562,-11.473961176470588
5,6,11.1,-21.63873652694611,2.4430853293413177,14.842278443113772,-11.531373502994011
6,7,20.51,-27.03545701357466,4.89727149321267,27.653352941176472,-8.361211764705882
7,8,13.72,-25.12806181818182,2.029089090909091,20.347645454545457,-12.429221272727274
8,9,14.47,-30.944801405975397,2.4212636203866436,19.354223198594024,-12.137618804920914
9,10,19.08,-5.17808200455581,6.055350797266515,9.876781321184508,-14.02028701594533
10,11,15.8,-5.718452282157676,3.559562240663901,3.4180207468879664,-15.822598132780083
11,12,11.69,-14.053705263157894,5.5442451127819545,8.563712781954887,-13.393963157894738
12,13,18.4,-14.475812672176307,-3.8460936639118457,11.009719008264462,-10.490024517906335
13,14,19.93,-8.403330158730158,-0.19377142857142865,10.294495238095239,-14.04997111111111
14,15,12.65,12.037770833333335,7.5066927083333335,-10.198388020833333,-12.246884244791667
15,16,10.0,6.217175792507205,3.9935288184438043,-13.560652737752159,-15.578468587896255
16,17,13.27,12.261666000000002,6.26285,-19.933135999999998,-13.5073696
17,18,16.68,19.291258382642997,1.3603313609467458,-18.260666666666665,-8.867922287968442
18,19,9.93,16.923978835978833,6.116809523809524,-14.48567195767196,-11.053300529100529
19,20,13.1,3.8704947368421054,-1.5964757894736843,-7.632821052631579,-11.888907368421052
20,21,16.47,-5.9012036423841066,2.3320728476821193,-3.000413907284768,-13.503295695364239
21,22,14.81,4.140470409711684,5.966236722306525,-3.20250531107739,-13.157811532625189
22,23,19.36,2.106217391304348,-1.0973879598662208,2.036876254180602,-14.3006
23,24,21.22,0.651015503875969,5.785222222222223,2.7764186046511634,-18.544755813953486
