,cluster_id,curvature,x,y,z,average_potential
0,1,18.88,-7.0294697986577175,6.78051677852349,7.9018791946308715,-18.383848322147653
1,2,16.8,-13.307660142348753,7.26279359430605,6.423072953736654,-10.392954804270461
2,3,16.12,-6.949283720930232,5.663741085271318,-0.4637705426356589,-14.9899903875969
3,4,17.94,-9.660747232472325,-1.4589206642066423,2.799883763837638,-11.72470774907749
4,5,11.76,-9.756157347204162,3.9111066319895977,21.62858517555266,-8.277569050715215
5,6,14.5,-1.3979017199017203,8.441184275184275,14.51556265356265,-14.133006388206388
6,7,-13.41,-1.0215034802784222,3.608791183294664,7.570902552204177,-17.359407192575407
7,8,14.35,-8.244777975133214,2.032829484902309,13.085744227353462,-12.899934991119004
8,9,18.85,-2.4327202072538863,0.7227797927461141,19.947186528497408,-8.20698652849741
9,10,11.15,-0.7330408163265305,-1.2684444444444445,15.29707029478458,-8.321107482993197
10,11,15.3,14.30634241908007,8.417408858603066,-19.66263884156729,-11.034316183986371
11,12,14.75,8.047503937007875,8.375875590551182,-14.494472440944882,-15.274058425196849
12,13,18.58,21.37112877583466,13.247019077901431,-20.072054054054053,-6.154849284578696
13,14,12.33,21.86975801749271,12.484212827988335,-11.166690962099127,-14.240121282798833
14,15,12.91,15.635344715447154,10.367273170731707,-7.160486178861789,-14.303168780487805
15,16,17.08,0.6751679586563308,1.8112248062015504,-2.490067183462532,-16.275489405684752
16,17,15.33,-1.9501985472154963,7.269864406779661,-5.806559322033899,-13.762973365617434
17,18,16.5,4.863198757763975,3.9380020703933742,-9.136074534161489,-14.973972049689442
18,19,14.34,2.264561290322581,10.991670967741936,-9.238245161290322,-12.836463225806453
19,20,23.07,8.012797833935018,11.783119133574008,-5.347418772563177,-18.859863537906136
20,21,14.66,13.972677908937603,9.013050590219224,-0.10889881956155145,-13.42102647554806
21,22,16.15,7.008667128987517,5.994816920943134,8.854981969486825,-11.214368099861304
22,23,15.53,10.818573770491803,4.855863387978142,2.9406229508196726,-13.077916393442623
23,24,-9.5,4.06010621761658,7.66720207253886,1.4880362694300517,-19.162852590673577
