,cluster_id,curvature,x,y,z,average_potential
0,1,21.86,-7.4766625222024885,-10.422063943161634,-9.470017761989343,-23.466137122557726
1,2,13.98,-0.6375176715176715,-13.041948024948026,-2.7872785862785863,-22.182423076923076
2,3,-11.94,-0.3211384015594542,2.5453801169590644,-6.643025341130605,-37.02056978557505
3,4,13.3,2.5626346153846153,-8.697234265734267,-10.19498076923077,-28.66246678321679
4,5,21.05,-2.313271356783919,-2.3353668341708542,-13.498603015075375,-23.762631155778895
5,6,18.32,4.490723320158103,-5.4501739130434785,-15.2261581027668,-23.49315375494071
6,7,10.25,6.004611982881598,1.057731811697575,-18.225990014265335,-16.00925320970043
7,8,18.25,8.127397993311035,-6.181448160535117,-4.357518394648829,-22.58387424749164
8,9,12.22,8.1096838365897,-0.41480639431616345,-0.2775328596802842,-22.907242095914743
9,10,21.98,8.174493023255813,8.77456046511628,-7.433553488372093,-15.789687906976745
10,11,19.29,9.087426086956523,7.198779710144928,-1.5610086956521738,-14.79097420289855
11,12,15.72,5.424282142857143,7.078971428571428,-13.379389285714288,-12.582275357142857
12,13,22.17,9.943939058171745,-0.011822714681440446,-8.606185595567867,-22.3788135734072
13,14,16.98,-0.7845960396039604,7.204118811881188,2.9475227722772277,-23.169368118811885
14,15,13.15,5.0991225,3.1919424999999997,6.454902499999999,-17.9686095
15,16,14.77,-1.9336678765880218,-0.5425172413793103,10.948252268602541,-15.247881125226858
16,17,17.08,1.8847563025210083,-5.631546218487395,7.9095756302521,-23.165282352941176
17,18,15.42,-2.3171955719557196,-9.823992619926198,4.37440590405904,-20.920043173431736
18,19,-6.35,-9.148894039735097,-9.094781456953642,-0.7241390728476823,-23.074986092715235
19,20,-16.02,-11.736137767220901,-5.361168646080761,5.184736342042755,-19.074561282660333
20,21,-11.63,-6.7915899280575545,-0.9716187050359713,-9.805967625899282,-28.460403597122305
21,22,-8.88,-13.66377564102564,2.103294871794872,-8.185932692307691,-21.75075576923077
22,23,11.82,-16.16707741935484,-6.318874193548386,-2.737358064516129,-16.72979451612903
23,24,15.41,-16.528947129909366,-5.319327794561934,-10.371018126888217,-12.865963746223565
24,25,14.66,-18.408606209150324,4.043852941176471,-2.0735964052287583,-13.991550980392157
25,26,18.65,-12.207875555555555,7.727437777777777,0.6057977777777778,-18.008078666666666
26,27,-15.62,-8.456917620137299,2.885562929061785,5.544274599542334,-25.407329061784896
