,cluster_id,curvature,x,y,z,average_potential
0,1,17.41,26.618313432835823,15.825080597014926,-6.3254238805970155,-4.6084
1,2,15.74,22.262208860759493,11.953977848101268,-20.189433544303796,-5.49021582278481
2,3,13.57,21.190608832807573,13.271854889589905,-12.111791798107255,-7.074567823343848
3,4,14.12,6.3569448123620305,8.920584988962474,-11.787373068432672,-13.040261810154524
4,5,16.38,5.192353221957041,2.2450668257756563,-17.58368496420048,-9.48994415274463
5,6,14.52,9.306823529411766,5.688345882352941,-20.318818823529416,-12.150237176470588
6,7,14.03,14.431711009174311,9.699071865443425,-19.501423547400613,-11.6567249235474
7,8,14.54,4.776320574162679,13.443658692185007,-19.933907496012758,-9.193858373205742
8,9,12.46,-25.058803660565726,-3.266472545757072,13.509577371048254,-14.29271980033278
9,10,-12.1,-13.731058333333332,-2.664364583333333,11.057191666666665,-10.914194375
10,11,19.08,-20.432267206477736,-1.099506072874494,6.724,-10.6835991902834
11,12,-8.1,-19.721279151943463,2.965113074204947,11.921650176678446,-16.707734628975263
12,13,16.81,-9.689585051546393,-5.102121134020619,16.8675412371134,-11.393800515463916
13,14,-15.85,-9.688631979695431,2.7484746192893397,15.613771573604064,-13.036362182741115
14,15,9.13,-23.40179259259259,3.3809037037037037,21.28723456790123,-15.329022469135802
15,16,12.74,-18.396600427350428,8.774164529914529,20.349521367521366,-9.04190341880342
16,17,-13.76,-21.780985355648536,-4.556391213389121,20.796012552301253,-19.78319937238494
17,18,15.0,-14.242206140350877,-0.544155701754386,22.787366228070177,-13.564541447368422
18,19,15.41,-1.7225484536082472,0.5474453608247423,-6.648070103092783,-10.502390927835052
19,20,13.87,4.459133152173914,5.128701086956522,-7.257798913043478,-13.738045652173913
20,21,17.84,3.071303867403315,-1.2028977900552487,-10.24606629834254,-11.211111602209945
21,22,17.12,-7.352885222381636,2.0801047345767576,-0.08309756097560977,-8.870387087517935
22,23,-13.68,-11.408971563981043,-2.2373554502369672,4.957931279620853,-7.153300947867299
