,cluster_id,curvature,x,y,z,average_potential
0,1,12.32,22.5572899869961,3.728806241872562,-14.93678933680104,-9.437514304291287
1,2,12.89,4.585784345047923,4.304135782747604,-17.31,-17.174930511182108
2,3,-16.46,8.49899099099099,11.136345345345344,-8.043306306306308,-12.480403303303303
3,4,18.59,9.420134517766497,13.754997461928934,-15.113553299492386,-11.630087055837565
4,5,19.35,13.395192090395478,2.3535112994350285,-16.781050847457628,-18.9135104519774
5,6,11.26,15.75676510067114,8.74025167785235,-14.390748322147651,-12.578615939597315
6,7,16.81,-16.439639436619718,4.5962281690140845,5.347932394366197,-10.637065070422535
7,8,19.34,-17.051890322580643,2.024716129032258,12.844675268817205,-13.388605591397848
8,9,12.21,-1.5650944444444446,9.72050925925926,13.781105555555557,-11.57470611111111
9,10,18.37,-11.918860189573458,9.018383886255924,11.550928909952606,-16.40127796208531
10,11,20.21,-9.26152224824356,8.07100468384075,18.69648711943794,-18.38569156908665
11,12,12.56,-4.0377374301675975,0.12115642458100562,17.35364525139665,-16.44250530726257
12,13,12.51,-10.153643835616439,-0.6870493150684931,13.876799999999998,-22.717697534246575
13,14,-3.32,4.506351931330472,1.2826351931330473,-2.0269656652360513,-21.12370343347639
14,15,16.98,-1.5153473053892217,4.657780439121756,-6.347243512974052,-18.64247345309381
15,16,13.11,9.735476340694007,0.7209968454258675,-10.729435331230283,-19.127112302839116
16,17,19.16,2.2911176470588233,-4.040892156862745,-12.661539215686275,-16.500500490196078
17,18,18.72,8.584752442996743,-4.5824234527687295,-7.653905537459282,-14.531652768729641
18,19,19.51,1.482886524822695,-8.379553191489363,7.605539007092199,-17.0551109929078
19,20,14.13,0.39582421874999996,-13.07040234375,2.084662109375,-12.0379517578125
20,21,17.08,6.59995256916996,-6.492796442687747,0.32401581027667986,-19.34466225296443
21,22,-0.33,-2.013825958702065,-4.6485516224188785,-3.3821651917404134,-23.301868436578168
22,23,3.09,-8.008043165467626,0.682201438848921,-4.4083093525179855,-17.85639784172662
23,24,12.49,-9.783334821428571,5.350267857142858,-0.8944017857142857,-13.277464285714286
24,25,18.43,-0.19397633136094672,-2.004908284023669,11.193139053254438,-19.982896153846152
25,26,14.24,-1.231260752688172,-3.2159435483870973,5.613879032258064,-19.72330107526882
26,27,-3.81,-10.944218009478673,-0.6958104265402845,3.999270142180095,-22.408023222748813
27,28,-3.4,-4.474739273927392,6.364003300330032,6.41693399339934,-19.06768580858086
