,cluster_id,curvature,x,y,z,average_potential
0,1,13.73,14.797043731778427,3.4302142857142854,-21.587284256559766,-14.906666180758018
1,2,14.42,10.980827292110874,-1.455132196162047,-20.556660980810236,-12.33955458422175
2,3,19.07,9.673158415841584,10.125321782178219,-17.951836633663365,-13.043623267326732
3,4,11.76,15.205695035460993,6.638747044917258,-14.039413711583926,-12.541540425531913
4,5,11.36,9.26162156862745,11.000215686274512,-9.29206862745098,-11.22515137254902
5,6,10.11,5.759584055459272,4.195436741767764,-13.000438474870018,-15.686048700173313
6,7,17.48,-6.052801223241589,8.234648318042813,-6.333859327217127,-18.051844648318042
7,8,26.71,-2.9939807692307694,13.738415384615386,-0.16699230769230766,-12.11029576923077
8,9,15.43,0.8055146341463415,12.940280487804879,-6.941660975609756,-12.760674390243903
9,10,14.3,4.749818390804599,6.12736551724138,-2.160687356321839,-16.590082298850575
10,11,-1.02,0.16492543859649125,4.675666666666666,-7.179925438596491,-19.661152192982456
11,12,17.28,-12.57890650406504,7.420158536585365,1.2610447154471545,-24.428588414634145
12,13,12.3,-8.83423679417122,12.959967213114753,2.4221256830601092,-18.439925318761386
13,14,12.32,-3.0960606060606057,5.8591845730027545,9.723829201101928,-19.03897217630854
14,15,14.72,0.32845652173913037,9.548507246376811,3.9155217391304347,-15.319807246376813
15,16,22.2,-0.7536944444444444,0.4076153846153846,1.9942649572649573,-22.56282179487179
16,17,18.52,-21.468308139534884,7.3565813953488375,6.154909883720929,-11.410156686046513
17,18,-4.82,-16.819173652694612,1.5439610778443114,5.586862275449103,-15.73548622754491
18,19,15.41,-14.262566037735846,3.063974842767296,21.450355345911948,-15.573525157232703
19,20,-14.87,-13.565710239651416,9.474875816993466,12.192043572984748,-18.01042614379085
20,21,12.27,-18.65981613756614,5.73863492063492,16.824518518518516,-13.936618386243387
21,22,14.16,-2.01325850340136,-11.841481292517006,12.50756462585034,-9.484428061224488
22,23,13.83,-9.21265723793677,-12.096617304492513,13.78212645590682,-12.151876206322797
23,24,20.06,-8.929595070422536,-2.516727112676057,-1.7654577464788732,-18.323384154929578
24,25,13.7,-9.289192307692309,-2.2334871794871796,10.289470085470086,-19.08833824786325
25,26,21.87,-11.828215596330278,-10.768839449541284,5.698357798165138,-8.609809174311925
26,27,16.59,-3.1842703213610584,-6.829328922495273,5.457105860113422,-15.662684688090737
