,cluster_id,curvature,x,y,z,average_potential
0,1,-4.4,4.125828054298642,8.046588235294118,-4.762746606334842,-17.981431221719454
1,2,-13.9,9.710879518072288,6.295284337349398,-10.982698795180722,-11.174393253012049
2,3,16.75,5.575081339712919,-1.978921052631579,-10.560504784688996,-17.48915813397129
3,4,15.79,9.486256684491977,2.4958770053475936,-1.5721524064171126,-20.553358556149732
4,5,14.39,6.646101265822784,-4.507987341772152,-2.8938734177215193,-22.768854430379747
5,6,16.09,2.4533213367609257,-3.370889460154242,2.9336786632390752,-21.278232390745504
6,7,17.89,-8.536710037174721,-4.408936802973979,-1.0529256505576208,-23.06221375464684
7,8,14.29,-8.651886297376093,4.448396501457727,-3.0495160349854227,-17.98678688046647
8,9,-3.81,-3.652071428571429,7.755637362637362,-6.060675824175823,-17.297449999999998
9,10,17.58,-1.7632254641909815,3.156450928381963,-11.564885941644562,-15.055210875331566
10,11,16.75,-6.045858695652174,-3.4620072463768117,-9.516916666666667,-11.77050072463768
11,12,14.88,-1.2549306930693072,-7.318693069306931,-3.910465346534653,-18.433601650165016
12,13,15.05,-8.34535824742268,-4.993319587628866,5.059713917525773,-18.941370876288662
13,14,16.84,-10.660742718446603,-0.6622305825242718,9.348160194174758,-26.19917014563107
14,15,15.01,-15.588521472392639,-2.7726717791411044,2.381846625766871,-20.218031288343557
15,16,16.12,-18.940493355481728,2.317363787375415,5.706240863787376,-16.223000830564782
16,17,15.99,-17.12207958477509,5.420044982698962,10.748809688581314,-17.3421937716263
17,18,16.3,-18.12355773420479,7.0147363834422665,16.020821350762528,-6.962800435729847
18,19,15.5,-7.957742957746478,9.116933098591549,10.265471830985916,-17.191615845070423
19,20,16.4,-14.935325396825398,13.813595238095237,8.536198412698415,-11.267347222222224
20,21,-0.48,-11.769865591397847,8.081408602150537,4.10983870967742,-24.276693010752684
21,22,-11.05,-1.9885611510791366,9.51265107913669,1.0521223021582735,-21.286208633093526
22,23,7.68,4.162358490566038,4.5928018867924525,3.142603773584906,-25.642292452830183
23,24,13.87,-0.7295044642857142,8.754330357142857,7.535991071428572,-18.326845982142856
24,25,15.41,-0.2706377551020409,-0.12171428571428576,8.154867346938776,-15.236679081632655
25,26,19.14,-3.0058763250883387,-1.241053003533569,16.887989399293286,-7.379329328621908
26,27,15.25,-2.579865060240963,4.94835421686747,15.561436144578314,-12.524140240963856
