,cluster_id,curvature,x,y,z,average_potential
0,1,17.5,-6.400775047258979,7.338809073724007,0.14473724007561434,-11.55345595463138
1,2,21.28,1.9055462962962963,12.221143518518518,0.4294537037037037,-15.857184722222224
2,3,9.25,0.14415412186379925,7.766917562724015,-5.215430107526882,-13.636009677419356
3,4,18.81,6.006466926070039,3.1797645914396884,-8.544904669260701,-13.415379377431908
4,5,20.32,11.696646017699114,4.294227138643068,0.19224188790560473,-15.06267227138643
5,6,13.51,9.723877016129032,10.904969758064516,-4.431292338709678,-10.57535504032258
6,7,19.81,4.817520491803279,-4.420336065573771,6.519344262295081,-16.306881967213116
7,8,11.32,9.480978448275861,-4.834023706896552,0.7705603448275862,-9.843907112068964
8,9,11.96,2.603801324503311,-1.9865331125827814,-4.143903973509935,-18.738456953642384
9,10,15.62,-1.3739879032258064,-6.120173387096774,0.5821854838709678,-16.627089516129033
10,11,15.94,1.9499230769230766,8.64514065934066,10.427186813186813,-12.795373626373625
11,12,15.78,6.0400381526104425,4.729530120481928,6.735138554216868,-28.108229919678713
12,13,19.74,1.3598923766816144,-1.2850448430493273,10.877887892376682,-14.17016143497758
13,14,15.6,-1.0235405405405404,1.960102102102102,15.568777777777779,-9.798671471471472
14,15,16.64,-6.827528971962617,9.084970093457944,9.096396261682242,-17.00383102803738
15,16,19.41,-9.277510791366907,1.608573741007194,5.782357913669065,-16.10166852517986
