,cluster_id,curvature,x,y,z,average_potential
0,1,19.02,-2.475324022346369,6.450505586592179,-15.2384469273743,-16.203962290502794
1,2,-16.87,-4.836026162790697,-0.8794186046511627,-15.80621511627907,-17.784754651162793
2,3,15.52,-11.228797071129707,1.7334225941422594,-13.997962343096233,-12.370515062761507
3,4,16.37,-8.924810623556581,5.372242494226328,-7.699448036951501,-22.017118706697463
4,5,17.74,-4.611088235294117,-7.355948529411765,-7.129731617647059,-19.449873529411764
5,6,-6.57,-10.211484496124031,-3.6077286821705425,-4.017755813953489,-17.43248062015504
6,7,13.31,19.32241842900302,-2.4374335347432026,-7.390200906344411,-9.73691012084592
7,8,22.29,6.303854368932039,6.361985436893205,-10.182509708737863,-23.888799757281554
8,9,15.33,0.11760097323600975,-3.4712846715328465,-11.225087591240877,-44.12453114355231
9,10,15.91,6.7676546184738955,-2.637698795180723,-11.841429718875503,-26.77104939759036
10,11,-1.36,3.8011518518518517,-8.423725925925925,-4.470255555555556,-24.285814444444444
11,12,11.73,5.757242307692309,-9.976130769230767,2.098792307692307,-17.10290769230769
12,13,20.8,13.781566820276495,-4.254334101382488,1.9997281105990783,-25.294032949308757
13,14,18.02,13.609944827586206,2.730537931034483,-3.2824172413793105,-33.68218137931034
14,15,14.78,11.366434375,-4.4696968749999995,-5.891509375,-30.40459125
15,16,16.27,-3.623783616692426,-8.75070170015456,5.231259659969088,-23.548314837712518
16,17,9.49,-8.356679525222551,-1.1763056379821957,3.744587537091988,-20.91937596439169
17,18,19.87,-8.764458773784355,7.912150105708245,4.493454545454545,-18.902132769556026
18,19,-4.36,-0.6998560885608855,10.293151291512915,-7.543162361623615,-28.163015867158677
19,20,18.83,-4.344559819413093,11.106717832957111,-1.6470609480812641,-27.650775620767497
20,21,16.59,12.242970414201185,6.117325443786982,6.393814595660749,-21.010552268244574
21,22,28.03,8.57496875,10.462505208333333,-1.2518802083333334,-26.192641666666663
22,23,-2.87,3.8824684931506854,11.239268493150686,4.473202739726028,-23.41927726027397
23,24,18.0,-0.5247464788732394,10.082995305164319,8.982760563380282,-18.312981220657278
24,25,14.86,0.1942945945945947,3.822243243243243,11.330713513513512,-17.280704864864866
25,26,13.31,2.1736071428571426,-1.0278952380952382,10.535576190476192,-27.000377380952383
26,27,9.45,7.0296577380952385,-4.684619047619048,9.351383928571428,-19.272160714285715
