,cluster_id,curvature,x,y,z,average_potential
0,1,-13.02,10.699965957446809,-3.1495021276595745,22.863823404255317,-8.515225957446809
1,2,19.09,9.8173,-4.332439130434783,11.59236956521739,-21.07203739130435
2,3,19.49,4.7898387096774195,0.9590564516129032,14.48913306451613,-19.74702701612903
3,4,-12.69,11.495982869379015,-0.40769807280513926,16.69609635974304,-16.606510920770877
4,5,15.91,8.99888377723971,-5.49487651331719,-2.3503026634382564,-22.092125907990315
5,6,-16.13,10.422806315789472,3.1399094736842104,7.0195957894736845,-24.695757894736843
6,7,20.27,14.863741176470588,3.222336470588236,-0.5160164705882352,-18.255890823529413
7,8,10.61,-1.4210829875518671,-7.362842323651451,-1.0572489626556016,-20.066842323651453
8,9,9.12,-8.913227272727273,-4.61229393939394,2.610060606060606,-18.43946787878788
9,10,-17.07,4.432254980079682,-3.5196972111553784,5.899111553784861,-31.390686454183268
10,11,21.3,-2.9797368421052632,-3.3691826625387,6.919606811145512,-42.61164520123839
11,12,22.16,-1.572114077669903,-0.7182936893203884,13.488007281553397,-22.363874514563108
12,13,13.21,-12.902486381322959,1.396544747081712,3.97208560311284,-21.42495719844358
13,14,21.62,-11.374309090909092,5.905838961038961,-0.4343324675324675,-23.534886753246752
14,15,15.21,-10.647283292978207,4.84164406779661,9.80488861985472,-20.89530387409201
15,16,12.08,-8.253758302583027,12.18329151291513,5.390928044280442,-18.32905184501845
16,17,16.88,-0.8843579831932775,9.976410084033613,12.606921008403361,-17.76243176470588
17,18,-6.46,6.659705882352942,8.421113122171946,-0.6104389140271493,-22.19937466063348
18,19,19.65,2.8867633136094675,8.484285996055226,6.294915187376725,-26.867339447731755
19,20,17.8,7.586171794871794,1.9530923076923075,-15.593417948717951,-13.908957692307691
20,21,16.16,4.918206106870229,5.252959287531807,-9.430931297709924,-32.27290737913486
21,22,15.86,10.439359832635983,-0.6996945606694561,-8.756230125523011,-20.932893514644352
22,23,19.73,0.8304999999999999,-4.287753886010363,-10.463709844559586,-24.89983886010363
23,24,19.33,-6.537123689727464,1.5425366876310271,-13.36614465408805,-21.93958742138365
24,25,12.06,-6.814199712643678,-2.7342227011494256,-6.708520114942529,-30.863901724137932
25,26,16.31,-11.004626062322947,8.388195467422095,-8.990501416430595,-18.398541359773372
26,27,20.2,2.0720708661417326,11.350653543307086,-8.548055118110236,-16.270772047244094
27,28,16.11,-2.763403100775194,8.298953488372094,-5.1876976744186045,-27.19553488372093
