,cluster_id,curvature,x,y,z,average_potential
0,1,21.05,-18.463669421487605,11.395376033057854,-1.742384297520661,-5.4328198347107435
1,2,14.42,-10.759900375939852,8.96016729323308,-4.887526315789474,-15.847412593984963
2,3,21.07,-14.606517857142856,3.1854071428571427,8.047160714285715,-13.567863928571427
3,4,10.95,-11.647549511854953,8.731662482566248,4.55489260808926,-14.67576847977685
4,5,8.1,-13.642858288770055,0.2260347593582887,-0.7432513368983957,-16.14741550802139
5,6,-1.26,-5.988604878048782,1.8595268292682925,6.680902439024391,-15.591320975609756
6,7,19.88,-10.971723270440252,-3.6615220125786156,4.887125786163521,-23.64092358490566
7,8,16.32,-5.645604534005037,-8.942632241813603,1.4004256926952139,-15.228987657430732
8,9,11.83,-1.7392645861601086,-6.201568521031208,8.418545454545454,-10.688765264586161
9,10,21.87,-2.9017660167130925,2.9535654596100276,-0.4995849582172701,-32.3728495821727
10,11,18.58,3.6262472222222226,3.982466666666667,-4.487811111111111,-17.441246666666665
11,12,14.57,1.3186006711409395,-6.337473154362416,-3.2649161073825503,-14.302930201342281
12,13,22.67,-4.105124423963133,-7.273944700460829,-10.711082949308755,-10.729002304147468
13,14,9.23,-6.735104838709677,-1.7339274193548386,-7.021193548387097,-14.499209139784945
14,15,-12.43,14.336454072790294,24.563490467937605,-4.999258232235702,-6.666204852686308
15,16,12.44,8.453283422459892,16.916371657754013,-4.393981283422461,-9.596199465240641
16,17,13.67,12.30492842942346,17.245662027833,-9.845980119284295,-9.978356262425446
17,18,20.02,5.3518127090301,-0.6195317725752507,-12.997702341137124,-9.998354180602005
18,19,20.8,4.243769430051813,5.948989637305699,-13.603150259067359,-10.52237823834197
19,20,12.12,4.2662898351648355,12.650570054945055,-11.472993131868131,-12.016936813186813
20,21,14.8,-2.940400576368876,6.23149855907781,-10.148974063400576,-12.935530259365994
