,cluster_id,curvature,x,y,z,average_potential
0,1,17.44,-14.871578313253014,-4.771653012048192,12.785662650602413,-11.33021325301205
1,2,18.65,-15.500629032258063,0.04644516129032261,19.77220322580645,-8.735047741935485
2,3,15.01,-10.650665975103735,2.5889232365145225,14.577813278008298,-12.108203319502076
3,4,20.91,-14.239892116182572,7.49958091286307,7.5755933609958515,-10.799009958506222
4,5,19.41,-19.63705466237942,6.359774919614147,-2.042048231511254,-8.410094855305466
5,6,11.58,-8.926346491228069,0.7710102339181288,1.8268260233918128,-18.816383040935673
6,7,16.15,-14.73089908256881,1.6821834862385323,-1.5335504587155964,-13.986500305810395
7,8,14.2,-12.53823947368421,1.6374,-6.773294736842105,-15.18531157894737
8,9,14.44,0.5146824561403509,2.662136842105263,2.827671929824562,-20.208021228070177
9,10,-14.56,-4.281084592145016,8.160235649546827,-1.040138972809668,-13.066425981873111
10,11,15.78,1.9942962226640157,9.189113320079523,-0.7001491053677933,-15.399462027833001
11,12,23.07,0.3371700000000001,-0.8265999999999999,10.275,-16.931331666666665
12,13,18.43,-5.848922330097087,2.0885825242718448,8.526126213592233,-21.60943851132686
13,14,17.52,-4.658038554216867,-6.824414457831326,3.3566409638554213,-16.078273734939756
14,15,14.94,-4.766873889875666,-7.766317939609236,10.278525754884546,-13.970516873889876
15,16,18.08,3.0971510067114094,-7.763795302013422,-7.227241610738255,-10.284967785234901
16,17,19.69,1.9492558139534883,-8.76192026578073,0.7216245847176079,-15.263765780730898
17,18,15.41,4.228068027210885,-3.388544217687075,-1.504421768707483,-19.47962857142857
18,19,13.07,10.717267525035766,5.428143061516452,0.9698297567954222,-13.799390414878397
19,20,12.39,3.858132608695652,-0.44162173913043484,-9.314219565217392,-14.924691086956521
20,21,15.04,8.970712041884816,2.6745410122164053,-6.949591623036649,-14.131855148342058
21,22,14.49,20.0332125,-10.896177083333331,10.350691666666668,-5.755936458333334
22,23,20.58,6.560837104072399,-2.86556334841629,7.885160633484163,-15.385540045248867
23,24,17.78,12.400136666666667,-7.955240000000001,11.670910000000001,-12.719282
24,25,14.75,12.71584362934363,-8.46731081081081,5.505667953667954,-12.666532625482626
