,cluster_id,curvature,x,y,z,average_potential
0,1,13.4,-0.01061674718196451,-15.562484702093398,-2.674169082125604,-15.039386795491142
1,2,11.75,4.455401459854015,-8.631343065693429,-0.14038686131386863,-26.2506700729927
2,3,13.18,5.191597449908925,-14.712692167577414,4.048670309653916,-12.736812750455375
3,4,13.43,-4.534882352941176,-1.143499051233397,9.556800759013282,-10.562373624288425
4,5,11.97,-5.995941644562335,-9.326090185676392,4.900103448275862,-18.995875862068967
5,6,-20.11,2.3867354260089684,-1.8670852017937218,4.614883408071749,-16.036955156950672
6,7,14.81,2.4826568848758463,-7.070489841986456,9.137636568848759,-12.293853047404063
7,8,12.2,1.7644829931972787,2.036656462585034,-5.023897959183673,-13.823238605442176
8,9,14.55,-9.145680786686839,-4.02601512859304,-1.5923827534039334,-13.78086354009077
9,10,13.45,-4.179323671497585,-8.589666666666668,-5.807144927536232,-18.38116231884058
10,11,-11.86,-0.9949421052631578,-2.3992543859649125,-0.4192298245614035,-25.346735263157896
11,12,14.84,21.084394736842107,17.5811484962406,-13.660787593984962,-10.869433834586467
12,13,16.93,24.283930722891565,21.134563253012047,-17.76636746987952,-8.672203012048193
13,14,11.03,25.01236605657238,20.648113144758735,-9.771051580698835,-11.809367387687187
14,15,13.78,27.544706689536877,28.353528301886794,-7.5163481989708405,-8.448357118353345
15,16,13.66,30.530556187766713,25.89072972972973,-14.490688477951636,-8.237984352773827
16,17,18.9,9.864414860681116,4.374105263157895,-1.313390092879257,-14.68585015479876
17,18,13.14,11.26237753222836,5.330267034990792,-7.82151197053407,-14.029563535911603
18,19,16.38,14.429316973415132,9.921218813905929,-6.615893660531698,-15.362956237218814
19,20,15.1,20.77496046511628,13.844920930232558,-6.589137209302326,-10.075855348837209
20,21,13.81,15.417323467230444,14.939327695560253,-12.61681818181818,-12.119867653276954
