,cluster_id,curvature,x,y,z,average_potential
0,1,12.16,-9.051059405940594,4.695227722772277,4.473603960396039,-10.343591513437056
1,2,18.39,-11.913222641509433,8.760709433962264,9.891981132075472,-10.014999245283018
2,3,11.84,-13.928055023923445,0.41066507177033496,8.434454545454544,-10.74967129186603
3,4,15.3,-14.81670283018868,2.4875259433962262,14.516662735849057,-11.828389150943396
4,5,10.86,-11.384850094876661,6.8035578747628085,17.259504743833016,-8.701095256166983
5,6,12.7,-14.663216123499144,-1.8883756432246999,21.841224699828476,-6.131510977701544
6,7,-12.14,-16.062657937806872,5.634011456628478,24.08282487725041,-5.357890834697217
7,8,20.63,-5.1960412844036705,6.821052752293578,-1.3900389908256878,-13.11700986238532
8,9,18.16,-0.31037267080745334,3.7566583850931674,-5.524530020703935,-10.615317805383023
9,10,15.92,10.829366522366522,8.53463924963925,-3.6650808080808086,-10.822403030303029
10,11,16.76,3.9895721739130434,8.56370956521739,-10.739172173913044,-13.131023652173914
11,12,15.7,4.303112050739958,1.812063424947146,-14.161262156448203,-8.77171754756871
12,13,13.83,5.526322851153041,-5.829561844863732,-12.40058280922432,-11.46892955974843
13,14,11.46,18.650318104906937,-1.1734788494077832,-1.0005465313028767,-11.170420473773268
14,15,13.51,10.876475920679887,1.007985835694051,-6.196201133144476,-12.442615297450427
15,16,14.84,11.700563706563706,-5.521235521235521,-4.389685328185328,-11.316284362934365
