,cluster_id,curvature,x,y,z,average_potential
0,1,13.72,21.02687764705882,16.34115294117647,-38.511677647058825,-4.332427764705883
1,2,12.88,20.156728365384616,16.21009735576923,-30.482114182692307,-7.491594230769231
2,3,14.74,16.787979245283015,15.330892452830188,-22.808830188679245,-9.868007358490567
3,4,10.9,12.268179133858267,13.667173228346455,-19.776452755905513,-8.405555118110236
4,5,13.76,9.028117647058824,8.201588235294118,-19.229022312373225,-11.393581744421907
5,6,15.91,5.691638989169675,8.851761732851985,-10.235888086642598,-8.741731046931408
6,7,-11.07,2.705421474358974,5.024764423076924,-16.224286858974356,-15.277843108974361
7,8,13.14,-1.9111808731808733,-0.07936174636174637,-2.883029106029106,-11.906833056133056
8,9,15.45,1.6728624833110814,1.3978971962616824,-8.965321762349799,-14.115548464619492
9,10,19.74,-24.570451219512197,-1.7550813008130086,17.47210569105691,-3.2238036585365855
10,11,16.01,-22.57855084745762,4.72881779661017,12.503561440677966,-6.910135593220339
11,12,15.22,-19.399600418410042,4.321717573221758,18.28203347280335,-8.078162970711297
12,13,14.35,-5.535841807909605,0.6755047080979284,5.309007532956685,-10.474463653483992
13,14,13.71,-8.172089743589742,0.8708675213675214,-0.9480299145299147,-11.114872649572648
14,15,-11.75,-14.619038229376258,3.6302635814889337,2.8049356136820927,-9.088102213279678
15,16,9.16,-14.638679916317992,5.832968619246862,9.477048117154812,-8.935684518828452
16,17,14.04,-15.84909736842105,-0.9268026315789474,9.960334210526314,-9.268718157894737
