,cluster_id,curvature,x,y,z,average_potential
0,1,7.1,3.3443231810490692,-22.370104906937396,-12.310666666666668,-14.701960236886633
1,2,11.95,3.1611653846153844,-18.149626923076923,-4.511850000000001,-12.491724615384614
2,3,-13.3,7.680018766756032,-17.910560321715817,-8.234670241286864,-15.937045576407506
3,4,13.4,13.867043604651162,-19.50951453488372,-12.377552325581394,-12.410771511627907
4,5,-13.01,14.228193359375,-22.590322265624998,-6.7607011718750005,-10.702992187500001
5,6,14.0,8.479418940609952,-28.592863563402886,-9.684431781701445,-12.537070786516855
6,7,14.62,15.017114285714285,-28.28787218045113,-15.660827067669175,-11.39699218045113
7,8,-15.85,15.283555970149251,-4.594182835820895,-5.004858208955224,-10.530474253731343
8,9,19.51,17.160824797843667,-4.12277358490566,-13.951738544474392,-8.477350673854449
9,10,11.57,10.476080188679246,0.35992924528301895,-11.976663522012577,-14.028790251572328
10,11,15.2,17.49942496050553,2.2032101105845183,-9.774932069510271,-10.930873617693523
11,12,20.09,9.308609467455621,1.7043224852071006,1.957139053254438,-11.978471597633137
12,13,12.68,9.735882352941175,2.24131845841785,-4.098265720081136,-13.669283164300202
13,14,18.09,1.309714659685864,1.7008691099476438,-5.316657068062828,-13.940863874345549
14,15,11.23,0.39216305732484086,2.3057757961783443,1.5611375796178344,-13.477884585987262
15,16,-20.35,-10.510252136752136,-9.970222222222223,6.905141025641025,-9.198801282051281
16,17,15.36,-16.761628205128208,-4.400248397435898,8.67601282051282,-11.78127948717949
17,18,14.89,-1.0663653333333334,4.948197333333334,9.358157333333335,-12.0172352
18,19,13.32,-6.4259633401222,2.568674134419552,4.2202443991853364,-13.71788737270876
19,20,16.55,-7.8348648648648656,4.655858627858628,13.034365904365904,-10.857925779625779
20,21,18.18,-14.781038647342994,2.497606280193237,10.693234299516908,-9.833264009661836
21,22,-14.81,-9.685321766561513,-2.1206119873817038,9.580695583596215,-16.475112776025234
22,23,14.92,-15.228495744680849,-8.480778723404256,0.8982212765957446,-14.378521063829787
23,24,-24.5,-13.240430000000002,-13.589605,-2.35714,-14.481713
24,25,15.96,-7.82798814229249,-11.827434782608695,-1.068013833992095,-12.531851778656128
25,26,15.97,-1.6587113594040965,-15.06145810055866,-9.141638733705772,-11.782944878957169
26,27,-15.74,-5.451984555984557,-9.399054054054053,-6.492324324324325,-8.803833590733591
27,28,-11.63,-0.17505197505197512,-12.78995426195426,-2.033284823284823,-10.777613513513515
