,cluster_id,curvature,x,y,z,average_potential
0,1,14.98,16.441992753623186,4.551847826086957,-28.53286231884058,-6.784127173913043
1,2,13.8,18.208442857142856,-0.4716875,-22.287819642857144,-7.782419285714284
2,3,19.37,12.164479797979798,4.052848484848485,-23.144565656565657,-16.944791414141413
3,4,16.5,14.083445820433434,-0.7890340557275541,-16.503727554179566,-10.696315479876162
4,5,18.89,0.7450300000000002,-0.8008575,-13.3316525,-18.93902125
5,6,-9.51,-4.81650243902439,3.3889691056910576,-10.641086178861789,-25.41109235772358
6,7,16.9,4.3729385964912275,5.540412280701754,-21.287791666666667,-13.202752631578948
7,8,13.61,8.421274,1.9793680000000002,-16.734370000000002,-16.492239800000004
8,9,20.4,3.1712322834645668,12.595232283464568,-17.264515748031496,-6.630683858267717
9,10,14.03,-1.2789477401129943,7.163824858757063,-17.241629943502826,-17.256774717514126
10,11,15.03,1.4470562851782363,-2.0291575984990624,-1.7878480300187616,-20.761843902439026
11,12,18.35,-9.281839473684212,-8.158284210526316,-3.7401605263157895,-21.468048157894735
12,13,22.16,-7.323896935933149,-5.230766016713092,-10.50824512534819,-17.740079108635097
13,14,-3.95,-1.0111658291457288,-5.617020100502513,-7.201371859296483,-20.162841708542715
14,15,17.97,-8.088503333333334,7.961756666666667,-6.368710000000001,-19.373496666666668
15,16,-0.92,-11.196227074235807,0.5634978165938864,-4.315087336244541,-21.215414847161572
16,17,10.03,-3.583834745762712,7.556957627118644,0.18196610169491514,-21.06021694915254
17,18,17.22,-3.0974272517321015,2.3931408775981526,5.461903002309469,-22.52145981524249
18,19,18.39,-11.991676557863501,4.527833827893176,6.798359050445104,-15.819811572700296
19,20,-10.9,-12.430224242424243,3.4318545454545455,1.5473878787878788,-19.073440606060604
20,21,19.23,-13.742225950782997,9.772686800894853,1.718364653243848,-10.557723937360178
21,22,-13.62,-23.32015457413249,-2.0321482649842273,11.342695583596214,-9.537000157728706
22,23,12.82,-17.576795952782465,3.1990151770657675,14.001586846543002,-8.872689376053964
23,24,17.08,-8.980195419847329,-0.5814442748091603,12.701268702290076,-19.3144920610687
24,25,14.51,-13.439171693735497,-6.391679814385149,3.78168909512761,-14.784886078886313
25,26,14.35,-4.569536637931035,-6.475176724137931,5.4285172413793115,-19.85494547413793
