,cluster_id,curvature,x,y,z,average_potential
0,1,-15.48,-2.543860795454546,2.290025568181818,1.8363721590909092,-29.85192159090909
1,2,14.26,-0.4517802469135802,11.067234567901233,-0.33160987654320984,-17.355030370370372
2,3,15.97,-6.348339652448657,8.544947867298578,-3.964529225908373,-14.036303159557662
3,4,14.82,-8.613703389830508,-0.013594632768361621,-6.473803672316385,-14.38856257062147
4,5,18.86,1.6430335820895523,-2.030710820895522,-10.140888059701492,-12.687822388059702
5,6,15.03,-4.5587445482866045,-7.376464174454828,3.5269408099688477,-19.10783738317757
6,7,14.79,-8.499377431906616,-7.399923476005188,9.763566796368353,-11.624625291828794
7,8,18.79,-2.1768535353535357,-6.852828282828281,-3.117590909090909,-19.785956565656566
8,9,-5.6,3.979043824701195,-8.977474103585658,-2.648701195219124,-19.109449999999995
9,10,19.74,8.180473429951691,-11.22283574879227,7.22724154589372,-12.5025422705314
10,11,12.87,1.0826292517006804,-11.975627551020407,10.204568027210884,-19.54873911564626
11,12,15.2,9.932723484848484,4.0086382575757575,1.249660984848485,-23.372864393939395
12,13,14.14,4.072664102564103,7.335548717948717,-6.797238461538462,-16.627629743589743
13,14,12.68,9.820939325842698,1.4723977528089887,-6.433530337078651,-12.754479325842697
14,15,-15.8,14.570154411764705,-5.521578431372549,6.051524509803921,-11.393404656862744
15,16,21.64,7.115967105263158,-4.266131578947369,6.143496710526316,-30.683516776315795
16,17,17.85,0.2959557522123895,-1.5760884955752215,13.04917256637168,-16.283446607669617
17,18,13.9,8.04596325878594,6.627698083067093,12.173777955271566,-10.949646325878593
18,19,20.35,3.6442363977485925,4.081245778611632,7.442035647279549,-26.072781988742964
