,cluster_id,curvature,x,y,z,average_potential
0,1,17.63,3.0051984334203654,-5.9335039164490855,-6.99419321148825,-16.697195561357702
1,2,11.94,0.49231837606837603,-7.963155982905982,4.52055982905983,-15.78878141025641
2,3,14.25,3.192267605633803,-12.476535211267606,-0.18292488262910803,-17.37442089201878
3,4,13.64,5.282980815347721,-5.472589928057554,3.4784388489208626,-14.942901438848919
4,5,27.09,-1.3678247422680412,4.314654639175258,2.4239536082474227,-19.67265824742268
5,6,20.57,0.004317796610169575,-1.4660805084745763,5.736822033898305,-18.75377881355932
6,7,16.8,-4.25647794117647,-11.50239705882353,-3.825233455882353,-11.719908088235295
7,8,11.16,-6.4205983717774755,-4.870362279511534,0.1967896879240163,-23.17491478968792
8,9,17.11,1.32955625,15.757078124999998,1.809978125,-7.586964374999999
9,10,-12.68,4.039209900990099,10.045576237623761,1.7810415841584157,-13.936679207920792
10,11,25.28,6.887752032520325,5.448215447154471,-9.62180487804878,-6.917542682926829
11,12,-15.81,2.6392024793388424,2.3217747933884296,-3.7490289256198346,-23.766271074380168
12,13,17.29,5.168879032258064,-1.182989247311828,0.4826747311827957,-22.095178494623656
13,14,-16.51,8.121226775956284,4.350308743169399,-1.193584699453552,-12.895437431693988
14,15,23.1,-12.360190163934426,7.130019672131146,10.352488524590164,-14.080256393442621
15,16,22.06,-7.229984375000001,1.9974713541666667,8.071518229166665,-11.215604947916667
16,17,18.71,-14.574075757575757,0.9911878787878787,3.086433333333334,-9.311916666666667
17,18,16.18,-11.496717117117116,6.523918918918918,2.7036882882882884,-16.562756216216215
18,19,16.65,-9.736031152647975,11.234563862928349,-7.578436137071651,-10.673921495327104
19,20,-13.35,-13.020859410430841,3.2244149659863948,-12.539337868480725,-8.4693231292517
20,21,15.56,-1.102516083916084,3.5844993006993007,-9.902833566433566,-14.535947972027971
21,22,12.01,-7.552783216783217,-3.107391608391608,-8.980895104895104,-9.42868006993007
22,23,-15.31,-6.1231868131868135,5.585172161172161,-3.0014285714285713,-22.515419413919417
23,24,18.81,-11.830880398671097,1.4082724252491698,-4.7110564784053155,-17.99496611295681
