,cluster_id,curvature,x,y,z,average_potential
0,1,13.23,9.679399286987522,11.980222816399289,-15.89832798573975,-14.212992335115864
1,2,-9.53,4.898310679611651,8.707866019417475,-17.045784466019416,-13.169062330097088
2,3,22.1,19.73771276595745,22.65222340425532,-13.501436170212767,-4.170312765957447
3,4,11.53,12.07221492921493,19.83358301158301,-14.515715572715571,-10.884237837837837
4,5,15.44,3.766386928104575,-4.8880091503267975,-5.702949019607843,-11.707672287581698
5,6,18.67,11.619694805194806,0.31558116883116877,-6.8702987012987,-12.238714610389613
6,7,-12.55,5.813432653061225,1.4400938775510204,-11.715791836734695,-16.50386163265306
7,8,19.09,13.053437142857142,6.194897142857143,-18.927974285714285,-21.637570285714283
8,9,13.68,10.998894531250002,-0.8971015625000001,-20.952200520833333,-15.269877604166666
9,10,18.56,18.01538837920489,2.9335290519877675,-13.532318042813454,-12.742794189602447
10,11,15.61,13.826648451730419,-6.200417122040072,-14.694852459016394,-11.122014936247723
11,12,12.89,-37.49660393873086,0.1633687089715537,26.467020787746172,-8.802351969365425
12,13,-17.7,-33.90738108882521,0.9795272206303726,19.91525787965616,-13.53703553008596
13,14,13.13,-28.928695067264574,0.5720919282511211,26.59287219730942,-10.239836995515695
14,15,14.6,-26.676164772727272,-5.635350378787879,20.419242424242427,-12.992212689393938
15,16,13.88,-26.499195445920304,3.1103320683111955,17.41537950664137,-11.171181214421251
16,17,18.78,-2.4042683307332293,-1.2428112324492981,-3.437435257410296,-12.779404524180967
17,18,-3.51,-7.184275471698114,-5.213083018867925,-0.47996226415094345,-12.242941132075472
18,19,19.74,-7.077570786516855,1.9121730337078653,1.5539977528089888,-10.989714606741575
19,20,-23.62,-19.137843373493972,4.158638554216868,15.919200803212851,-10.726813253012047
20,21,-16.82,-13.738078481012659,1.1648962025316456,14.845245569620253,-13.91898911392405
21,22,-12.78,-20.71765799256506,1.1837732342007432,8.588732342007434,-14.454004832713755
22,23,12.69,-21.040688311688314,-3.4481493506493504,15.08964935064935,-14.710116883116884
23,24,-16.23,-15.405111731843578,-7.066594972067039,11.441684357541899,-10.023569273743016
24,25,14.55,-13.203248251748251,-5.221676573426573,4.321987762237764,-13.886912937062936
25,26,20.06,-10.979039087947882,3.3366384364820845,7.416951140065146,-14.140276221498372
26,27,16.24,-5.947825892857143,-3.8195967261904764,9.298986607142856,-12.593585863095237
