,cluster_id,curvature,x,y,z,average_potential
0,1,12.19,-0.3082009925558312,1.1642828784119108,-22.345962779156324,-12.542417617866004
1,2,14.36,-0.6756751740139212,-2.504951276102088,-18.944839907192577,-12.275258236658933
2,3,12.69,5.126150303030302,7.408677575757575,-22.05995393939394,-10.045805575757576
3,4,14.94,7.992349834983497,6.502988448844884,-28.494882838283832,-7.433620627062706
4,5,-12.35,-3.533232142857143,-13.718226190476193,-13.219710317460319,-10.843386904761905
5,6,-12.79,-1.3227245222929938,-6.677633757961783,-14.692046178343949,-12.030612898089172
6,7,14.18,-4.212249999999999,7.352633435582821,-4.000165644171779,-13.521338190184046
7,8,-16.0,-5.070682795698924,5.343599462365591,-13.886365591397851,-9.99847311827957
8,9,-12.32,2.6915064935064934,6.79930735930736,-11.630673881673882,-12.697957864357862
9,10,15.3,17.892351706036745,-4.771031496062992,6.385580052493438,-12.580865616797897
10,11,12.4,17.767101596516692,-11.269748911465893,3.967007256894049,-9.515455007256895
11,12,16.88,11.340453642384105,-7.9865794701986745,0.14985430463576155,-14.714998013245033
12,13,12.18,10.504023041474655,-1.7671382488479266,-1.594036866359447,-16.491393548387098
13,14,10.03,8.924744117647057,-4.465035294117647,8.56605294117647,-17.41491411764706
14,15,12.57,12.759262711864405,3.749158898305085,3.7049745762711868,-12.387635593220338
15,16,-4.82,5.295653256704981,3.0566321839080457,7.646946360153257,-20.415113218390804
16,17,-12.97,0.8863978260869565,-2.68535,4.113186956521739,-20.900817826086957
17,18,17.29,0.0012055837563451632,-3.9443959390862946,10.418682741116752,-17.4164152284264
18,19,11.01,-11.352832451499118,0.7579312169312169,19.240915343915344,-9.807800881834217
19,20,16.39,-10.965224696356275,5.873886639676113,15.51943117408907,-10.306866599190283
20,21,13.91,-7.150615071283096,0.01602240325865584,9.298022403258654,-23.079639307535643
21,22,18.45,-1.6155611510791366,0.6165755395683454,15.9230551558753,-13.464281534772184
22,23,-10.86,-3.7366759002770085,6.316379501385041,3.8477922437673127,-20.301810803324102
23,24,-16.64,-3.7821083032490974,9.093324909747292,11.340942238267148,-18.796084837545123
24,25,16.22,-9.620091304347827,10.048426086956521,8.947982608695652,-14.896110869565216
