,cluster_id,curvature,x,y,z,average_potential
0,1,18.67,-2.2365083612040135,4.297986622073578,1.9328411371237457,-16.180340802675584
1,2,16.29,-0.8236119791666666,0.10254947916666642,-3.2949687500000002,-14.533807552083337
2,3,15.27,4.503839662447257,-2.861987341772152,-6.121919831223628,-19.9994099859353
3,4,17.41,9.738655072463768,0.7252753623188408,-0.5086492753623189,-12.691286666666665
4,5,22.63,3.7827676991150443,-2.409426991150443,3.246283185840708,-14.694808849557523
5,6,18.46,10.502958217270194,-8.887974930362118,-10.548518105849583,-10.962340389972145
6,7,13.1,14.808836944127707,-2.761673888255416,-6.871462941847206,-11.613869099201825
7,8,18.27,7.437247272727273,-3.251621818181819,-20.38846181818182,-16.01105781818182
8,9,-13.32,11.65288078291815,-4.0120000000000005,-14.880350533807832,-16.504957295373664
9,10,16.57,10.058750623441396,3.172900249376559,-17.286104738154613,-9.167130423940149
10,11,12.26,3.149730103806228,0.15170069204152248,-15.463927335640141,-15.74414134948097
11,12,18.44,-7.909186335403728,-5.582167701863354,-21.269114906832296,-11.486348136645963
12,13,11.32,-3.241418693982074,-3.069959026888604,-18.354761843790012,-12.593473879641483
13,14,-12.29,-7.597176724137931,-21.955788793103448,-28.080617816091955,-7.096058045977013
14,15,14.36,-6.570429213483147,-18.330793258426965,-20.98832359550562,-8.106714606741575
15,16,10.95,-0.5678949938949939,-13.823503052503053,-17.863286935286936,-12.233249084249085
16,17,11.27,-21.56698240165631,1.9091118012422361,27.018920289855075,-7.605782919254658
17,18,-13.79,-31.266904639175255,2.883412371134021,40.2540412371134,-2.93317087628866
18,19,11.87,-25.249235114503815,1.4365068702290076,36.06885954198473,-5.018841984732824
19,20,11.16,-15.565709117221417,5.052638205499276,10.154512301013025,-10.489741678726483
20,21,-14.94,-21.10799388379205,1.1034556574923549,18.09053516819572,-9.328866972477064
21,22,-13.84,-17.366693766937672,-0.969460704607046,14.536425474254745,-12.380850406504063
22,23,-2.22,-9.018135135135136,2.1900150150150153,15.336405405405406,-10.718368168168167
23,24,11.94,-10.004789830508475,-2.5660593220338983,9.342416949152543,-11.15035186440678
24,25,14.17,-7.5140668449197845,5.386526737967914,6.952224598930482,-17.100311764705886
25,26,14.37,-8.250192982456142,-1.0296070175438596,0.8792842105263158,-15.823543157894738
26,27,14.7,-4.38372027972028,-5.719421911421912,6.20534965034965,-11.804628205128203
