,cluster_id,curvature,x,y,z,average_potential
0,1,14.6,-11.837102974828376,9.145446224256293,20.65877116704806,-17.05521281464531
1,2,-10.9,-6.523586592178771,5.55747113594041,18.76788454376164,-12.01081359404097
2,3,13.9,-14.534137190082644,2.3546644628099176,22.646345454545454,-13.457216198347107
3,4,13.15,-14.538076704545455,1.0889517045454544,14.36806534090909,-23.158535511363638
4,5,13.95,-16.109610696517414,-6.9693768656716415,12.615794776119406,-10.52972487562189
5,6,17.17,-19.08291637630662,7.830919860627176,3.9827491289198607,-10.876396864111497
6,7,12.03,-19.33980621572212,2.9512815356489948,9.311848263254113,-12.478248994515537
7,8,10.41,-8.276117073170731,0.9244512195121951,10.239570731707317,-16.205584878048782
8,9,13.65,-11.175813008130081,7.498668699186991,8.331552845528455,-21.895314837398377
9,10,-17.32,8.33519105691057,4.829512195121951,-11.131857723577236,-10.044582520325202
10,11,10.53,7.847037419354838,6.742910967741935,-17.91715870967742,-10.64019587096774
11,12,11.33,12.051551456310678,16.476761165048543,-22.62971650485437,-8.666491650485439
12,13,-12.03,15.453916666666666,11.071635416666666,-17.242104166666667,-9.467716145833334
13,14,17.0,18.989132850241546,13.532765700483093,-24.65153623188406,-9.038170772946861
14,15,-12.98,9.60517665615142,6.58740694006309,-25.608498422712934,-9.815144006309147
15,16,12.53,18.341406113537122,4.653004366812227,-23.863569868995633,-11.886452838427948
16,17,11.05,-10.789313868613137,4.040510948905109,0.9147664233576643,-15.91618102189781
17,18,21.94,-5.839805479452055,12.305723287671233,0.7844273972602741,-15.705681643835616
18,19,19.04,-13.255059171597637,10.001994082840236,-2.605266272189349,-15.482415680473375
19,20,18.5,-4.474078358208955,11.520083955223882,-5.772039179104477,-11.863341417910448
20,21,21.97,-0.40495801526717556,5.56336641221374,0.04040458015267175,-11.210003053435116
21,22,10.28,-3.8338163841807904,4.318576271186441,-6.989782485875706,-19.045760169491526
22,23,15.66,2.0213028322440088,10.913862745098038,-13.168411764705883,-10.39793725490196
23,24,14.65,3.057080508474576,4.320290254237288,-7.237400423728813,-11.22198029661017
