,cluster_id,curvature,x,y,z,average_potential
0,1,16.02,-9.869756183745585,-22.825173144876327,9.559950530035337,-4.541539575971731
1,2,16.82,-2.631995726495726,-14.810286324786325,13.19692307692308,-8.548844444444445
2,3,16.09,-8.444922465208746,-16.195874751491058,10.368882703777336,-11.16620337972167
3,4,17.45,3.0422333333333333,-9.074419607843137,6.404703921568627,-18.02517
4,5,9.55,-0.21330996309963102,-5.902649446494465,12.936841328413283,-11.649773800738009
5,6,18.92,-5.477053977272727,-9.059940340909092,10.572974431818182,-16.02777414772727
6,7,18.98,6.573637223974763,-6.963107255520506,-2.281741324921136,-18.81119621451104
7,8,-10.96,0.7987450980392156,-2.43286862745098,-5.566825490196079,-24.204461764705883
8,9,-13.87,-0.5649408866995074,-12.726736453201971,-2.2913645320197045,-13.647775615763548
9,10,12.78,-4.729696324951645,-7.560092843326886,-1.8114758220502905,-20.101640618955514
10,11,10.66,5.842271084337351,12.913519277108433,-12.104180722891568,-12.291731445783132
11,12,15.13,15.943513274336285,13.255365044247789,-15.925977876106193,-8.756424336283185
12,13,13.89,9.516194605009634,11.920709055876685,-17.196847784200386,-12.372165125240848
13,14,20.95,-9.637195652173913,1.8088777173913044,1.1211983695652175,-19.63723804347826
14,15,14.48,-8.226660899653979,8.781321799307957,6.220373702422146,-10.885401038062284
15,16,13.96,0.45596818181818194,1.1441454545454546,8.987563636363635,-19.253079545454543
16,17,17.94,-8.633978873239437,0.16329049295774647,9.951947183098591,-14.923816725352113
17,18,23.88,-6.0143180327868855,3.585924590163935,-5.541439344262296,-19.14481344262295
18,19,12.02,0.20851635111876074,7.685714285714285,-8.829163511187607,-16.524686402753872
19,20,23.99,2.858488970588235,8.100764705882353,6.607753676470588,-19.026605147058824
20,21,-16.41,0.168524861878453,7.176259668508288,-0.6919226519337016,-26.11834364640884
21,22,19.14,12.830784518828452,-0.8221631799163179,1.2894958158995817,-12.197782217573222
22,23,19.63,9.109857142857141,3.9733725490196075,-4.127053221288516,-13.199210924369748
23,24,18.31,8.74328400954654,4.362689737470167,4.992634844868735,-18.770249164677804
