,cluster_id,curvature,x,y,z,average_potential
0,1,12.48,-16.507380149812732,3.710994382022472,22.407985018726595,-7.495914419475655
1,2,15.4,-20.310528599605522,2.1223767258382646,14.757619329388561,-10.086104142011834
2,3,-13.34,-21.912905325443788,12.259063116370807,18.135244575936884,-9.233147731755423
3,4,12.3,-29.076667074663405,12.09264871481028,12.733761321909425,-7.593570379436964
4,5,23.04,-40.10506896551724,9.757896551724139,25.99718390804598,-5.697178544061303
5,6,19.5,-31.49719801980198,16.32083663366337,21.13399504950495,-7.987714356435644
6,7,13.26,-36.0766212121212,9.877204545454545,19.34450606060606,-5.8764978787878785
7,8,15.77,15.376371508379888,10.188748603351955,-12.704178770949722,-7.741248044692738
8,9,13.94,11.651315007429421,9.860185735512632,-17.68339970282318,-7.610873848439821
9,10,14.66,11.451428835489834,7.412201478743069,-7.874558225508319,-9.825911460258778
10,11,11.76,2.8173223249669745,8.807202113606342,-11.928565389696168,-11.050456671070014
11,12,-11.98,5.103681818181817,5.242301652892563,-5.661743801652893,-10.309196280991735
12,13,9.91,0.09458012820512816,2.9429022435897436,-7.9863621794871795,-9.658617948717948
13,14,13.78,-5.162587257617728,1.635016620498615,-7.676905817174514,-11.896181717451524
14,15,13.84,-10.48983774250441,-0.9304074074074073,-9.874541446208113,-7.983796825396825
15,16,18.5,-20.73515272727273,-1.812730909090909,7.9678981818181835,-5.678261454545455
16,17,-16.42,-17.56647042253521,3.3967690140845073,4.398360563380282,-10.203579154929576
17,18,13.66,-14.75074230769231,-7.97513846153846,-3.693903846153846,-8.509277692307693
18,19,16.85,-9.933383116883117,-1.9639448051948052,-2.5560974025974024,-12.585799999999999
19,20,15.65,-12.235060975609755,-1.915421951219512,5.286295121951221,-6.866159268292683
