,cluster_id,curvature,x,y,z,average_potential
0,1,13.54,3.4031046511627907,15.194051162790698,-26.868660465116278,-10.269630697674419
1,2,14.36,10.740305433186489,11.464236417033774,-26.35384875183554,-10.173528193832599
2,3,3.93,10.167201117318436,5.533463687150838,-23.001927374301676,-12.55601899441341
3,4,-13.09,3.5217737843551795,8.763262156448203,-22.54552642706131,-12.1239044397463
4,5,-15.77,11.88370105263158,9.202728421052631,-14.85574947368421,-13.54525705263158
5,6,10.7,8.597645547945206,0.3821301369863013,-15.490071917808217,-11.534021575342466
6,7,14.36,8.458757009345794,0.2594548286604361,-7.842199376947039,-10.430183489096574
7,8,10.25,6.447324120603015,7.609145728643215,-11.525994974874372,-21.042086180904523
8,9,-10.36,-9.98298181818182,6.325540909090909,21.086738636363638,-8.650037272727273
9,10,-13.24,-6.982072122052704,0.3589583911234397,25.51008321775312,-7.07282427184466
10,11,-4.96,-17.8061753371869,5.199360308285163,14.892473988439308,-17.701601926782274
11,12,14.63,-23.317056338028166,-0.761906103286385,14.03525352112676,-9.452978638497653
12,13,14.75,-16.361055137844613,-3.193681704260652,11.098398496240602,-11.97981829573935
13,14,-12.47,-10.50090789473684,-0.32632894736842105,16.99466447368421,-12.934890789473684
14,15,14.22,-17.214861764705883,-3.0245676470588236,21.00425,-15.730836764705884
15,16,20.47,-23.74998479087452,3.2041977186311783,22.14747908745247,-10.61001254752852
16,17,19.77,-16.394292875989446,1.3786543535620053,25.963554089709763,-11.883008970976253
17,18,13.91,-18.38473913043478,4.715921739130434,3.462147826086957,-10.321854782608696
18,19,15.13,-11.414677298311442,8.411538461538463,4.314465290806754,-12.92016904315197
19,20,-8.05,-12.25877445652174,1.198616847826087,6.86851902173913,-15.556770380434783
20,21,20.75,-4.406966139954854,1.5254221218961626,0.9789142212189617,-11.641150790067721
21,22,22.18,-9.957227083333333,5.489754166666667,-2.865189583333333,-15.27895
22,23,19.89,-3.562967320261438,8.14504357298475,-6.402047930283224,-16.241904357298473
23,24,13.21,1.701738794435858,3.64746058732612,-5.173714064914992,-13.184062287480678
